FLOOR	Dregg2.Crypto.SpongeReduction.CompressionCR	refuted	Dregg2.Crypto.SpongeCompressionRegrounded.brokenMachine_not_compressionCR	instance	discovered
FLOOR	Dregg2.Circuit.FriVerifier.CompressInjective	refuted	Dregg2.Circuit.FriCompressRegrounded.compressInjective_false_of_digest_width	parametric	discovered
FLOOR	Dregg2.Circuit.Emit.AttestedFactsRootModel.Hash4Injective	UNREFUTED	-	-	discovered
FLOOR	Dregg2.Distributed.StrandIntegrity.StrandForkFree	UNREFUTED	-	-	discovered
FLOOR	Dregg2.Apps.QueueRoot.LenBindCR	refuted	Dregg2.Apps.QueueRootFloorRegrounded.lenBindCR_false_blake3	parametric	named
FLOOR	Dregg2.Authority.Blocklace.Lace.Canonical	UNREFUTED	-	-	discovered
FLOOR	Dregg2.Authority.MacaroonDischarge.BindingHashCR	refuted	Dregg2.Crypto.FactoryBindingFloorRegrounded.bindingHashCR_false_of_compressing	parametric	named
FLOOR	Dregg2.Circuit.Emit.ShieldedWideValueLinkDescriptor.WideBindingCR	UNREFUTED	-	-	discovered
FLOOR	Dregg2.Circuit.Blake3FloorReduce.Blake3NoCollision	refuted	Dregg2.Circuit.Blake3FloorReduce.blake3_noCollision_false_of_finite_digest	parametric	discovered
FLOOR	Dregg2.Apps.QueueRoot.PairCR	refuted	Dregg2.Apps.QueueRootFloorRegrounded.pairCR_false_of_finite_range	parametric	named
FLOOR	Dregg2.Circuit.StateCommit.cellLeafInjective	refuted	Dregg2.Circuit.StateCommitFloorRegrounded.cellLeafInjective_false_of_finite_range	parametric	named
FLOOR	Dregg2.Apps.QueueRoot.LeafCR	refuted	Dregg2.Apps.QueueRootFloorRegrounded.leafCR_false_of_compressing	parametric	named
FLOOR	Dregg2.Crypto.Segmentation.SplitUniqueAt	UNREFUTED	-	-	discovered
FLOOR	Dregg2.Deos.InAirAuthorityDigestGadget.FloorDigestBinds	refuted	Dregg2.Deos.InAirAuthorityFloorRegrounded.floorDigestBinds_false_babyBear	parametric	discovered
FLOOR	Dregg2.Circuit.CouncilCommit.RosterCR	refuted	Dregg2.Circuit.CouncilRosterRegrounded.rosterCR_false_babyBear	parametric	discovered
FLOOR	Dregg2.Crypto.HermineHintMLWE.HashCR	refuted	Dregg2.Crypto.HashRandRefinement.hashrand_equivocation_breaks_hashcr	parametric	named
FLOOR	Dregg2.Circuit.StateCommit.compressInjective	refuted	Dregg2.Circuit.HashFloorHonesty.compressInjective_false_of_finite_range	parametric	named
FLOOR	Dregg2.Crypto.XmVrfRefinement.Injective3	UNREFUTED	-	-	discovered
FLOOR	Dregg2.Apps.QueueRoot.RootCR	refuted	Dregg2.Apps.QueueRootFloorRegrounded.rootCR_false_of_finite_range	parametric	named
FLOOR	Dregg2.Circuit.DeployedCapTree.Compress8CR	refuted	Dregg2.Circuit.VacuitySweepTeeth.deployedCap8Scheme_chip_not_Compress8CR	instance	named
FLOOR	Dregg2.Crypto.RandomnessBeacon.HonestSlotCR	refuted	Dregg2.Crypto.BeaconSlotRegrounded.honestSlotCR_false_of_compressing	parametric	discovered
FLOOR	Dregg2.Circuit.Emit.AutomataflRevealRefine.Hash4NoCollision	UNREFUTED	-	-	discovered
FLOOR	Dregg2.Crypto.CommitmentBinding.Compress1CR	refuted	Dregg2.Crypto.FactoryBindingFloorRegrounded.compress1CR_field_uninhabitable_babyBear	parametric	named
FLOOR	Dregg2.Spike.EffectVmConstraints2.CommitTreeInjective	refuted	Dregg2.Spike.CommitTreeRegrounded.commitTreeInjective_false_babyBear	parametric	discovered
FLOOR	Dregg2.Apps.PreRotation.KeySetCR	refuted	Dregg2.Apps.PreRotationKeySetRegrounded.keySetCR_false_blake3	parametric	named
FLOOR	Dregg2.Circuit.Blake3FloorReduce.MacPrfShape	refuted	Dregg2.Circuit.Blake3FloorReduce.macPrfShape_false_of_bounded	parametric	discovered
FLOOR	Dregg2.Distributed.ThresholdDecrypt.Blake3Prf	refuted	Dregg2.Circuit.Blake3FloorReduce.blake3Prf_false_of_bounded	instance	discovered
FLOOR	Dregg2.Circuit.Poseidon2Binding.Poseidon2SpongeCR	refuted	Dregg2.Circuit.FinInjectivityCollapse.collapse_needs_CR	instance	named
FLOOR	Dregg2.Crypto.HomomorphicDigest.SumInjective	refuted	Dregg2.Crypto.HomomorphicDigestPositioned.demo_zeroVals_not_sumInjective	instance	discovered
FLOOR	Dregg2.Circuit.StateCommit.logHashInjective	refuted	Dregg2.Circuit.LogCommitRegroundedRom.logColl_width_note	parametric	named
FLOOR	Dregg2.Circuit.ShieldedWideJoinPin.CrossSchemeSameOpening	UNREFUTED	-	-	discovered
FLOOR	Dregg2.Circuit.StateCommit.compressNInjective	refuted	Dregg2.Circuit.HashFloorHonesty.compressNInjective_false_of_finite_range	parametric	named
FLOOR	Dregg2.Exec.Factory.HashInjective	refuted	Dregg2.Crypto.FactoryBindingFloorRegrounded.hashInjective_false_of_finite_range	instance	named
FLOOR	Dregg2.Crypto.Lattice.MSISHard	refuted	Dregg2.Crypto.CryptoFloorTeeth.not_msisHard_augmented_id	instance	named
FLOOR	Dregg2.Circuit.HashFloorHonesty.CollisionResistant	refuted	Dregg2.Crypto.HermineHashCRRegrounded.badCR_family_not_CR	instance	named
CARRIER	Dregg2.Apps.PreRotation.rotate_compromise_resistant	Dregg2.Apps.PreRotation	Dregg2/Apps/PreRotation.lean	188	198	thm	endpoint	eq	0	Dregg2.Apps.PreRotation.KeySetCR	-
CARRIER	Dregg2.Apps.PreRotation.rotate_install_unique	Dregg2.Apps.PreRotation	Dregg2/Apps/PreRotation.lean	200	210	thm	endpoint	eq	0	Dregg2.Apps.PreRotation.KeySetCR	simp
CARRIER	Dregg2.Apps.PreRotation.rotChain_pinned_by_commitments	Dregg2.Apps.PreRotation	Dregg2/Apps/PreRotation.lean	232	266	thm	endpoint	and	0	Dregg2.Apps.PreRotation.KeySetCR	simp
CARRIER	Dregg2.Apps.PreRotation.rotateStepCooled_compromise_resistant	Dregg2.Apps.PreRotation	Dregg2/Apps/PreRotation.lean	330	337	thm	threader	eq	1	Dregg2.Apps.PreRotation.KeySetCR	simp
CARRIER	Dregg2.Apps.PreRotation.preimage_blocks_cooled_rotation	Dregg2.Apps.PreRotation	Dregg2/Apps/PreRotation.lean	352	362	thm	threader	and	1	Dregg2.Apps.PreRotation.KeySetCR	simp
CARRIER	Dregg2.Apps.PreRotation.rotateWrite_compromise_resistant	Dregg2.Apps.PreRotation	Dregg2/Apps/PreRotation.lean	448	457	thm	endpoint	eq	0	Dregg2.Apps.PreRotation.KeySetCR	simp
CARRIER	Dregg2.Apps.PreRotation.demoHash_CR	Dregg2.Apps.PreRotation	Dregg2/Apps/PreRotation.lean	520	524	thm	embedded	opaque-pred	0	Dregg2.Apps.PreRotation.KeySetCR	emb-conc
CARRIER	Dregg2.Apps.PreRotation.badHash_not_CR	Dregg2.Apps.PreRotation	Dregg2/Apps/PreRotation.lean	530	531	thm	embedded	not	0	Dregg2.Apps.PreRotation.KeySetCR	neg-conc
CARRIER	Dregg2.Apps.PreRotationKeySetRegrounded.keySetCR_false_of_finite_range	Dregg2.Apps.PreRotationKeySetRegrounded	Dregg2/Apps/PreRotationKeySetRegrounded.lean	101	107	thm	embedded	not	0	Dregg2.Apps.PreRotation.KeySetCR	neg-conc
CARRIER	Dregg2.Apps.PreRotationKeySetRegrounded.keySetCR_false_blake3	Dregg2.Apps.PreRotationKeySetRegrounded	Dregg2/Apps/PreRotationKeySetRegrounded.lean	109	116	thm	embedded	not	0	Dregg2.Apps.PreRotation.KeySetCR	neg-conc,refut-witness
CARRIER	Dregg2.Apps.PreRotationKeySetRegrounded.keySetCR_false_babyBear	Dregg2.Apps.PreRotationKeySetRegrounded	Dregg2/Apps/PreRotationKeySetRegrounded.lean	118	122	thm	embedded	not	0	Dregg2.Apps.PreRotation.KeySetCR	neg-conc
CARRIER	Dregg2.Apps.PreRotationKeySetRegrounded.keySetFamily_CR_of_keySetCR	Dregg2.Apps.PreRotationKeySetRegrounded	Dregg2/Apps/PreRotationKeySetRegrounded.lean	183	190	thm	embedded	opaque-pred	0	Dregg2.Apps.PreRotation.KeySetCR,Dregg2.Circuit.HashFloorHonesty.CollisionResistant	emb-conc,emb-binder
CARRIER	Dregg2.Apps.PreRotationKeySetRegrounded.keySetFamily_CR_of_injective	Dregg2.Apps.PreRotationKeySetRegrounded	Dregg2/Apps/PreRotationKeySetRegrounded.lean	417	425	thm	embedded	opaque-pred	0	Dregg2.Circuit.HashFloorHonesty.CollisionResistant	emb-conc
CARRIER	Dregg2.Apps.QueueRoot.dequeue_proof_pins	Dregg2.Apps.QueueRoot	Dregg2/Apps/QueueRoot.lean	246	265	thm	endpoint	and	0	Dregg2.Apps.QueueRoot.RootCR,Dregg2.Apps.QueueRoot.LeafCR	simp
CARRIER	Dregg2.Apps.QueueRoot.dequeue_forgery_refused	Dregg2.Apps.QueueRoot	Dregg2/Apps/QueueRoot.lean	267	284	thm	threader	eq	1	Dregg2.Apps.QueueRoot.RootCR,Dregg2.Apps.QueueRoot.LeafCR	-
CARRIER	Dregg2.Apps.QueueRoot.stale_proof_refused	Dregg2.Apps.QueueRoot	Dregg2/Apps/QueueRoot.lean	303	319	thm	endpoint	eq	0	Dregg2.Apps.QueueRoot.RootCR	simp
CARRIER	Dregg2.Apps.QueueRoot.dequeue_proof_unique	Dregg2.Apps.QueueRoot	Dregg2/Apps/QueueRoot.lean	321	336	thm	endpoint	and	0	Dregg2.Apps.QueueRoot.RootCR,Dregg2.Apps.QueueRoot.LeafCR	simp
CARRIER	Dregg2.Apps.QueueRoot.strict_dequeue_proof_pins	Dregg2.Apps.QueueRoot	Dregg2/Apps/QueueRoot.lean	356	366	thm	threader	and	1	Dregg2.Apps.QueueRoot.RootCR,Dregg2.Apps.QueueRoot.LeafCR	-
CARRIER	Dregg2.Apps.QueueRoot.queueDequeueProven_pins_root_transition	Dregg2.Apps.QueueRoot	Dregg2/Apps/QueueRoot.lean	481	499	thm	threader	and	1	Dregg2.Apps.QueueRoot.RootCR,Dregg2.Apps.QueueRoot.LeafCR	simp
CARRIER	Dregg2.Apps.QueueRoot.queueDequeueProven_refuses_forgery	Dregg2.Apps.QueueRoot	Dregg2/Apps/QueueRoot.lean	501	516	thm	threader	eq	1	Dregg2.Apps.QueueRoot.RootCR,Dregg2.Apps.QueueRoot.LeafCR	simp
CARRIER	Dregg2.Apps.QueueRoot.queueDequeueProven_refuses_stale	Dregg2.Apps.QueueRoot	Dregg2/Apps/QueueRoot.lean	518	532	thm	endpoint	eq	0	Dregg2.Apps.QueueRoot.RootCR	simp
CARRIER	Dregg2.Apps.QueueRoot.demoRoot_CR	Dregg2.Apps.QueueRoot	Dregg2/Apps/QueueRoot.lean	567	572	thm	embedded	opaque-pred	0	Dregg2.Apps.QueueRoot.RootCR	emb-conc
CARRIER	Dregg2.Apps.QueueRoot.badRoot_not_CR	Dregg2.Apps.QueueRoot	Dregg2/Apps/QueueRoot.lean	577	578	thm	embedded	not	0	Dregg2.Apps.QueueRoot.RootCR	neg-conc
CARRIER	Dregg2.Apps.QueueRoot.demoLeaf_CR	Dregg2.Apps.QueueRoot	Dregg2/Apps/QueueRoot.lean	583	584	thm	embedded	opaque-pred	0	Dregg2.Apps.QueueRoot.LeafCR	emb-conc
CARRIER	Dregg2.Apps.QueueRoot.tLayer_inj	Dregg2.Apps.QueueRoot	Dregg2/Apps/QueueRoot.lean	749	775	thm	endpoint	eq	0	Dregg2.Apps.QueueRoot.PairCR	aux-endpoint
CARRIER	Dregg2.Apps.QueueRoot.tRoot_inj	Dregg2.Apps.QueueRoot	Dregg2/Apps/QueueRoot.lean	777	812	thm	endpoint	eq	1	Dregg2.Apps.QueueRoot.PairCR	aux-endpoint
CARRIER	Dregg2.Apps.QueueRoot.taggedRoot_injective	Dregg2.Apps.QueueRoot	Dregg2/Apps/QueueRoot.lean	814	830	thm	endpoint	eq	2	Dregg2.Apps.QueueRoot.PairCR,Dregg2.Apps.QueueRoot.LenBindCR	inj-spelled,simp
CARRIER	Dregg2.Apps.QueueRoot.taggedRoot_RootCR	Dregg2.Apps.QueueRoot	Dregg2/Apps/QueueRoot.lean	832	838	thm	threader	opaque-pred	3	Dregg2.Apps.QueueRoot.PairCR,Dregg2.Apps.QueueRoot.LenBindCR	inj-spelled,bridge
CARRIER	Dregg2.Apps.QueueRoot.tagged_dequeue_proof_pins	Dregg2.Apps.QueueRoot	Dregg2/Apps/QueueRoot.lean	840	857	thm	endpoint	and	3	Dregg2.Apps.QueueRoot.PairCR,Dregg2.Apps.QueueRoot.LenBindCR,Dregg2.Apps.QueueRoot.LeafCR	inj-spelled,simp
CARRIER	Dregg2.Apps.QueueRoot.tagged_kills_pad_alias	Dregg2.Apps.QueueRoot	Dregg2/Apps/QueueRoot.lean	859	869	thm	endpoint	ne	0	Dregg2.Apps.QueueRoot.PairCR,Dregg2.Apps.QueueRoot.LenBindCR	inj-spelled
CARRIER	Dregg2.Apps.QueueRoot.demoCombine_CR	Dregg2.Apps.QueueRoot	Dregg2/Apps/QueueRoot.lean	894	900	thm	embedded	opaque-pred	0	Dregg2.Apps.QueueRoot.PairCR	emb-conc
CARRIER	Dregg2.Apps.QueueRoot.demoBind_CR	Dregg2.Apps.QueueRoot	Dregg2/Apps/QueueRoot.lean	913	919	thm	embedded	opaque-pred	0	Dregg2.Apps.QueueRoot.LenBindCR	emb-conc
CARRIER	Dregg2.Apps.QueueRoot.badBind_not_CR	Dregg2.Apps.QueueRoot	Dregg2/Apps/QueueRoot.lean	925	926	thm	embedded	not	0	Dregg2.Apps.QueueRoot.LenBindCR	neg-conc
CARRIER	Dregg2.Apps.QueueRootFloorRegrounded.rootCR_false_of_finite_range	Dregg2.Apps.QueueRootFloorRegrounded	Dregg2/Apps/QueueRootFloorRegrounded.lean	164	170	thm	embedded	not	0	Dregg2.Apps.QueueRoot.RootCR	neg-conc,refut-witness
CARRIER	Dregg2.Apps.QueueRootFloorRegrounded.rootCR_false_blake3	Dregg2.Apps.QueueRootFloorRegrounded	Dregg2/Apps/QueueRootFloorRegrounded.lean	172	177	thm	embedded	not	0	Dregg2.Apps.QueueRoot.RootCR	neg-conc
CARRIER	Dregg2.Apps.QueueRootFloorRegrounded.leafCR_false_of_compressing	Dregg2.Apps.QueueRootFloorRegrounded	Dregg2/Apps/QueueRootFloorRegrounded.lean	187	198	thm	embedded	not	0	Dregg2.Apps.QueueRoot.LeafCR	neg-conc,refut-witness
CARRIER	Dregg2.Apps.QueueRootFloorRegrounded.leafCR_false_of_finite_range	Dregg2.Apps.QueueRootFloorRegrounded	Dregg2/Apps/QueueRootFloorRegrounded.lean	200	204	thm	embedded	not	0	Dregg2.Apps.QueueRoot.LeafCR	neg-conc
CARRIER	Dregg2.Apps.QueueRootFloorRegrounded.leafFamily_CR_of_leafCR	Dregg2.Apps.QueueRootFloorRegrounded	Dregg2/Apps/QueueRootFloorRegrounded.lean	296	301	thm	embedded	opaque-pred	0	Dregg2.Apps.QueueRoot.LeafCR,Dregg2.Circuit.HashFloorHonesty.CollisionResistant	emb-conc,emb-binder
CARRIER	Dregg2.Apps.QueueRootFloorRegrounded.pairCR_false_of_finite_range	Dregg2.Apps.QueueRootFloorRegrounded	Dregg2/Apps/QueueRootFloorRegrounded.lean	891	900	thm	embedded	not	0	Dregg2.Apps.QueueRoot.PairCR	neg-conc,refut-witness
CARRIER	Dregg2.Apps.QueueRootFloorRegrounded.pairCR_false_blake3	Dregg2.Apps.QueueRootFloorRegrounded	Dregg2/Apps/QueueRootFloorRegrounded.lean	902	906	thm	embedded	not	0	Dregg2.Apps.QueueRoot.PairCR	neg-conc
CARRIER	Dregg2.Apps.QueueRootFloorRegrounded.lenBindCR_false_of_finite_range	Dregg2.Apps.QueueRootFloorRegrounded	Dregg2/Apps/QueueRootFloorRegrounded.lean	908	917	thm	embedded	not	0	Dregg2.Apps.QueueRoot.LenBindCR	neg-conc
CARRIER	Dregg2.Apps.QueueRootFloorRegrounded.lenBindCR_false_blake3	Dregg2.Apps.QueueRootFloorRegrounded	Dregg2/Apps/QueueRootFloorRegrounded.lean	919	923	thm	embedded	not	0	Dregg2.Apps.QueueRoot.LenBindCR	neg-conc,refut-witness
CARRIER	Dregg2.Apps.QueueRootFloorRegrounded.tagged_carriers_false_at_bounded_root	Dregg2.Apps.QueueRootFloorRegrounded	Dregg2/Apps/QueueRootFloorRegrounded.lean	925	938	thm	embedded	not	0	Dregg2.Apps.QueueRoot.PairCR,Dregg2.Apps.QueueRoot.LenBindCR	emb-conc
CARRIER	Dregg2.AssuranceCase.unfoolability_guarantee	Dregg2.AssuranceCase	Dregg2/AssuranceCase.lean	655	678	thm	threader	and	7	Dregg2.Circuit.StateCommit.compressInjective,Dregg2.Circuit.StateCommit.compressNInjective,Dregg2.Circuit.StateCommit.cellLeafInjective	-
CARRIER	Dregg2.AssuranceCase.deployed_system_secure	Dregg2.AssuranceCase	Dregg2/AssuranceCase.lean	850	940	thm	threader	and	7	Dregg2.Circuit.StateCommit.compressInjective,Dregg2.Circuit.StateCommit.compressNInjective,Dregg2.Circuit.StateCommit.cellLeafInjective	-
CARRIER	Dregg2.AssuranceCaseGrounded.deployed_system_secure_grounded	Dregg2.AssuranceCaseGrounded	Dregg2/AssuranceCaseGrounded.lean	98	166	thm	threader	and	8	Dregg2.Circuit.Poseidon2Binding.Poseidon2SpongeCR,Dregg2.Circuit.StateCommit.compressInjective,Dregg2.Circuit.StateCommit.compressNInjective,Dregg2.Circuit.StateCommit.cellLeafInjective	-
CARRIER	Dregg2.AssuranceCaseGrounded.deployed_system_secure_grounded_v2	Dregg2.AssuranceCaseGrounded	Dregg2/AssuranceCaseGrounded.lean	170	237	thm	threader	and	8	Dregg2.Circuit.Poseidon2Binding.Poseidon2SpongeCR,Dregg2.Circuit.StateCommit.compressInjective,Dregg2.Circuit.StateCommit.compressNInjective,Dregg2.Circuit.StateCommit.cellLeafInjective	-
CARRIER	Dregg2.AssuranceCaseGrounded.grounded_capstone_engine_fires	Dregg2.AssuranceCaseGrounded	Dregg2/AssuranceCaseGrounded.lean	254	281	thm	threader	opaque-pred	6	Dregg2.Circuit.Poseidon2Binding.Poseidon2SpongeCR	simp
CARRIER	Dregg2.AssuranceCaseGrounded.grounded_capstone_engine_fires_v2	Dregg2.AssuranceCaseGrounded	Dregg2/AssuranceCaseGrounded.lean	285	318	thm	threader	opaque-pred	7	Dregg2.Circuit.Poseidon2Binding.Poseidon2SpongeCR	simp
CARRIER	Dregg2.Authority.MacaroonDischarge.binding_body_distinguishes_roots	Dregg2.Authority.MacaroonDischarge	Dregg2/Authority/MacaroonDischarge.lean	209	217	thm	endpoint	ne	0	Dregg2.Authority.MacaroonDischarge.BindingHashCR	-
CARRIER	Dregg2.Authority.MacaroonDischarge.rebinding_changes_replay	Dregg2.Authority.MacaroonDischarge	Dregg2/Authority/MacaroonDischarge.lean	226	243	thm	threader	ne	1	Dregg2.Authority.MacaroonDischarge.BindingHashCR	-
CARRIER	Dregg2.Authority.MacaroonDischarge.Demo.idBinding_CR	Dregg2.Authority.MacaroonDischarge	Dregg2/Authority/MacaroonDischarge.lean	257	258	thm	embedded	opaque-pred	0	Dregg2.Authority.MacaroonDischarge.BindingHashCR	emb-conc
CARRIER	Dregg2.Authority.MacaroonDischarge.Demo.collapseBinding_not_CR	Dregg2.Authority.MacaroonDischarge	Dregg2/Authority/MacaroonDischarge.lean	264	267	thm	embedded	not	0	Dregg2.Authority.MacaroonDischarge.BindingHashCR	neg-conc
CARRIER	Dregg2.Calculus.IntensionalCCCInteractionDescriptorIR2.beforeCommit_binds	Dregg2.Calculus.IntensionalCCCInteractionDescriptorIR2	Dregg2/Calculus/IntensionalCCCInteractionDescriptorIR2.lean	548	557	thm	endpoint	eq	0	Dregg2.Circuit.Poseidon2Binding.Poseidon2SpongeCR	-
CARRIER	Dregg2.Circuit.distinct_traces_break_hashcr	Dregg2.Circuit	Dregg2/Circuit.lean	328	338	thm	embedded	not	0	Dregg2.Crypto.HermineHintMLWE.HashCR	neg-conc
CARRIER	Dregg2.Circuit.exCRd_hashcr	Dregg2.Circuit	Dregg2/Circuit.lean	413	413	thm	embedded	opaque-pred	0	Dregg2.Crypto.HermineHintMLWE.HashCR	emb-conc
CARRIER	Dregg2.Circuit.badCRd_not_hashcr	Dregg2.Circuit	Dregg2/Circuit.lean	463	465	thm	embedded	not	0	Dregg2.Crypto.HermineHintMLWE.HashCR	neg-conc
CARRIER	Dregg2.Circuit.AccountsCommit.accountsComponent	Dregg2.Circuit.AccountsCommit	Dregg2/Circuit/AccountsCommit.lean	36	47	def	threader	opaque-pred	1	Dregg2.Circuit.StateCommit.compressNInjective	-
CARRIER	Dregg2.Circuit.AggregationAirSound.aggFold_inj	Dregg2.Circuit.AggregationAirSound	Dregg2/Circuit/AggregationAirSound.lean	191	225	thm	endpoint	and	0	Dregg2.Circuit.Poseidon2Binding.Poseidon2SpongeCR	simp
CARRIER	Dregg2.Circuit.AggregationAirSound.agg_digest_binds_history	Dregg2.Circuit.AggregationAirSound	Dregg2/Circuit/AggregationAirSound.lean	227	243	thm	threader	eq	1	Dregg2.Circuit.Poseidon2Binding.Poseidon2SpongeCR	simp
CARRIER	Dregg2.Circuit.AlgoStarkSoundFanoutMemFree.algoStarkSound_memFree_apply	Dregg2.Circuit.AlgoStarkSoundFanoutMemFree	Dregg2/Circuit/AlgoStarkSoundFanoutMemFree.lean	338	362	thm	threader	opaque-pred	4	Dregg2.Circuit.Poseidon2Binding.Poseidon2SpongeCR	-
CARRIER	Dregg2.Circuit.AlgoStarkSoundFanoutMemFree.algoStarkSound_mint	Dregg2.Circuit.AlgoStarkSoundFanoutMemFree	Dregg2/Circuit/AlgoStarkSoundFanoutMemFree.lean	380	389	thm	threader	opaque-pred	5	Dregg2.Circuit.Poseidon2Binding.Poseidon2SpongeCR	-
CARRIER	Dregg2.Circuit.AlgoStarkSoundFanoutMemFree.algoStarkSound_bridgeMint	Dregg2.Circuit.AlgoStarkSoundFanoutMemFree	Dregg2/Circuit/AlgoStarkSoundFanoutMemFree.lean	391	401	thm	threader	opaque-pred	5	Dregg2.Circuit.Poseidon2Binding.Poseidon2SpongeCR	-
CARRIER	Dregg2.Circuit.AlgoStarkSoundFanoutMemFree.algoStarkSound_supplyMint	Dregg2.Circuit.AlgoStarkSoundFanoutMemFree	Dregg2/Circuit/AlgoStarkSoundFanoutMemFree.lean	403	413	thm	threader	opaque-pred	5	Dregg2.Circuit.Poseidon2Binding.Poseidon2SpongeCR	-
CARRIER	Dregg2.Circuit.AlgoStarkSoundFanoutMemFree.algoStarkSound_burn	Dregg2.Circuit.AlgoStarkSoundFanoutMemFree	Dregg2/Circuit/AlgoStarkSoundFanoutMemFree.lean	415	424	thm	threader	opaque-pred	5	Dregg2.Circuit.Poseidon2Binding.Poseidon2SpongeCR	-
CARRIER	Dregg2.Circuit.AlgoStarkSoundFanoutMemFree.algoStarkSound_incrementNonce	Dregg2.Circuit.AlgoStarkSoundFanoutMemFree	Dregg2/Circuit/AlgoStarkSoundFanoutMemFree.lean	426	436	thm	threader	opaque-pred	5	Dregg2.Circuit.Poseidon2Binding.Poseidon2SpongeCR	-
CARRIER	Dregg2.Circuit.AlgoStarkSoundFanoutMemFree.algoStarkSound_emitEvent	Dregg2.Circuit.AlgoStarkSoundFanoutMemFree	Dregg2/Circuit/AlgoStarkSoundFanoutMemFree.lean	438	448	thm	threader	opaque-pred	5	Dregg2.Circuit.Poseidon2Binding.Poseidon2SpongeCR	-
CARRIER	Dregg2.Circuit.AlgoStarkSoundFanoutMemFree.algoStarkSound_exercise	Dregg2.Circuit.AlgoStarkSoundFanoutMemFree	Dregg2/Circuit/AlgoStarkSoundFanoutMemFree.lean	450	460	thm	threader	opaque-pred	5	Dregg2.Circuit.Poseidon2Binding.Poseidon2SpongeCR	-
CARRIER	Dregg2.Circuit.AlgoStarkSoundFanoutMemFree.algoStarkSound_pipelinedSend	Dregg2.Circuit.AlgoStarkSoundFanoutMemFree	Dregg2/Circuit/AlgoStarkSoundFanoutMemFree.lean	462	472	thm	threader	opaque-pred	5	Dregg2.Circuit.Poseidon2Binding.Poseidon2SpongeCR	-
CARRIER	Dregg2.Circuit.AlgoStarkSoundFanoutMemFree.algoStarkSound_delegate	Dregg2.Circuit.AlgoStarkSoundFanoutMemFree	Dregg2/Circuit/AlgoStarkSoundFanoutMemFree.lean	474	484	thm	threader	opaque-pred	5	Dregg2.Circuit.Poseidon2Binding.Poseidon2SpongeCR	-
CARRIER	Dregg2.Circuit.AlgoStarkSoundFanoutMemFree.algoStarkSound_delegateAtten	Dregg2.Circuit.AlgoStarkSoundFanoutMemFree	Dregg2/Circuit/AlgoStarkSoundFanoutMemFree.lean	486	496	thm	threader	opaque-pred	5	Dregg2.Circuit.Poseidon2Binding.Poseidon2SpongeCR	-
CARRIER	Dregg2.Circuit.AlgoStarkSoundFanoutMemFree.algoStarkSound_attenuate	Dregg2.Circuit.AlgoStarkSoundFanoutMemFree	Dregg2/Circuit/AlgoStarkSoundFanoutMemFree.lean	498	508	thm	threader	opaque-pred	5	Dregg2.Circuit.Poseidon2Binding.Poseidon2SpongeCR	-
CARRIER	Dregg2.Circuit.AlgoStarkSoundFanoutMemFree.algoStarkSound_grantCap	Dregg2.Circuit.AlgoStarkSoundFanoutMemFree	Dregg2/Circuit/AlgoStarkSoundFanoutMemFree.lean	510	520	thm	threader	opaque-pred	5	Dregg2.Circuit.Poseidon2Binding.Poseidon2SpongeCR	-
CARRIER	Dregg2.Circuit.AlgoStarkSoundFanoutMemFree.algoStarkSound_introduce	Dregg2.Circuit.AlgoStarkSoundFanoutMemFree	Dregg2/Circuit/AlgoStarkSoundFanoutMemFree.lean	522	532	thm	threader	opaque-pred	5	Dregg2.Circuit.Poseidon2Binding.Poseidon2SpongeCR	-
CARRIER	Dregg2.Circuit.AlgoStarkSoundFanoutMemFree.algoStarkSound_revokeCapability	Dregg2.Circuit.AlgoStarkSoundFanoutMemFree	Dregg2/Circuit/AlgoStarkSoundFanoutMemFree.lean	534	544	thm	threader	opaque-pred	5	Dregg2.Circuit.Poseidon2Binding.Poseidon2SpongeCR	-
CARRIER	Dregg2.Circuit.AlgoStarkSoundFanoutMemFree.algoStarkSound_revokeDelegation	Dregg2.Circuit.AlgoStarkSoundFanoutMemFree	Dregg2/Circuit/AlgoStarkSoundFanoutMemFree.lean	546	557	thm	threader	opaque-pred	5	Dregg2.Circuit.Poseidon2Binding.Poseidon2SpongeCR	-
CARRIER	Dregg2.Circuit.AlgoStarkSoundFanoutMemFree.algoStarkSound_refreshDelegation	Dregg2.Circuit.AlgoStarkSoundFanoutMemFree	Dregg2/Circuit/AlgoStarkSoundFanoutMemFree.lean	559	570	thm	threader	opaque-pred	5	Dregg2.Circuit.Poseidon2Binding.Poseidon2SpongeCR	-
CARRIER	Dregg2.Circuit.AlgoStarkSoundFanoutMemFree.algoStarkSound_makeSovereign	Dregg2.Circuit.AlgoStarkSoundFanoutMemFree	Dregg2/Circuit/AlgoStarkSoundFanoutMemFree.lean	572	582	thm	threader	opaque-pred	5	Dregg2.Circuit.Poseidon2Binding.Poseidon2SpongeCR	-
CARRIER	Dregg2.Circuit.AlgoStarkSoundFanoutMemFree.algoStarkSound_setPermissions	Dregg2.Circuit.AlgoStarkSoundFanoutMemFree	Dregg2/Circuit/AlgoStarkSoundFanoutMemFree.lean	584	594	thm	threader	opaque-pred	5	Dregg2.Circuit.Poseidon2Binding.Poseidon2SpongeCR	-
CARRIER	Dregg2.Circuit.AlgoStarkSoundFanoutMemFree.algoStarkSound_setVK	Dregg2.Circuit.AlgoStarkSoundFanoutMemFree	Dregg2/Circuit/AlgoStarkSoundFanoutMemFree.lean	596	606	thm	threader	opaque-pred	5	Dregg2.Circuit.Poseidon2Binding.Poseidon2SpongeCR	-
CARRIER	Dregg2.Circuit.AlgoStarkSoundFanoutMemFree.algoStarkSound_setProgram	Dregg2.Circuit.AlgoStarkSoundFanoutMemFree	Dregg2/Circuit/AlgoStarkSoundFanoutMemFree.lean	608	618	thm	threader	opaque-pred	5	Dregg2.Circuit.Poseidon2Binding.Poseidon2SpongeCR	-
CARRIER	Dregg2.Circuit.AlgoStarkSoundFanoutMemFree.algoStarkSound_cellSeal	Dregg2.Circuit.AlgoStarkSoundFanoutMemFree	Dregg2/Circuit/AlgoStarkSoundFanoutMemFree.lean	620	630	thm	threader	opaque-pred	5	Dregg2.Circuit.Poseidon2Binding.Poseidon2SpongeCR	-
CARRIER	Dregg2.Circuit.AlgoStarkSoundFanoutMemFree.algoStarkSound_cellUnseal	Dregg2.Circuit.AlgoStarkSoundFanoutMemFree	Dregg2/Circuit/AlgoStarkSoundFanoutMemFree.lean	632	642	thm	threader	opaque-pred	5	Dregg2.Circuit.Poseidon2Binding.Poseidon2SpongeCR	-
CARRIER	Dregg2.Circuit.AlgoStarkSoundFanoutMemFree.algoStarkSound_cellDestroy	Dregg2.Circuit.AlgoStarkSoundFanoutMemFree	Dregg2/Circuit/AlgoStarkSoundFanoutMemFree.lean	644	654	thm	threader	opaque-pred	5	Dregg2.Circuit.Poseidon2Binding.Poseidon2SpongeCR	-
CARRIER	Dregg2.Circuit.AlgoStarkSoundFanoutMemFree.algoStarkSound_receiptArchive	Dregg2.Circuit.AlgoStarkSoundFanoutMemFree	Dregg2/Circuit/AlgoStarkSoundFanoutMemFree.lean	656	666	thm	threader	opaque-pred	5	Dregg2.Circuit.Poseidon2Binding.Poseidon2SpongeCR	-
CARRIER	Dregg2.Circuit.AlgoStarkSoundFanoutMemFree.algoStarkSound_transferFee	Dregg2.Circuit.AlgoStarkSoundFanoutMemFree	Dregg2/Circuit/AlgoStarkSoundFanoutMemFree.lean	668	678	thm	threader	opaque-pred	5	Dregg2.Circuit.Poseidon2Binding.Poseidon2SpongeCR	-
CARRIER	Dregg2.Circuit.AlgoStarkSoundFanoutMemFree.algoStarkSound_setFieldStatic	Dregg2.Circuit.AlgoStarkSoundFanoutMemFree	Dregg2/Circuit/AlgoStarkSoundFanoutMemFree.lean	680	692	thm	threader	opaque-pred	5	Dregg2.Circuit.Poseidon2Binding.Poseidon2SpongeCR	-
CARRIER	Dregg2.Circuit.AlgoStarkSoundFanoutMemFree.algoStarkSound_memFree_apply_noOodShape	Dregg2.Circuit.AlgoStarkSoundFanoutMemFree	Dregg2/Circuit/AlgoStarkSoundFanoutMemFree.lean	759	787	thm	threader	opaque-pred	5	Dregg2.Circuit.Poseidon2Binding.Poseidon2SpongeCR	-
CARRIER	Dregg2.Circuit.AlgoStarkSoundFanoutMemory.memoryLegs_of_mapShape	Dregg2.Circuit.AlgoStarkSoundFanoutMemory	Dregg2/Circuit/AlgoStarkSoundFanoutMemory.lean	213	249	thm	threader	opaque-pred	4	Dregg2.Circuit.Poseidon2Binding.Poseidon2SpongeCR	simp
CARRIER	Dregg2.Circuit.AlgoStarkSoundFanoutMemory.algoStarkSound_of_mapShape	Dregg2.Circuit.AlgoStarkSoundFanoutMemory	Dregg2/Circuit/AlgoStarkSoundFanoutMemory.lean	255	287	thm	threader	opaque-pred	5	Dregg2.Circuit.Poseidon2Binding.Poseidon2SpongeCR	-
CARRIER	Dregg2.Circuit.AlgoStarkSoundFanoutMemory.algoStarkSound_noteSpend	Dregg2.Circuit.AlgoStarkSoundFanoutMemory	Dregg2/Circuit/AlgoStarkSoundFanoutMemory.lean	386	401	thm	threader	opaque-pred	6	Dregg2.Circuit.Poseidon2Binding.Poseidon2SpongeCR	-
CARRIER	Dregg2.Circuit.AlgoStarkSoundFanoutMemory.algoStarkSound_noteCreate	Dregg2.Circuit.AlgoStarkSoundFanoutMemory	Dregg2/Circuit/AlgoStarkSoundFanoutMemory.lean	403	418	thm	threader	opaque-pred	6	Dregg2.Circuit.Poseidon2Binding.Poseidon2SpongeCR	-
CARRIER	Dregg2.Circuit.AlgoStarkSoundFanoutMemory.algoStarkSound_createCell	Dregg2.Circuit.AlgoStarkSoundFanoutMemory	Dregg2/Circuit/AlgoStarkSoundFanoutMemory.lean	420	435	thm	threader	opaque-pred	6	Dregg2.Circuit.Poseidon2Binding.Poseidon2SpongeCR	-
CARRIER	Dregg2.Circuit.AlgoStarkSoundFanoutMemory.algoStarkSound_createCellFromFactory	Dregg2.Circuit.AlgoStarkSoundFanoutMemory	Dregg2/Circuit/AlgoStarkSoundFanoutMemory.lean	437	452	thm	threader	opaque-pred	6	Dregg2.Circuit.Poseidon2Binding.Poseidon2SpongeCR	-
CARRIER	Dregg2.Circuit.AlgoStarkSoundFanoutMemory.algoStarkSound_spawn	Dregg2.Circuit.AlgoStarkSoundFanoutMemory	Dregg2/Circuit/AlgoStarkSoundFanoutMemory.lean	454	469	thm	threader	opaque-pred	6	Dregg2.Circuit.Poseidon2Binding.Poseidon2SpongeCR	-
CARRIER	Dregg2.Circuit.AlgoStarkSoundFanoutMemory.algoStarkSound_spawnWrite	Dregg2.Circuit.AlgoStarkSoundFanoutMemory	Dregg2/Circuit/AlgoStarkSoundFanoutMemory.lean	471	487	thm	threader	opaque-pred	6	Dregg2.Circuit.Poseidon2Binding.Poseidon2SpongeCR	-
CARRIER	Dregg2.Circuit.AlgoStarkSoundFanoutMemory.algoStarkSound_refusal	Dregg2.Circuit.AlgoStarkSoundFanoutMemory	Dregg2/Circuit/AlgoStarkSoundFanoutMemory.lean	489	505	thm	threader	opaque-pred	6	Dregg2.Circuit.Poseidon2Binding.Poseidon2SpongeCR	-
CARRIER	Dregg2.Circuit.AlgoStarkSoundFanoutMemory.algoStarkSound_heapWrite	Dregg2.Circuit.AlgoStarkSoundFanoutMemory	Dregg2/Circuit/AlgoStarkSoundFanoutMemory.lean	507	522	thm	threader	opaque-pred	6	Dregg2.Circuit.Poseidon2Binding.Poseidon2SpongeCR	-
CARRIER	Dregg2.Circuit.AlgoStarkSoundFanoutMemory.algoStarkSound_of_mapShape_noOodShape	Dregg2.Circuit.AlgoStarkSoundFanoutMemory	Dregg2/Circuit/AlgoStarkSoundFanoutMemory.lean	576	603	thm	threader	opaque-pred	6	Dregg2.Circuit.Poseidon2Binding.Poseidon2SpongeCR	-
CARRIER	Dregg2.Circuit.AlgoStarkSoundFanoutSetField.algoStarkSound_of_memShape	Dregg2.Circuit.AlgoStarkSoundFanoutSetField	Dregg2/Circuit/AlgoStarkSoundFanoutSetField.lean	633	666	thm	threader	opaque-pred	3	Dregg2.Circuit.Poseidon2Binding.Poseidon2SpongeCR	-
CARRIER	Dregg2.Circuit.AlgoStarkSoundFanoutSetField.algoStarkSound_setFieldDyn	Dregg2.Circuit.AlgoStarkSoundFanoutSetField	Dregg2/Circuit/AlgoStarkSoundFanoutSetField.lean	697	714	thm	threader	opaque-pred	4	Dregg2.Circuit.Poseidon2Binding.Poseidon2SpongeCR	-
CARRIER	Dregg2.Circuit.AlgoStarkSoundFanoutSetField.algoStarkSound_setFieldDynForced	Dregg2.Circuit.AlgoStarkSoundFanoutSetField	Dregg2/Circuit/AlgoStarkSoundFanoutSetField.lean	716	733	thm	threader	opaque-pred	4	Dregg2.Circuit.Poseidon2Binding.Poseidon2SpongeCR	-
CARRIER	Dregg2.Circuit.AlgoStarkSoundFanoutSetField.algoStarkSound_of_memShape_noOodShape	Dregg2.Circuit.AlgoStarkSoundFanoutSetField	Dregg2/Circuit/AlgoStarkSoundFanoutSetField.lean	909	938	thm	threader	opaque-pred	4	Dregg2.Circuit.Poseidon2Binding.Poseidon2SpongeCR	-
CARRIER	Dregg2.Circuit.AlgoStarkSoundKernel.algoStarkSound_kernel	Dregg2.Circuit.AlgoStarkSoundKernel	Dregg2/Circuit/AlgoStarkSoundKernel.lean	567	602	thm	threader	opaque-pred	6	Dregg2.Circuit.Poseidon2Binding.Poseidon2SpongeCR	-
CARRIER	Dregg2.Circuit.AlgoStarkSoundKernel.algoStarkSound_kernel_noOodShape	Dregg2.Circuit.AlgoStarkSoundKernel	Dregg2/Circuit/AlgoStarkSoundKernel.lean	628	658	thm	threader	opaque-pred	7	Dregg2.Circuit.Poseidon2Binding.Poseidon2SpongeCR	-
CARRIER	Dregg2.Circuit.AlgoStarkSoundKernelAvail.algoStarkSound_kernelAvail	Dregg2.Circuit.AlgoStarkSoundKernelAvail	Dregg2/Circuit/AlgoStarkSoundKernelAvail.lean	97	158	thm	threader	opaque-pred	6	Dregg2.Circuit.Poseidon2Binding.Poseidon2SpongeCR	simp
CARRIER	Dregg2.Circuit.AlgoStarkSoundTransferV3.hood_of_reductions	Dregg2.Circuit.AlgoStarkSoundTransferV3	Dregg2/Circuit/AlgoStarkSoundTransferV3.lean	176	221	thm	threader	eq	0	Dregg2.Circuit.Poseidon2Binding.Poseidon2SpongeCR	simp
CARRIER	Dregg2.Circuit.AlgoStarkSoundTransferV3.mainAirAcceptF_of_floor	Dregg2.Circuit.AlgoStarkSoundTransferV3	Dregg2/Circuit/AlgoStarkSoundTransferV3.lean	223	254	thm	threader	opaque-pred	1	Dregg2.Circuit.Poseidon2Binding.Poseidon2SpongeCR	-
CARRIER	Dregg2.Circuit.ApexOodLaneRepair.hood_of_oodColumnLayout_cons	Dregg2.Circuit.ApexOodLaneRepair	Dregg2/Circuit/ApexOodLaneRepair.lean	283	312	thm	threader	eq	1	Dregg2.Circuit.Poseidon2Binding.Poseidon2SpongeCR	-
CARRIER	Dregg2.Circuit.ApexOodLaneRepair.algoStarkSound_of_memoryLegs_cons	Dregg2.Circuit.ApexOodLaneRepair	Dregg2/Circuit/ApexOodLaneRepair.lean	314	356	thm	threader	opaque-pred	2	Dregg2.Circuit.Poseidon2Binding.Poseidon2SpongeCR	simp
CARRIER	Dregg2.Circuit.ApexOodLaneRepair.algoStarkSound_of_memoryFree_cons	Dregg2.Circuit.ApexOodLaneRepair	Dregg2/Circuit/ApexOodLaneRepair.lean	358	379	thm	threader	opaque-pred	3	Dregg2.Circuit.Poseidon2Binding.Poseidon2SpongeCR	-
CARRIER	Dregg2.Circuit.ApexOodLaneRepair.algoStarkSound_transferV3_ofBusModels_cons	Dregg2.Circuit.ApexOodLaneRepair	Dregg2/Circuit/ApexOodLaneRepair.lean	381	402	thm	threader	opaque-pred	4	Dregg2.Circuit.Poseidon2Binding.Poseidon2SpongeCR	-
CARRIER	Dregg2.Circuit.ApexOodLaneRepair.algoStarkSound_transferV3_subsumed_cons	Dregg2.Circuit.ApexOodLaneRepair	Dregg2/Circuit/ApexOodLaneRepair.lean	639	669	thm	threader	opaque-pred	2	Dregg2.Circuit.Poseidon2Binding.Poseidon2SpongeCR	-
CARRIER	Dregg2.Circuit.ApexOodLaneRepair.algoStarkSound_transferV3_cons_noOodShape	Dregg2.Circuit.ApexOodLaneRepair	Dregg2/Circuit/ApexOodLaneRepair.lean	731	751	thm	threader	opaque-pred	3	Dregg2.Circuit.Poseidon2Binding.Poseidon2SpongeCR	-
CARRIER	Dregg2.Circuit.ApexOodLaneRepair.algoStarkSound_transferV3_subsumed_cons_noOodShape	Dregg2.Circuit.ApexOodLaneRepair	Dregg2/Circuit/ApexOodLaneRepair.lean	753	768	thm	threader	opaque-pred	3	Dregg2.Circuit.Poseidon2Binding.Poseidon2SpongeCR	-
CARRIER	Dregg2.Circuit.Argus.Coeffect.settled_ring_leg_circuit_pins_executor_state	Dregg2.Circuit.Argus.Coeffect	Dregg2/Circuit/Argus/Coeffect.lean	208	248	thm	threader	exists	3	Dregg2.Circuit.StateCommit.logHashInjective	inj-spelled,simp
CARRIER	Dregg2.Circuit.Argus.Effects.BalanceA.balanceA_compile_sound	Dregg2.Circuit.Argus.Effects.BalanceA	Dregg2/Circuit/Argus/Effects/BalanceA.lean	218	248	thm	threader	eq	2	Dregg2.Circuit.StateCommit.logHashInjective	inj-spelled
CARRIER	Dregg2.Circuit.Argus.Effects.CellDestroy.cellDestroy_compile_sound	Dregg2.Circuit.Argus.Effects.CellDestroy	Dregg2/Circuit/Argus/Effects/CellDestroy.lean	340	379	thm	threader	eq	2	Dregg2.Circuit.StateCommit.logHashInjective	inj-spelled
CARRIER	Dregg2.Circuit.Argus.Effects.CellSeal.cellSeal_compile_sound	Dregg2.Circuit.Argus.Effects.CellSeal	Dregg2/Circuit/Argus/Effects/CellSeal.lean	219	250	thm	threader	eq	2	Dregg2.Circuit.StateCommit.logHashInjective	inj-spelled
CARRIER	Dregg2.Circuit.Argus.Effects.CellUnseal.cellUnseal_compile_sound	Dregg2.Circuit.Argus.Effects.CellUnseal	Dregg2/Circuit/Argus/Effects/CellUnseal.lean	233	269	thm	threader	eq	2	Dregg2.Circuit.StateCommit.logHashInjective	inj-spelled
CARRIER	Dregg2.Circuit.Argus.Effects.CreateCell.createCellCircuit	Dregg2.Circuit.Argus.Effects.CreateCell	Dregg2/Circuit/Argus/Effects/CreateCell.lean	192	203	def	threader	other	4	Dregg2.Circuit.StateCommit.compressNInjective	inj-spelled,body-floor
CARRIER	Dregg2.Circuit.Argus.Effects.CreateCell.createCell_compile_sound	Dregg2.Circuit.Argus.Effects.CreateCell	Dregg2/Circuit/Argus/Effects/CreateCell.lean	220	254	thm	threader	eq	6	Dregg2.Circuit.StateCommit.compressNInjective,Dregg2.Circuit.StateCommit.logHashInjective	inj-spelled,uses-propdef
CARRIER	Dregg2.Circuit.Argus.Effects.CreateCellFromFactory.createCellFromFactoryCircuit	Dregg2.Circuit.Argus.Effects.CreateCellFromFactory	Dregg2/Circuit/Argus/Effects/CreateCellFromFactory.lean	375	390	def	threader	other	4	Dregg2.Circuit.StateCommit.compressNInjective	inj-spelled,body-floor
CARRIER	Dregg2.Circuit.Argus.Effects.CreateCellFromFactory.createCellFromFactory_compile_sound	Dregg2.Circuit.Argus.Effects.CreateCellFromFactory	Dregg2/Circuit/Argus/Effects/CreateCellFromFactory.lean	424	467	thm	threader	eq	6	Dregg2.Circuit.StateCommit.compressNInjective,Dregg2.Circuit.StateCommit.logHashInjective	inj-spelled,uses-propdef
CARRIER	Dregg2.Circuit.Argus.Effects.DelegateAtten.delegateAtten_compile_sound	Dregg2.Circuit.Argus.Effects.DelegateAtten	Dregg2/Circuit/Argus/Effects/DelegateAtten.lean	292	328	thm	threader	eq	2	Dregg2.Circuit.StateCommit.logHashInjective	inj-spelled
CARRIER	Dregg2.Circuit.Argus.Effects.EmitEvent.emitEvent_compile_sound	Dregg2.Circuit.Argus.Effects.EmitEvent	Dregg2/Circuit/Argus/Effects/EmitEvent.lean	252	288	thm	threader	eq	3	Dregg2.Circuit.StateCommit.compressNInjective,Dregg2.Circuit.StateCommit.cellLeafInjective,Dregg2.Circuit.StateCommit.logHashInjective	-
CARRIER	Dregg2.Circuit.Argus.Effects.IncrementNonce.incrementNonce_compile_sound	Dregg2.Circuit.Argus.Effects.IncrementNonce	Dregg2/Circuit/Argus/Effects/IncrementNonce.lean	292	336	thm	threader	eq	3	Dregg2.Circuit.StateCommit.compressNInjective,Dregg2.Circuit.StateCommit.cellLeafInjective,Dregg2.Circuit.StateCommit.logHashInjective	-
CARRIER	Dregg2.Circuit.Argus.Effects.MakeSovereign.makeSovereign_compile_sound	Dregg2.Circuit.Argus.Effects.MakeSovereign	Dregg2/Circuit/Argus/Effects/MakeSovereign.lean	287	329	thm	threader	eq	3	Dregg2.Circuit.StateCommit.compressNInjective,Dregg2.Circuit.StateCommit.cellLeafInjective,Dregg2.Circuit.StateCommit.logHashInjective	-
CARRIER	Dregg2.Circuit.Argus.Effects.NoteCreate.noteCreateCircuit	Dregg2.Circuit.Argus.Effects.NoteCreate	Dregg2/Circuit/Argus/Effects/NoteCreate.lean	180	191	def	threader	other	4	Dregg2.Circuit.StateCommit.compressNInjective	body-floor
CARRIER	Dregg2.Circuit.Argus.Effects.NoteCreate.noteCreate_compile_sound	Dregg2.Circuit.Argus.Effects.NoteCreate	Dregg2/Circuit/Argus/Effects/NoteCreate.lean	207	241	thm	threader	eq	6	Dregg2.Circuit.StateCommit.compressNInjective,Dregg2.Circuit.StateCommit.logHashInjective	uses-propdef
CARRIER	Dregg2.Circuit.Argus.Effects.NoteSpendCompose.noteSpendComposeCircuit	Dregg2.Circuit.Argus.Effects.NoteSpendCompose	Dregg2/Circuit/Argus/Effects/NoteSpendCompose.lean	262	270	def	threader	other	4	Dregg2.Circuit.StateCommit.compressNInjective	body-floor
CARRIER	Dregg2.Circuit.Argus.Effects.NoteSpendCompose.noteSpendCompose_compile_sound	Dregg2.Circuit.Argus.Effects.NoteSpendCompose	Dregg2/Circuit/Argus/Effects/NoteSpendCompose.lean	272	315	thm	threader	eq	6	Dregg2.Circuit.StateCommit.compressNInjective,Dregg2.Circuit.StateCommit.logHashInjective	uses-propdef
CARRIER	Dregg2.Circuit.Argus.Effects.PipelinedSend.pipelinedSend_compile_sound	Dregg2.Circuit.Argus.Effects.PipelinedSend	Dregg2/Circuit/Argus/Effects/PipelinedSend.lean	206	245	thm	threader	eq	3	Dregg2.Circuit.StateCommit.compressNInjective,Dregg2.Circuit.StateCommit.cellLeafInjective,Dregg2.Circuit.StateCommit.logHashInjective	-
CARRIER	Dregg2.Circuit.Argus.Effects.ReceiptArchive.receiptArchive_compile_sound	Dregg2.Circuit.Argus.Effects.ReceiptArchive	Dregg2/Circuit/Argus/Effects/ReceiptArchive.lean	287	329	thm	threader	eq	3	Dregg2.Circuit.StateCommit.compressNInjective,Dregg2.Circuit.StateCommit.cellLeafInjective,Dregg2.Circuit.StateCommit.logHashInjective	-
CARRIER	Dregg2.Circuit.Argus.Effects.RefreshDelegation.refreshDelegation_compile_sound	Dregg2.Circuit.Argus.Effects.RefreshDelegation	Dregg2/Circuit/Argus/Effects/RefreshDelegation.lean	268	308	thm	threader	eq	2	Dregg2.Circuit.StateCommit.logHashInjective	inj-spelled
CARRIER	Dregg2.Circuit.Argus.Effects.Refusal.refusal_compile_sound	Dregg2.Circuit.Argus.Effects.Refusal	Dregg2/Circuit/Argus/Effects/Refusal.lean	259	296	thm	threader	eq	3	Dregg2.Circuit.StateCommit.compressNInjective,Dregg2.Circuit.StateCommit.cellLeafInjective,Dregg2.Circuit.StateCommit.logHashInjective	-
CARRIER	Dregg2.Circuit.Argus.Effects.SetField.setField_compile_sound	Dregg2.Circuit.Argus.Effects.SetField	Dregg2/Circuit/Argus/Effects/SetField.lean	281	330	thm	threader	eq	2	Dregg2.Circuit.StateCommit.compressNInjective,Dregg2.Circuit.StateCommit.cellLeafInjective,Dregg2.Circuit.StateCommit.logHashInjective	-
CARRIER	Dregg2.Circuit.Argus.Effects.SetPermissions.setPermissions_compile_sound	Dregg2.Circuit.Argus.Effects.SetPermissions	Dregg2/Circuit/Argus/Effects/SetPermissions.lean	279	321	thm	threader	eq	3	Dregg2.Circuit.StateCommit.compressNInjective,Dregg2.Circuit.StateCommit.cellLeafInjective,Dregg2.Circuit.StateCommit.logHashInjective	-
CARRIER	Dregg2.Circuit.Argus.Effects.SetVerificationKey.setVerificationKey_compile_sound	Dregg2.Circuit.Argus.Effects.SetVerificationKey	Dregg2/Circuit/Argus/Effects/SetVerificationKey.lean	280	318	thm	threader	eq	3	Dregg2.Circuit.StateCommit.compressNInjective,Dregg2.Circuit.StateCommit.cellLeafInjective,Dregg2.Circuit.StateCommit.logHashInjective	-
CARRIER	Dregg2.Circuit.Argus.Receipt.argus_circuit_pins_receipt	Dregg2.Circuit.Argus.Receipt	Dregg2/Circuit/Argus/Receipt.lean	155	180	thm	threader	eq	4	Dregg2.Circuit.StateCommit.compressInjective,Dregg2.Circuit.StateCommit.compressNInjective	simp
CARRIER	Dregg2.Circuit.Argus.Receipt.argus_executor_pins_receipt	Dregg2.Circuit.Argus.Receipt	Dregg2/Circuit/Argus/Receipt.lean	182	204	thm	threader	eq	3	Dregg2.Circuit.StateCommit.compressInjective,Dregg2.Circuit.StateCommit.compressNInjective,Dregg2.Circuit.StateCommit.logHashInjective	simp
CARRIER	Dregg2.Circuit.Argus.Receipt.argus_commits_to_one_receipt	Dregg2.Circuit.Argus.Receipt	Dregg2/Circuit/Argus/Receipt.lean	206	258	thm	threader	and	5	Dregg2.Circuit.StateCommit.compressInjective,Dregg2.Circuit.StateCommit.compressNInjective,Dregg2.Circuit.StateCommit.logHashInjective	-
CARRIER	Dregg2.Circuit.Argus.Receipt.argus_circuit_executor_receipts_agree	Dregg2.Circuit.Argus.Receipt	Dregg2/Circuit/Argus/Receipt.lean	260	298	thm	threader	eq	5	Dregg2.Circuit.StateCommit.compressInjective,Dregg2.Circuit.StateCommit.compressNInjective,Dregg2.Circuit.StateCommit.logHashInjective	-
CARRIER	Dregg2.Circuit.Argus.Receipt.published_position_pins_value	Dregg2.Circuit.Argus.Receipt	Dregg2/Circuit/Argus/Receipt.lean	319	328	thm	threader	eq	3	Dregg2.Circuit.Poseidon2Binding.Poseidon2SpongeCR	-
CARRIER	Dregg2.Circuit.Argus.Receipt.argus_published_index_pins_receipt	Dregg2.Circuit.Argus.Receipt	Dregg2/Circuit/Argus/Receipt.lean	330	378	thm	threader	eq	6	Dregg2.Circuit.Poseidon2Binding.Poseidon2SpongeCR,Dregg2.Circuit.StateCommit.compressInjective,Dregg2.Circuit.StateCommit.compressNInjective,Dregg2.Circuit.StateCommit.logHashInjective	simp
CARRIER	Dregg2.Circuit.Argus.Receipt.transfer_published_index_pins_receipt	Dregg2.Circuit.Argus.Receipt	Dregg2/Circuit/Argus/Receipt.lean	380	413	thm	threader	eq	7	Dregg2.Circuit.Poseidon2Binding.Poseidon2SpongeCR,Dregg2.Circuit.StateCommit.compressInjective,Dregg2.Circuit.StateCommit.compressNInjective,Dregg2.Circuit.StateCommit.logHashInjective	simp
CARRIER	Dregg2.Circuit.Argus.Receipt.transfer_commits_to_one_receipt	Dregg2.Circuit.Argus.Receipt	Dregg2/Circuit/Argus/Receipt.lean	460	494	thm	threader	eq	6	Dregg2.Circuit.StateCommit.compressInjective,Dregg2.Circuit.StateCommit.compressNInjective,Dregg2.Circuit.StateCommit.logHashInjective	simp
CARRIER	Dregg2.Circuit.Argus.Receipt.writeCell0_receipt_binds_tail	Dregg2.Circuit.Argus.Receipt	Dregg2/Circuit/Argus/Receipt.lean	560	581	thm	threader	eq	2	Dregg2.Circuit.StateCommit.compressNInjective	-
CARRIER	Dregg2.Circuit.Argus.Receipt.writeCell0_receipt_observable	Dregg2.Circuit.Argus.Receipt	Dregg2/Circuit/Argus/Receipt.lean	583	596	thm	threader	ne	3	Dregg2.Circuit.StateCommit.compressNInjective	-
CARRIER	Dregg2.Circuit.BindingAirSound.histDigest_inj	Dregg2.Circuit.BindingAirSound	Dregg2/Circuit/BindingAirSound.lean	275	307	thm	endpoint	and	0	Dregg2.Circuit.Poseidon2Binding.Poseidon2SpongeCR	simp
CARRIER	Dregg2.Circuit.BindingAirSound.digest_binds_ordered_history	Dregg2.Circuit.BindingAirSound	Dregg2/Circuit/BindingAirSound.lean	309	325	thm	threader	eq	1	Dregg2.Circuit.Poseidon2Binding.Poseidon2SpongeCR	simp
CARRIER	Dregg2.Circuit.Blake3FloorEffRegrounded.blake3NoCollision_false	Dregg2.Circuit.Blake3FloorEffRegrounded	Dregg2/Circuit/Blake3FloorEffRegrounded.lean	139	144	thm	embedded	not	0	Dregg2.Circuit.Blake3FloorReduce.Blake3NoCollision	neg-conc
CARRIER	Dregg2.Circuit.Blake3FloorEffRegrounded.blake3Family_CR_of_noCollision	Dregg2.Circuit.Blake3FloorEffRegrounded	Dregg2/Circuit/Blake3FloorEffRegrounded.lean	196	201	thm	embedded	opaque-pred	0	Dregg2.Circuit.Blake3FloorReduce.Blake3NoCollision,Dregg2.Circuit.HashFloorHonesty.CollisionResistant	emb-conc,emb-binder
CARRIER	Dregg2.Circuit.Blake3FloorReduce.blake3_noCollision_false_of_finite_range	Dregg2.Circuit.Blake3FloorReduce	Dregg2/Circuit/Blake3FloorReduce.lean	81	85	thm	embedded	not	0	Dregg2.Circuit.Blake3FloorReduce.Blake3NoCollision	neg-conc
CARRIER	Dregg2.Circuit.Blake3FloorReduce.blake3_noCollision_false_of_finite_digest	Dregg2.Circuit.Blake3FloorReduce	Dregg2/Circuit/Blake3FloorReduce.lean	87	92	thm	embedded	not	0	Dregg2.Circuit.Blake3FloorReduce.Blake3NoCollision	neg-conc,refut-witness
CARRIER	Dregg2.Circuit.Blake3FloorReduce.blake3_noCollision_false_bounded	Dregg2.Circuit.Blake3FloorReduce	Dregg2/Circuit/Blake3FloorReduce.lean	94	102	thm	embedded	not	0	Dregg2.Circuit.Blake3FloorReduce.Blake3NoCollision	neg-conc
CARRIER	Dregg2.Circuit.Blake3FloorReduce.blake3Prf_eq_shape	Dregg2.Circuit.Blake3FloorReduce	Dregg2/Circuit/Blake3FloorReduce.lean	118	120	thm	embedded	eq	0	Dregg2.Distributed.ThresholdDecrypt.Blake3Prf,Dregg2.Circuit.Blake3FloorReduce.MacPrfShape	emb-conc
CARRIER	Dregg2.Circuit.Blake3FloorReduce.macPrfShape_false_of_bounded	Dregg2.Circuit.Blake3FloorReduce	Dregg2/Circuit/Blake3FloorReduce.lean	122	135	thm	embedded	not	0	Dregg2.Circuit.Blake3FloorReduce.MacPrfShape	neg-conc,refut-witness
CARRIER	Dregg2.Circuit.Blake3FloorReduce.blake3Prf_false_of_bounded	Dregg2.Circuit.Blake3FloorReduce	Dregg2/Circuit/Blake3FloorReduce.lean	137	143	thm	embedded	not	0	Dregg2.Distributed.ThresholdDecrypt.Blake3Prf	neg-conc,refut-witness
CARRIER	Dregg2.Circuit.Blake3FloorReduce.blake3NoCollision_iff_no_break	Dregg2.Circuit.Blake3FloorReduce	Dregg2/Circuit/Blake3FloorReduce.lean	219	226	thm	embedded	iff	0	Dregg2.Circuit.Blake3FloorReduce.Blake3NoCollision	emb-conc
CARRIER	Dregg2.Circuit.Blake3FloorReduce.blake3Prf_implies_no_macCollision	Dregg2.Circuit.Blake3FloorReduce	Dregg2/Circuit/Blake3FloorReduce.lean	253	259	thm	endpoint	not	0	Dregg2.Distributed.ThresholdDecrypt.Blake3Prf	simp
CARRIER	Dregg2.Circuit.Blake3FloorReduce.collidingMac_prfShape_false	Dregg2.Circuit.Blake3FloorReduce	Dregg2/Circuit/Blake3FloorReduce.lean	295	298	thm	embedded	not	0	Dregg2.Circuit.Blake3FloorReduce.MacPrfShape	neg-conc
CARRIER	Dregg2.Circuit.BlindedMembershipBindingFromFold.blinded_membership_binding_from_fold	Dregg2.Circuit.BlindedMembershipBindingFromFold	Dregg2/Circuit/BlindedMembershipBindingFromFold.lean	155	177	thm	threader	and	1	Dregg2.Circuit.Poseidon2Binding.Poseidon2SpongeCR	simp
CARRIER	Dregg2.Circuit.BlindedMembershipBindingFromFold.honest_companion_fires	Dregg2.Circuit.BlindedMembershipBindingFromFold	Dregg2/Circuit/BlindedMembershipBindingFromFold.lean	222	234	thm	threader	and	2	Dregg2.Circuit.Poseidon2Binding.Poseidon2SpongeCR	-
CARRIER	Dregg2.Circuit.BridgeBindingFromFold.bridge_binding_from_fold	Dregg2.Circuit.BridgeBindingFromFold	Dregg2/Circuit/BridgeBindingFromFold.lean	153	186	thm	endpoint	and	0	Dregg2.Circuit.Poseidon2Binding.Poseidon2SpongeCR	simp
CARRIER	Dregg2.Circuit.BridgeBindingFromFold.honest_companion_fires	Dregg2.Circuit.BridgeBindingFromFold	Dregg2/Circuit/BridgeBindingFromFold.lean	247	263	thm	threader	and	1	Dregg2.Circuit.Poseidon2Binding.Poseidon2SpongeCR	-
CARRIER	Dregg2.Circuit.BundleCutoverCheck.root_binds_of_injective	Dregg2.Circuit.BundleCutoverCheck	Dregg2/Circuit/BundleCutoverCheck.lean	114	118	thm	threader	eq	1	Dregg2.Circuit.Poseidon2Binding.Poseidon2SpongeCR	-
CARRIER	Dregg2.Circuit.BundleCutoverCheck.forged_set_forces_collision_of_injective	Dregg2.Circuit.BundleCutoverCheck	Dregg2/Circuit/BundleCutoverCheck.lean	120	124	thm	threader	eq	1	Dregg2.Circuit.Poseidon2Binding.Poseidon2SpongeCR	-
CARRIER	Dregg2.Circuit.BundleCutoverCheck.nonmember_refused_of_injective	Dregg2.Circuit.BundleCutoverCheck	Dregg2/Circuit/BundleCutoverCheck.lean	126	132	thm	tooth	False	1	Dregg2.Circuit.Poseidon2Binding.Poseidon2SpongeCR	was-threader
CARRIER	Dregg2.Circuit.BundleCutoverCheck.compress2_binds_of_injective	Dregg2.Circuit.BundleCutoverCheck	Dregg2/Circuit/BundleCutoverCheck.lean	134	139	thm	threader	opaque-pred	1	Dregg2.Crypto.CommitmentBinding.Compress1CR	bridge
CARRIER	Dregg2.Circuit.BundleCutoverCheck.compressInjective_of_compress2_unconditional_false	Dregg2.Circuit.BundleCutoverCheck	Dregg2/Circuit/BundleCutoverCheck.lean	159	164	thm	embedded	not	0	Dregg2.Circuit.StateCommit.compressInjective	emb-conc
CARRIER	Dregg2.Circuit.CapHashBundleCutoverCheck.deployedCapHashScheme_chip_not_Compress1CR	Dregg2.Circuit.CapHashBundleCutoverCheck	Dregg2/Circuit/CapHashBundleCutoverCheck.lean	153	160	thm	embedded	not	0	Dregg2.Crypto.CommitmentBinding.Compress1CR	neg-conc
CARRIER	Dregg2.Circuit.CapHashBundleCutoverCheck.deployedCapHashScheme_field_would_be_uninhabitable	Dregg2.Circuit.CapHashBundleCutoverCheck	Dregg2/Circuit/CapHashBundleCutoverCheck.lean	162	172	thm	embedded	not	0	Dregg2.Crypto.CommitmentBinding.Compress1CR	neg-conc
CARRIER	Dregg2.Circuit.CapRootBridge.capOpensTo_functional	Dregg2.Circuit.CapRootBridge	Dregg2/Circuit/CapRootBridge.lean	157	165	thm	threader	eq	0	Dregg2.Circuit.Poseidon2Binding.Poseidon2SpongeCR	simp
CARRIER	Dregg2.Circuit.CapRootBridge.capOpen_implies_authorizedB	Dregg2.Circuit.CapRootBridge	Dregg2/Circuit/CapRootBridge.lean	169	215	thm	threader	eq	1	Dregg2.Circuit.Poseidon2Binding.Poseidon2SpongeCR	simp
CARRIER	Dregg2.Circuit.CapRootBridge.bridge_fires	Dregg2.Circuit.CapRootBridge	Dregg2/Circuit/CapRootBridge.lean	269	302	thm	endpoint	eq	2	Dregg2.Circuit.Poseidon2Binding.Poseidon2SpongeCR	simp
CARRIER	Dregg2.Circuit.ChipTableReduction.arithSound_not_CR	Dregg2.Circuit.ChipTableReduction	Dregg2/Circuit/ChipTableReduction.lean	271	287	thm	embedded	exists	0	Dregg2.Circuit.Poseidon2Binding.Poseidon2SpongeCR	emb-conc
CARRIER	Dregg2.Circuit.CircuitCompleteness.transfer_descriptorComplete	Dregg2.Circuit.CircuitCompleteness	Dregg2/Circuit/CircuitCompleteness.lean	397	456	thm	threader	exists	2	Dregg2.Circuit.StateCommit.compressInjective,Dregg2.Circuit.StateCommit.compressNInjective,Dregg2.Circuit.StateCommit.cellLeafInjective	conc-floor
CARRIER	Dregg2.Circuit.CircuitCompletenessAssembled.descriptorComplete_transfer	Dregg2.Circuit.CircuitCompletenessAssembled	Dregg2/Circuit/CircuitCompletenessAssembled.lean	486	505	thm	threader	opaque-pred	2	Dregg2.Circuit.StateCommit.compressInjective,Dregg2.Circuit.StateCommit.compressNInjective,Dregg2.Circuit.StateCommit.cellLeafInjective	conc-floor,simp
CARRIER	Dregg2.Circuit.CircuitCompletenessAssembled.lightclient_complete_transfer	Dregg2.Circuit.CircuitCompletenessAssembled	Dregg2/Circuit/CircuitCompletenessAssembled.lean	758	783	thm	threader	exists	3	Dregg2.Circuit.StateCommit.compressInjective,Dregg2.Circuit.StateCommit.compressNInjective,Dregg2.Circuit.StateCommit.cellLeafInjective	conc-floor
CARRIER	Dregg2.Circuit.CircuitCompletenessAssembled.verifyBatch_kernel_bidirectional	Dregg2.Circuit.CircuitCompletenessAssembled	Dregg2/Circuit/CircuitCompletenessAssembled.lean	821	868	thm	threader	and	3	Dregg2.Circuit.Poseidon2Binding.Poseidon2SpongeCR	uses-propdef
CARRIER	Dregg2.Circuit.CircuitCompletenessTransferConstruct.transfer_descriptorComplete_reduced	Dregg2.Circuit.CircuitCompletenessTransferConstruct	Dregg2/Circuit/CircuitCompletenessTransferConstruct.lean	92	118	thm	threader	exists	2	Dregg2.Circuit.StateCommit.compressInjective,Dregg2.Circuit.StateCommit.compressNInjective,Dregg2.Circuit.StateCommit.cellLeafInjective	conc-floor
CARRIER	Dregg2.Circuit.CircuitSoundness.CommitSurface.mk.injEq	Dregg2.Circuit.CircuitSoundness	Dregg2/Circuit/CircuitSoundness.lean	0	0	thm	threader	eq	3	Dregg2.Circuit.StateCommit.compressInjective,Dregg2.Circuit.StateCommit.compressNInjective,Dregg2.Circuit.StateCommit.cellLeafInjective	conc-floor,auto-name,transport
CARRIER	Dregg2.Circuit.CircuitSoundness.CommitSurface.mk.sizeOf_spec	Dregg2.Circuit.CircuitSoundness	Dregg2/Circuit/CircuitSoundness.lean	0	0	thm	dead	eq	0	Dregg2.Circuit.StateCommit.compressInjective,Dregg2.Circuit.StateCommit.compressNInjective,Dregg2.Circuit.StateCommit.cellLeafInjective	conc-floor,auto-name
CARRIER	Dregg2.Circuit.CircuitSoundness.CommitSurface.mk.inj	Dregg2.Circuit.CircuitSoundness	Dregg2/Circuit/CircuitSoundness.lean	0	0	thm	threader	and	2	Dregg2.Circuit.StateCommit.compressInjective,Dregg2.Circuit.StateCommit.compressNInjective,Dregg2.Circuit.StateCommit.cellLeafInjective	-
CARRIER	Dregg2.Circuit.CircuitSoundness.CommitSurface.recOn	Dregg2.Circuit.CircuitSoundness	Dregg2/Circuit/CircuitSoundness.lean	115	137	def	embedded	other	0	Dregg2.Circuit.StateCommit.compressInjective,Dregg2.Circuit.StateCommit.compressNInjective,Dregg2.Circuit.StateCommit.cellLeafInjective	struct-boiler,emb-binder
CARRIER	Dregg2.Circuit.CircuitSoundness.CommitSurface.rec	Dregg2.Circuit.CircuitSoundness	Dregg2/Circuit/CircuitSoundness.lean	115	137	rec	embedded	other	0	Dregg2.Circuit.StateCommit.compressInjective,Dregg2.Circuit.StateCommit.compressNInjective,Dregg2.Circuit.StateCommit.cellLeafInjective	emb-binder
CARRIER	Dregg2.Circuit.CircuitSoundness.CommitSurface.casesOn	Dregg2.Circuit.CircuitSoundness	Dregg2/Circuit/CircuitSoundness.lean	115	137	def	embedded	other	0	Dregg2.Circuit.StateCommit.compressInjective,Dregg2.Circuit.StateCommit.compressNInjective,Dregg2.Circuit.StateCommit.cellLeafInjective	struct-boiler,emb-binder
CARRIER	Dregg2.Circuit.CircuitSoundness.CommitSurface.mk.noConfusion	Dregg2.Circuit.CircuitSoundness	Dregg2/Circuit/CircuitSoundness.lean	117	117	def	threader	other	1	Dregg2.Circuit.StateCommit.compressInjective,Dregg2.Circuit.StateCommit.compressNInjective,Dregg2.Circuit.StateCommit.cellLeafInjective	struct-boiler,auto-name
CARRIER	Dregg2.Circuit.CircuitSoundness.CommitSurface.mk	Dregg2.Circuit.CircuitSoundness	Dregg2/Circuit/CircuitSoundness.lean	117	117	ctor	no-value	opaque-pred	0	Dregg2.Circuit.StateCommit.compressInjective,Dregg2.Circuit.StateCommit.compressNInjective,Dregg2.Circuit.StateCommit.cellLeafInjective	struct-boiler
CARRIER	Dregg2.Circuit.CircuitSoundness.CommitSurface.cmbInj	Dregg2.Circuit.CircuitSoundness	Dregg2/Circuit/CircuitSoundness.lean	129	129	thm	embedded	opaque-pred	0	Dregg2.Circuit.StateCommit.compressInjective	struct-boiler,emb-conc
CARRIER	Dregg2.Circuit.CircuitSoundness.CommitSurface.compInj	Dregg2.Circuit.CircuitSoundness	Dregg2/Circuit/CircuitSoundness.lean	131	131	thm	embedded	opaque-pred	0	Dregg2.Circuit.StateCommit.compressInjective	struct-boiler,emb-conc
CARRIER	Dregg2.Circuit.CircuitSoundness.CommitSurface.compNInj	Dregg2.Circuit.CircuitSoundness	Dregg2/Circuit/CircuitSoundness.lean	133	133	thm	embedded	opaque-pred	0	Dregg2.Circuit.StateCommit.compressNInjective	struct-boiler,emb-conc
CARRIER	Dregg2.Circuit.CircuitSoundness.CommitSurface.leafInj	Dregg2.Circuit.CircuitSoundness	Dregg2/Circuit/CircuitSoundness.lean	135	135	thm	embedded	opaque-pred	0	Dregg2.Circuit.StateCommit.cellLeafInjective	struct-boiler,emb-conc
CARRIER	Dregg2.Circuit.CircuitSoundness.descriptorRefines	Dregg2.Circuit.CircuitSoundness	Dregg2/Circuit/CircuitSoundness.lean	230	243	def	prop-body	other	0	Dregg2.Circuit.Poseidon2Binding.Poseidon2SpongeCR	direct
CARRIER	Dregg2.Circuit.CircuitSoundness.lightclient_unfoolable	Dregg2.Circuit.CircuitSoundness	Dregg2/Circuit/CircuitSoundness.lean	571	597	thm	threader	exists	1	Dregg2.Circuit.Poseidon2Binding.Poseidon2SpongeCR	uses-propdef,ho-thread
CARRIER	Dregg2.Circuit.CircuitSoundness.lightclient_turn_unfoolable	Dregg2.Circuit.CircuitSoundness	Dregg2/Circuit/CircuitSoundness.lean	615	638	thm	threader	exists	2	Dregg2.Circuit.Poseidon2Binding.Poseidon2SpongeCR	uses-propdef,simp
CARRIER	Dregg2.Circuit.CircuitSoundness.stepsRefine_of_descriptorRefines	Dregg2.Circuit.CircuitSoundness	Dregg2/Circuit/CircuitSoundness.lean	726	744	thm	threader	opaque-pred	1	Dregg2.Circuit.Poseidon2Binding.Poseidon2SpongeCR	uses-propdef,ho-thread
CARRIER	Dregg2.Circuit.CircuitSoundness.lightclient_turn_unfoolable_forest	Dregg2.Circuit.CircuitSoundness	Dregg2/Circuit/CircuitSoundness.lean	954	975	thm	threader	exists	2	Dregg2.Circuit.Poseidon2Binding.Poseidon2SpongeCR	uses-propdef
CARRIER	Dregg2.Circuit.CircuitSoundnessAssembled.EffectDecodeBridge	Dregg2.Circuit.CircuitSoundnessAssembled	Dregg2/Circuit/CircuitSoundnessAssembled.lean	654	661	def	prop-body	other	1	Dregg2.Circuit.Poseidon2Binding.Poseidon2SpongeCR	via-propdef
CARRIER	Dregg2.Circuit.CircuitSoundnessAssembled.effectDecodeBridge_eq	Dregg2.Circuit.CircuitSoundnessAssembled	Dregg2/Circuit/CircuitSoundnessAssembled.lean	663	665	thm	propdef-user	eq	2	Dregg2.Circuit.Poseidon2Binding.Poseidon2SpongeCR	uses-propdef
CARRIER	Dregg2.Circuit.CircuitSoundnessAssembled.hrefinesAll	Dregg2.Circuit.CircuitSoundnessAssembled	Dregg2/Circuit/CircuitSoundnessAssembled.lean	674	680	thm	propdef-user	opaque-pred	2	Dregg2.Circuit.Poseidon2Binding.Poseidon2SpongeCR	uses-propdef
CARRIER	Dregg2.Circuit.CircuitSoundnessAssembled.lightclient_unfoolable_assembled	Dregg2.Circuit.CircuitSoundnessAssembled	Dregg2/Circuit/CircuitSoundnessAssembled.lean	690	702	thm	threader	exists	2	Dregg2.Circuit.Poseidon2Binding.Poseidon2SpongeCR	uses-propdef
CARRIER	Dregg2.Circuit.CircuitSoundnessAssembled.lightclient_turn_unfoolable_forest_assembled	Dregg2.Circuit.CircuitSoundnessAssembled	Dregg2/Circuit/CircuitSoundnessAssembled.lean	713	724	thm	threader	exists	3	Dregg2.Circuit.Poseidon2Binding.Poseidon2SpongeCR	uses-propdef
CARRIER	Dregg2.Circuit.ClosureAll.transfer_closedLog	Dregg2.Circuit.ClosureAll	Dregg2/Circuit/ClosureAll.lean	151	167	thm	threader	opaque-pred	3	Dregg2.Circuit.StateCommit.compressInjective,Dregg2.Circuit.StateCommit.compressNInjective,Dregg2.Circuit.StateCommit.cellLeafInjective	-
CARRIER	Dregg2.Circuit.ClosureAll.cellSeal_closedLog	Dregg2.Circuit.ClosureAll	Dregg2/Circuit/ClosureAll.lean	169	185	thm	threader	opaque-pred	6	Dregg2.Circuit.StateCommit.compressInjective,Dregg2.Circuit.StateCommit.compressNInjective,Dregg2.Circuit.StateCommit.cellLeafInjective	-
CARRIER	Dregg2.Circuit.ClosureAll.cellSeal_closedLog_sat	Dregg2.Circuit.ClosureAll	Dregg2/Circuit/ClosureAll.lean	187	207	thm	threader	opaque-pred	3	Dregg2.Circuit.StateCommit.compressInjective,Dregg2.Circuit.StateCommit.compressNInjective,Dregg2.Circuit.StateCommit.cellLeafInjective	-
CARRIER	Dregg2.Circuit.ClosureAll.revoke_closedLog	Dregg2.Circuit.ClosureAll	Dregg2/Circuit/ClosureAll.lean	209	221	thm	threader	opaque-pred	3	Dregg2.Circuit.StateCommit.compressInjective,Dregg2.Circuit.StateCommit.compressNInjective,Dregg2.Circuit.StateCommit.cellLeafInjective	-
CARRIER	Dregg2.Circuit.ClosureAll.delegate_closedLog	Dregg2.Circuit.ClosureAll	Dregg2/Circuit/ClosureAll.lean	226	243	thm	threader	opaque-pred	2	Dregg2.Circuit.StateCommit.compressInjective,Dregg2.Circuit.StateCommit.compressNInjective,Dregg2.Circuit.StateCommit.cellLeafInjective	-
CARRIER	Dregg2.Circuit.ClosureAll.introduce_closedLog	Dregg2.Circuit.ClosureAll	Dregg2/Circuit/ClosureAll.lean	245	262	thm	threader	opaque-pred	2	Dregg2.Circuit.StateCommit.compressInjective,Dregg2.Circuit.StateCommit.compressNInjective,Dregg2.Circuit.StateCommit.cellLeafInjective	-
CARRIER	Dregg2.Circuit.ClosureAll.attenuate_closedLog	Dregg2.Circuit.ClosureAll	Dregg2/Circuit/ClosureAll.lean	264	281	thm	threader	opaque-pred	2	Dregg2.Circuit.StateCommit.compressInjective,Dregg2.Circuit.StateCommit.compressNInjective,Dregg2.Circuit.StateCommit.cellLeafInjective	-
CARRIER	Dregg2.Circuit.ClosureAll.delegateAtten_closedLog	Dregg2.Circuit.ClosureAll	Dregg2/Circuit/ClosureAll.lean	283	300	thm	threader	opaque-pred	2	Dregg2.Circuit.StateCommit.compressInjective,Dregg2.Circuit.StateCommit.compressNInjective,Dregg2.Circuit.StateCommit.cellLeafInjective	-
CARRIER	Dregg2.Circuit.ClosureAll.revokeDelegation_closedLog	Dregg2.Circuit.ClosureAll	Dregg2/Circuit/ClosureAll.lean	302	321	thm	threader	opaque-pred	2	Dregg2.Circuit.StateCommit.compressInjective,Dregg2.Circuit.StateCommit.compressNInjective,Dregg2.Circuit.StateCommit.cellLeafInjective	-
CARRIER	Dregg2.Circuit.ClosureAll.refreshDelegation_closedLog	Dregg2.Circuit.ClosureAll	Dregg2/Circuit/ClosureAll.lean	323	343	thm	threader	opaque-pred	2	Dregg2.Circuit.StateCommit.compressInjective,Dregg2.Circuit.StateCommit.compressNInjective,Dregg2.Circuit.StateCommit.cellLeafInjective	-
CARRIER	Dregg2.Circuit.ClosureAll.cellUnseal_closedLog	Dregg2.Circuit.ClosureAll	Dregg2/Circuit/ClosureAll.lean	348	369	thm	threader	opaque-pred	5	Dregg2.Circuit.StateCommit.compressInjective,Dregg2.Circuit.StateCommit.compressNInjective,Dregg2.Circuit.StateCommit.cellLeafInjective	-
CARRIER	Dregg2.Circuit.ClosureAll.cellDestroy_closedLog	Dregg2.Circuit.ClosureAll	Dregg2/Circuit/ClosureAll.lean	371	392	thm	threader	opaque-pred	4	Dregg2.Circuit.StateCommit.compressInjective,Dregg2.Circuit.StateCommit.compressNInjective,Dregg2.Circuit.StateCommit.cellLeafInjective	-
CARRIER	Dregg2.Circuit.ClosureAll.refusal_closedLog	Dregg2.Circuit.ClosureAll	Dregg2/Circuit/ClosureAll.lean	394	414	thm	threader	opaque-pred	2	Dregg2.Circuit.StateCommit.compressInjective,Dregg2.Circuit.StateCommit.compressNInjective,Dregg2.Circuit.StateCommit.cellLeafInjective	-
CARRIER	Dregg2.Circuit.ClosureAll.receiptArchive_closedLog_sat	Dregg2.Circuit.ClosureAll	Dregg2/Circuit/ClosureAll.lean	416	443	thm	threader	opaque-pred	2	Dregg2.Circuit.StateCommit.compressInjective,Dregg2.Circuit.StateCommit.compressNInjective,Dregg2.Circuit.StateCommit.cellLeafInjective	-
CARRIER	Dregg2.Circuit.ClosureAll.setPermissions_closedLog	Dregg2.Circuit.ClosureAll	Dregg2/Circuit/ClosureAll.lean	447	467	thm	threader	opaque-pred	2	Dregg2.Circuit.StateCommit.compressInjective,Dregg2.Circuit.StateCommit.compressNInjective,Dregg2.Circuit.StateCommit.cellLeafInjective	-
CARRIER	Dregg2.Circuit.ClosureAll.setVK_closedLog	Dregg2.Circuit.ClosureAll	Dregg2/Circuit/ClosureAll.lean	469	489	thm	threader	opaque-pred	2	Dregg2.Circuit.StateCommit.compressInjective,Dregg2.Circuit.StateCommit.compressNInjective,Dregg2.Circuit.StateCommit.cellLeafInjective	-
CARRIER	Dregg2.Circuit.ClosureAll.emitEvent_closedLog	Dregg2.Circuit.ClosureAll	Dregg2/Circuit/ClosureAll.lean	491	507	thm	threader	opaque-pred	2	Dregg2.Circuit.StateCommit.compressInjective,Dregg2.Circuit.StateCommit.compressNInjective,Dregg2.Circuit.StateCommit.cellLeafInjective	-
CARRIER	Dregg2.Circuit.ClosureAll.incrementNonce_closedLog	Dregg2.Circuit.ClosureAll	Dregg2/Circuit/ClosureAll.lean	511	534	thm	threader	opaque-pred	2	Dregg2.Circuit.StateCommit.compressInjective,Dregg2.Circuit.StateCommit.compressNInjective,Dregg2.Circuit.StateCommit.cellLeafInjective	-
CARRIER	Dregg2.Circuit.ClosureAll.mint_closedLog	Dregg2.Circuit.ClosureAll	Dregg2/Circuit/ClosureAll.lean	538	562	thm	threader	opaque-pred	2	Dregg2.Circuit.StateCommit.compressInjective,Dregg2.Circuit.StateCommit.compressNInjective,Dregg2.Circuit.StateCommit.cellLeafInjective	-
CARRIER	Dregg2.Circuit.ClosureAll.burn_closedLog	Dregg2.Circuit.ClosureAll	Dregg2/Circuit/ClosureAll.lean	564	588	thm	threader	opaque-pred	2	Dregg2.Circuit.StateCommit.compressInjective,Dregg2.Circuit.StateCommit.compressNInjective,Dregg2.Circuit.StateCommit.cellLeafInjective	-
CARRIER	Dregg2.Circuit.ClosureAll.bridgeMint_closedLog	Dregg2.Circuit.ClosureAll	Dregg2/Circuit/ClosureAll.lean	590	614	thm	threader	opaque-pred	2	Dregg2.Circuit.StateCommit.compressInjective,Dregg2.Circuit.StateCommit.compressNInjective,Dregg2.Circuit.StateCommit.cellLeafInjective	-
CARRIER	Dregg2.Circuit.ClosureAll.setField_closedLog	Dregg2.Circuit.ClosureAll	Dregg2/Circuit/ClosureAll.lean	618	640	thm	threader	opaque-pred	2	Dregg2.Circuit.StateCommit.compressInjective,Dregg2.Circuit.StateCommit.compressNInjective,Dregg2.Circuit.StateCommit.cellLeafInjective	-
CARRIER	Dregg2.Circuit.ClosureAll.makeSovereign_closedLog	Dregg2.Circuit.ClosureAll	Dregg2/Circuit/ClosureAll.lean	644	663	thm	threader	opaque-pred	2	Dregg2.Circuit.StateCommit.compressInjective,Dregg2.Circuit.StateCommit.compressNInjective,Dregg2.Circuit.StateCommit.cellLeafInjective	-
CARRIER	Dregg2.Circuit.ClosureAll.setFieldDyn_closedLog	Dregg2.Circuit.ClosureAll	Dregg2/Circuit/ClosureAll.lean	665	687	thm	threader	opaque-pred	2	Dregg2.Circuit.StateCommit.compressInjective,Dregg2.Circuit.StateCommit.compressNInjective,Dregg2.Circuit.StateCommit.cellLeafInjective	-
CARRIER	Dregg2.Circuit.ClosureAll.pipelinedSend_closedLog	Dregg2.Circuit.ClosureAll	Dregg2/Circuit/ClosureAll.lean	689	706	thm	threader	opaque-pred	2	Dregg2.Circuit.StateCommit.compressInjective,Dregg2.Circuit.StateCommit.compressNInjective,Dregg2.Circuit.StateCommit.cellLeafInjective	-
CARRIER	Dregg2.Circuit.ClosureAll.createCell_closedLog	Dregg2.Circuit.ClosureAll	Dregg2/Circuit/ClosureAll.lean	710	731	thm	threader	opaque-pred	3	Dregg2.Circuit.StateCommit.compressInjective,Dregg2.Circuit.StateCommit.compressNInjective,Dregg2.Circuit.StateCommit.cellLeafInjective	-
CARRIER	Dregg2.Circuit.ClosureAll.createCellFromFactory_closedLog	Dregg2.Circuit.ClosureAll	Dregg2/Circuit/ClosureAll.lean	733	754	thm	threader	opaque-pred	3	Dregg2.Circuit.StateCommit.compressInjective,Dregg2.Circuit.StateCommit.compressNInjective,Dregg2.Circuit.StateCommit.cellLeafInjective	-
CARRIER	Dregg2.Circuit.ClosureAll.spawn_closedLog	Dregg2.Circuit.ClosureAll	Dregg2/Circuit/ClosureAll.lean	756	777	thm	threader	opaque-pred	3	Dregg2.Circuit.StateCommit.compressInjective,Dregg2.Circuit.StateCommit.compressNInjective,Dregg2.Circuit.StateCommit.cellLeafInjective	-
CARRIER	Dregg2.Circuit.ClosureAll.noteSpend_closedLog	Dregg2.Circuit.ClosureAll	Dregg2/Circuit/ClosureAll.lean	781	802	thm	threader	opaque-pred	4	Dregg2.Circuit.StateCommit.compressInjective,Dregg2.Circuit.StateCommit.compressNInjective,Dregg2.Circuit.StateCommit.cellLeafInjective	-
CARRIER	Dregg2.Circuit.ClosureAll.noteCreate_closedLog	Dregg2.Circuit.ClosureAll	Dregg2/Circuit/ClosureAll.lean	804	825	thm	threader	opaque-pred	4	Dregg2.Circuit.StateCommit.compressInjective,Dregg2.Circuit.StateCommit.compressNInjective,Dregg2.Circuit.StateCommit.cellLeafInjective	-
CARRIER	Dregg2.Circuit.ClosureAll.heapWrite_closedLog_sat	Dregg2.Circuit.ClosureAll	Dregg2/Circuit/ClosureAll.lean	829	857	thm	threader	opaque-pred	2	Dregg2.Circuit.StateCommit.compressInjective,Dregg2.Circuit.StateCommit.compressNInjective,Dregg2.Circuit.StateCommit.cellLeafInjective	-
CARRIER	Dregg2.Circuit.ClosureAll.exercise_closedLog	Dregg2.Circuit.ClosureAll	Dregg2/Circuit/ClosureAll.lean	862	877	thm	threader	opaque-pred	2	Dregg2.Circuit.StateCommit.compressInjective,Dregg2.Circuit.StateCommit.compressNInjective,Dregg2.Circuit.StateCommit.cellLeafInjective	-
CARRIER	Dregg2.Circuit.ClosureAll.exercise_closedLog_capOpenSat	Dregg2.Circuit.ClosureAll	Dregg2/Circuit/ClosureAll.lean	879	900	thm	threader	opaque-pred	2	Dregg2.Circuit.StateCommit.compressInjective,Dregg2.Circuit.StateCommit.compressNInjective,Dregg2.Circuit.StateCommit.cellLeafInjective	-
CARRIER	Dregg2.Circuit.ClosureAll.revoke_closedLog_sat	Dregg2.Circuit.ClosureAll	Dregg2/Circuit/ClosureAll.lean	912	941	thm	threader	opaque-pred	2	Dregg2.Circuit.StateCommit.compressInjective,Dregg2.Circuit.StateCommit.compressNInjective,Dregg2.Circuit.StateCommit.cellLeafInjective	-
CARRIER	Dregg2.Circuit.ClosureAll.revokeCapability_closedLog_capOpenSat	Dregg2.Circuit.ClosureAll	Dregg2/Circuit/ClosureAll.lean	943	975	thm	threader	opaque-pred	2	Dregg2.Circuit.StateCommit.compressInjective,Dregg2.Circuit.StateCommit.compressNInjective,Dregg2.Circuit.StateCommit.cellLeafInjective	-
CARRIER	Dregg2.Circuit.ClosureAll.delegate_closedLog_sat	Dregg2.Circuit.ClosureAll	Dregg2/Circuit/ClosureAll.lean	984	1009	thm	threader	opaque-pred	2	Dregg2.Circuit.StateCommit.compressInjective,Dregg2.Circuit.StateCommit.compressNInjective,Dregg2.Circuit.StateCommit.cellLeafInjective	-
CARRIER	Dregg2.Circuit.ClosureAll.introduce_closedLog_sat	Dregg2.Circuit.ClosureAll	Dregg2/Circuit/ClosureAll.lean	1011	1037	thm	threader	opaque-pred	2	Dregg2.Circuit.StateCommit.compressInjective,Dregg2.Circuit.StateCommit.compressNInjective,Dregg2.Circuit.StateCommit.cellLeafInjective	-
CARRIER	Dregg2.Circuit.ClosureAll.delegateAtten_closedLog_sat	Dregg2.Circuit.ClosureAll	Dregg2/Circuit/ClosureAll.lean	1039	1067	thm	threader	opaque-pred	2	Dregg2.Circuit.StateCommit.compressInjective,Dregg2.Circuit.StateCommit.compressNInjective,Dregg2.Circuit.StateCommit.cellLeafInjective	-
CARRIER	Dregg2.Circuit.ClosureAll.revokeDelegation_closedLog_sat	Dregg2.Circuit.ClosureAll	Dregg2/Circuit/ClosureAll.lean	1069	1097	thm	threader	opaque-pred	2	Dregg2.Circuit.StateCommit.compressInjective,Dregg2.Circuit.StateCommit.compressNInjective,Dregg2.Circuit.StateCommit.cellLeafInjective	-
CARRIER	Dregg2.Circuit.ClosureAll.revoke_closedLog_capOpenSat	Dregg2.Circuit.ClosureAll	Dregg2/Circuit/ClosureAll.lean	1099	1128	thm	threader	opaque-pred	2	Dregg2.Circuit.StateCommit.compressInjective,Dregg2.Circuit.StateCommit.compressNInjective,Dregg2.Circuit.StateCommit.cellLeafInjective	-
CARRIER	Dregg2.Circuit.ClosureAll.refreshDelegation_closedLog_sat	Dregg2.Circuit.ClosureAll	Dregg2/Circuit/ClosureAll.lean	1130	1162	thm	threader	opaque-pred	2	Dregg2.Circuit.StateCommit.compressInjective,Dregg2.Circuit.StateCommit.compressNInjective,Dregg2.Circuit.StateCommit.cellLeafInjective	-
CARRIER	Dregg2.Circuit.ClosureAll.attenuate_closedLog_sat	Dregg2.Circuit.ClosureAll	Dregg2/Circuit/ClosureAll.lean	1164	1197	thm	threader	opaque-pred	2	Dregg2.Circuit.StateCommit.compressInjective,Dregg2.Circuit.StateCommit.compressNInjective,Dregg2.Circuit.StateCommit.cellLeafInjective	-
CARRIER	Dregg2.Circuit.ClosureAll.setPermissions_closedLog_sat	Dregg2.Circuit.ClosureAll	Dregg2/Circuit/ClosureAll.lean	1199	1222	thm	threader	opaque-pred	2	Dregg2.Circuit.StateCommit.compressInjective,Dregg2.Circuit.StateCommit.compressNInjective,Dregg2.Circuit.StateCommit.cellLeafInjective	-
CARRIER	Dregg2.Circuit.ClosureAll.setVK_closedLog_sat	Dregg2.Circuit.ClosureAll	Dregg2/Circuit/ClosureAll.lean	1224	1247	thm	threader	opaque-pred	2	Dregg2.Circuit.StateCommit.compressInjective,Dregg2.Circuit.StateCommit.compressNInjective,Dregg2.Circuit.StateCommit.cellLeafInjective	-
CARRIER	Dregg2.Circuit.ClosureAll.setProgram_closedLog_sat	Dregg2.Circuit.ClosureAll	Dregg2/Circuit/ClosureAll.lean	1249	1274	thm	threader	opaque-pred	2	Dregg2.Circuit.StateCommit.compressInjective,Dregg2.Circuit.StateCommit.compressNInjective,Dregg2.Circuit.StateCommit.cellLeafInjective	-
CARRIER	Dregg2.Circuit.ClosureAll.createCell_closedLog_sat	Dregg2.Circuit.ClosureAll	Dregg2/Circuit/ClosureAll.lean	1276	1298	thm	threader	opaque-pred	2	Dregg2.Circuit.StateCommit.compressInjective,Dregg2.Circuit.StateCommit.compressNInjective,Dregg2.Circuit.StateCommit.cellLeafInjective	-
CARRIER	Dregg2.Circuit.ClosureAll.createCellFromFactory_closedLog_sat	Dregg2.Circuit.ClosureAll	Dregg2/Circuit/ClosureAll.lean	1300	1322	thm	threader	opaque-pred	2	Dregg2.Circuit.StateCommit.compressInjective,Dregg2.Circuit.StateCommit.compressNInjective,Dregg2.Circuit.StateCommit.cellLeafInjective	-
CARRIER	Dregg2.Circuit.ClosureAll.spawn_closedLog_sat	Dregg2.Circuit.ClosureAll	Dregg2/Circuit/ClosureAll.lean	1324	1356	thm	threader	opaque-pred	2	Dregg2.Circuit.StateCommit.compressInjective,Dregg2.Circuit.StateCommit.compressNInjective,Dregg2.Circuit.StateCommit.cellLeafInjective	-
CARRIER	Dregg2.Circuit.ClosureAll.noteSpend_closedLog_sat	Dregg2.Circuit.ClosureAll	Dregg2/Circuit/ClosureAll.lean	1358	1380	thm	threader	opaque-pred	2	Dregg2.Circuit.StateCommit.compressInjective,Dregg2.Circuit.StateCommit.compressNInjective,Dregg2.Circuit.StateCommit.cellLeafInjective	-
CARRIER	Dregg2.Circuit.ClosureAll.noteCreate_closedLog_sat	Dregg2.Circuit.ClosureAll	Dregg2/Circuit/ClosureAll.lean	1382	1404	thm	threader	opaque-pred	2	Dregg2.Circuit.StateCommit.compressInjective,Dregg2.Circuit.StateCommit.compressNInjective,Dregg2.Circuit.StateCommit.cellLeafInjective	-
CARRIER	Dregg2.Circuit.ClosureAll.makeSovereign_closedLog_sat	Dregg2.Circuit.ClosureAll	Dregg2/Circuit/ClosureAll.lean	1406	1429	thm	threader	opaque-pred	2	Dregg2.Circuit.StateCommit.compressInjective,Dregg2.Circuit.StateCommit.compressNInjective,Dregg2.Circuit.StateCommit.cellLeafInjective	-
CARRIER	Dregg2.Circuit.ClosureAll.refusal_closedLog_sat	Dregg2.Circuit.ClosureAll	Dregg2/Circuit/ClosureAll.lean	1431	1457	thm	threader	opaque-pred	2	Dregg2.Circuit.StateCommit.compressInjective,Dregg2.Circuit.StateCommit.compressNInjective,Dregg2.Circuit.StateCommit.cellLeafInjective	-
CARRIER	Dregg2.Circuit.ClosureAll.cellUnseal_closedLog_sat	Dregg2.Circuit.ClosureAll	Dregg2/Circuit/ClosureAll.lean	1459	1483	thm	threader	opaque-pred	2	Dregg2.Circuit.StateCommit.compressInjective,Dregg2.Circuit.StateCommit.compressNInjective,Dregg2.Circuit.StateCommit.cellLeafInjective	-
CARRIER	Dregg2.Circuit.ClosureAll.cellDestroy_closedLog_sat	Dregg2.Circuit.ClosureAll	Dregg2/Circuit/ClosureAll.lean	1485	1512	thm	threader	opaque-pred	3	Dregg2.Circuit.StateCommit.compressInjective,Dregg2.Circuit.StateCommit.compressNInjective,Dregg2.Circuit.StateCommit.cellLeafInjective	-
CARRIER	Dregg2.Circuit.ClosureAll.effectDecodeBridge_of_closedLogExtract	Dregg2.Circuit.ClosureAll	Dregg2/Circuit/ClosureAll.lean	1557	1575	thm	propdef-user	opaque-pred	2	Dregg2.Circuit.Poseidon2Binding.Poseidon2SpongeCR	uses-propdef
CARRIER	Dregg2.Circuit.ClosureAll.hrefinesAllClosed	Dregg2.Circuit.ClosureAll	Dregg2/Circuit/ClosureAll.lean	1579	1593	thm	propdef-user	opaque-pred	1	Dregg2.Circuit.Poseidon2Binding.Poseidon2SpongeCR	uses-propdef
CARRIER	Dregg2.Circuit.ClosureAll.lightclient_unfoolable_closed	Dregg2.Circuit.ClosureAll	Dregg2/Circuit/ClosureAll.lean	1597	1623	thm	threader	exists	2	Dregg2.Circuit.Poseidon2Binding.Poseidon2SpongeCR	-
CARRIER	Dregg2.Circuit.ClosureAll.closedLogExtract_transfer	Dregg2.Circuit.ClosureAll	Dregg2/Circuit/ClosureAll.lean	1636	1675	thm	threader	opaque-pred	4	Dregg2.Circuit.StateCommit.compressInjective,Dregg2.Circuit.StateCommit.compressNInjective,Dregg2.Circuit.StateCommit.cellLeafInjective	conc-floor
CARRIER	Dregg2.Circuit.ClosureAll.closedLogExtract_no_strength_lost	Dregg2.Circuit.ClosureAll	Dregg2/Circuit/ClosureAll.lean	1682	1697	thm	dead	opaque-pred	0	Dregg2.Circuit.Poseidon2Binding.Poseidon2SpongeCR	-
CARRIER	Dregg2.Circuit.ClosureAll.closedLogExtract_converse_costs_the_floor	Dregg2.Circuit.ClosureAll	Dregg2/Circuit/ClosureAll.lean	1699	1715	thm	threader	opaque-pred	0	Dregg2.Circuit.Poseidon2Binding.Poseidon2SpongeCR	ho-thread,ho-opaque
CARRIER	Dregg2.Circuit.ClosureFanout.closedLogExtract_delegate_closed	Dregg2.Circuit.ClosureFanout	Dregg2/Circuit/ClosureFanout.lean	125	127	thm	threader	opaque-pred	2	Dregg2.Circuit.StateCommit.compressInjective,Dregg2.Circuit.StateCommit.compressNInjective,Dregg2.Circuit.StateCommit.cellLeafInjective	conc-floor
CARRIER	Dregg2.Circuit.ClosureFanout.closedLogExtract_introduce_closed	Dregg2.Circuit.ClosureFanout	Dregg2/Circuit/ClosureFanout.lean	129	131	thm	threader	opaque-pred	2	Dregg2.Circuit.StateCommit.compressInjective,Dregg2.Circuit.StateCommit.compressNInjective,Dregg2.Circuit.StateCommit.cellLeafInjective	conc-floor
CARRIER	Dregg2.Circuit.ClosureFanout.closedLogExtract_attenuate_closed	Dregg2.Circuit.ClosureFanout	Dregg2/Circuit/ClosureFanout.lean	133	135	thm	threader	opaque-pred	2	Dregg2.Circuit.StateCommit.compressInjective,Dregg2.Circuit.StateCommit.compressNInjective,Dregg2.Circuit.StateCommit.cellLeafInjective	conc-floor
CARRIER	Dregg2.Circuit.ClosureFanout.closedLogExtract_delegateAtten_closed	Dregg2.Circuit.ClosureFanout	Dregg2/Circuit/ClosureFanout.lean	137	139	thm	threader	opaque-pred	2	Dregg2.Circuit.StateCommit.compressInjective,Dregg2.Circuit.StateCommit.compressNInjective,Dregg2.Circuit.StateCommit.cellLeafInjective	conc-floor
CARRIER	Dregg2.Circuit.ClosureFanout.closedLogExtract_revokeDelegation_closed	Dregg2.Circuit.ClosureFanout	Dregg2/Circuit/ClosureFanout.lean	141	143	thm	threader	opaque-pred	2	Dregg2.Circuit.StateCommit.compressInjective,Dregg2.Circuit.StateCommit.compressNInjective,Dregg2.Circuit.StateCommit.cellLeafInjective	conc-floor
CARRIER	Dregg2.Circuit.ClosureFanout.closedLogExtract_refreshDelegation_closed	Dregg2.Circuit.ClosureFanout	Dregg2/Circuit/ClosureFanout.lean	145	147	thm	threader	opaque-pred	2	Dregg2.Circuit.StateCommit.compressInjective,Dregg2.Circuit.StateCommit.compressNInjective,Dregg2.Circuit.StateCommit.cellLeafInjective	conc-floor
CARRIER	Dregg2.Circuit.ClosureFanout.closedLogExtract_revoke_closed	Dregg2.Circuit.ClosureFanout	Dregg2/Circuit/ClosureFanout.lean	149	151	thm	threader	opaque-pred	2	Dregg2.Circuit.StateCommit.compressInjective,Dregg2.Circuit.StateCommit.compressNInjective,Dregg2.Circuit.StateCommit.cellLeafInjective	conc-floor
CARRIER	Dregg2.Circuit.ClosureFanout.closedLogExtract_cellSeal_closed	Dregg2.Circuit.ClosureFanout	Dregg2/Circuit/ClosureFanout.lean	156	158	thm	threader	opaque-pred	2	Dregg2.Circuit.StateCommit.compressInjective,Dregg2.Circuit.StateCommit.compressNInjective,Dregg2.Circuit.StateCommit.cellLeafInjective	conc-floor
CARRIER	Dregg2.Circuit.ClosureFanout.closedLogExtract_cellUnseal_closed	Dregg2.Circuit.ClosureFanout	Dregg2/Circuit/ClosureFanout.lean	160	162	thm	threader	opaque-pred	2	Dregg2.Circuit.StateCommit.compressInjective,Dregg2.Circuit.StateCommit.compressNInjective,Dregg2.Circuit.StateCommit.cellLeafInjective	conc-floor
CARRIER	Dregg2.Circuit.ClosureFanout.closedLogExtract_cellDestroy_closed	Dregg2.Circuit.ClosureFanout	Dregg2/Circuit/ClosureFanout.lean	164	166	thm	threader	opaque-pred	2	Dregg2.Circuit.StateCommit.compressInjective,Dregg2.Circuit.StateCommit.compressNInjective,Dregg2.Circuit.StateCommit.cellLeafInjective	conc-floor
CARRIER	Dregg2.Circuit.ClosureFanout.closedLogExtract_refusal_closed	Dregg2.Circuit.ClosureFanout	Dregg2/Circuit/ClosureFanout.lean	168	170	thm	threader	opaque-pred	2	Dregg2.Circuit.StateCommit.compressInjective,Dregg2.Circuit.StateCommit.compressNInjective,Dregg2.Circuit.StateCommit.cellLeafInjective	conc-floor
CARRIER	Dregg2.Circuit.ClosureFanout.closedLogExtract_receiptArchive_closed	Dregg2.Circuit.ClosureFanout	Dregg2/Circuit/ClosureFanout.lean	172	174	thm	threader	opaque-pred	2	Dregg2.Circuit.StateCommit.compressInjective,Dregg2.Circuit.StateCommit.compressNInjective,Dregg2.Circuit.StateCommit.cellLeafInjective	conc-floor
CARRIER	Dregg2.Circuit.ClosureFanout.closedLogExtract_setPermissions_closed	Dregg2.Circuit.ClosureFanout	Dregg2/Circuit/ClosureFanout.lean	178	180	thm	threader	opaque-pred	2	Dregg2.Circuit.StateCommit.compressInjective,Dregg2.Circuit.StateCommit.compressNInjective,Dregg2.Circuit.StateCommit.cellLeafInjective	conc-floor
CARRIER	Dregg2.Circuit.ClosureFanout.closedLogExtract_setVK_closed	Dregg2.Circuit.ClosureFanout	Dregg2/Circuit/ClosureFanout.lean	182	184	thm	threader	opaque-pred	2	Dregg2.Circuit.StateCommit.compressInjective,Dregg2.Circuit.StateCommit.compressNInjective,Dregg2.Circuit.StateCommit.cellLeafInjective	conc-floor
CARRIER	Dregg2.Circuit.ClosureFanout.closedLogExtract_emitEvent_closed	Dregg2.Circuit.ClosureFanout	Dregg2/Circuit/ClosureFanout.lean	186	188	thm	threader	opaque-pred	2	Dregg2.Circuit.StateCommit.compressInjective,Dregg2.Circuit.StateCommit.compressNInjective,Dregg2.Circuit.StateCommit.cellLeafInjective	conc-floor
CARRIER	Dregg2.Circuit.ClosureFanout.closedLogExtract_incrementNonce_closed	Dregg2.Circuit.ClosureFanout	Dregg2/Circuit/ClosureFanout.lean	193	195	thm	threader	opaque-pred	2	Dregg2.Circuit.StateCommit.compressInjective,Dregg2.Circuit.StateCommit.compressNInjective,Dregg2.Circuit.StateCommit.cellLeafInjective	conc-floor
CARRIER	Dregg2.Circuit.ClosureFanout.closedLogExtract_mint_closed	Dregg2.Circuit.ClosureFanout	Dregg2/Circuit/ClosureFanout.lean	197	199	thm	threader	opaque-pred	2	Dregg2.Circuit.StateCommit.compressInjective,Dregg2.Circuit.StateCommit.compressNInjective,Dregg2.Circuit.StateCommit.cellLeafInjective	conc-floor
CARRIER	Dregg2.Circuit.ClosureFanout.closedLogExtract_burn_closed	Dregg2.Circuit.ClosureFanout	Dregg2/Circuit/ClosureFanout.lean	201	203	thm	threader	opaque-pred	2	Dregg2.Circuit.StateCommit.compressInjective,Dregg2.Circuit.StateCommit.compressNInjective,Dregg2.Circuit.StateCommit.cellLeafInjective	conc-floor
CARRIER	Dregg2.Circuit.ClosureFanout.closedLogExtract_bridgeMint_closed	Dregg2.Circuit.ClosureFanout	Dregg2/Circuit/ClosureFanout.lean	205	207	thm	threader	opaque-pred	2	Dregg2.Circuit.StateCommit.compressInjective,Dregg2.Circuit.StateCommit.compressNInjective,Dregg2.Circuit.StateCommit.cellLeafInjective	conc-floor
CARRIER	Dregg2.Circuit.ClosureFanout.closedLogExtract_setField_closed	Dregg2.Circuit.ClosureFanout	Dregg2/Circuit/ClosureFanout.lean	209	211	thm	threader	opaque-pred	2	Dregg2.Circuit.StateCommit.compressInjective,Dregg2.Circuit.StateCommit.compressNInjective,Dregg2.Circuit.StateCommit.cellLeafInjective	conc-floor
CARRIER	Dregg2.Circuit.ClosureFanout.closedLogExtract_heapWrite_closed	Dregg2.Circuit.ClosureFanout	Dregg2/Circuit/ClosureFanout.lean	213	215	thm	threader	opaque-pred	2	Dregg2.Circuit.StateCommit.compressInjective,Dregg2.Circuit.StateCommit.compressNInjective,Dregg2.Circuit.StateCommit.cellLeafInjective	conc-floor
CARRIER	Dregg2.Circuit.ClosureFanout.closedLogExtract_makeSovereign_closed	Dregg2.Circuit.ClosureFanout	Dregg2/Circuit/ClosureFanout.lean	219	221	thm	threader	opaque-pred	2	Dregg2.Circuit.StateCommit.compressInjective,Dregg2.Circuit.StateCommit.compressNInjective,Dregg2.Circuit.StateCommit.cellLeafInjective	conc-floor
CARRIER	Dregg2.Circuit.ClosureFanout.closedLogExtract_pipelinedSend_closed	Dregg2.Circuit.ClosureFanout	Dregg2/Circuit/ClosureFanout.lean	223	225	thm	threader	opaque-pred	2	Dregg2.Circuit.StateCommit.compressInjective,Dregg2.Circuit.StateCommit.compressNInjective,Dregg2.Circuit.StateCommit.cellLeafInjective	conc-floor
CARRIER	Dregg2.Circuit.ClosureFanout.closedLogExtract_createCell_closed	Dregg2.Circuit.ClosureFanout	Dregg2/Circuit/ClosureFanout.lean	229	231	thm	threader	opaque-pred	2	Dregg2.Circuit.StateCommit.compressInjective,Dregg2.Circuit.StateCommit.compressNInjective,Dregg2.Circuit.StateCommit.cellLeafInjective	conc-floor
CARRIER	Dregg2.Circuit.ClosureFanout.closedLogExtract_createCellFromFactory_closed	Dregg2.Circuit.ClosureFanout	Dregg2/Circuit/ClosureFanout.lean	233	235	thm	threader	opaque-pred	2	Dregg2.Circuit.StateCommit.compressInjective,Dregg2.Circuit.StateCommit.compressNInjective,Dregg2.Circuit.StateCommit.cellLeafInjective	conc-floor
CARRIER	Dregg2.Circuit.ClosureFanout.closedLogExtract_spawn_closed	Dregg2.Circuit.ClosureFanout	Dregg2/Circuit/ClosureFanout.lean	237	239	thm	threader	opaque-pred	2	Dregg2.Circuit.StateCommit.compressInjective,Dregg2.Circuit.StateCommit.compressNInjective,Dregg2.Circuit.StateCommit.cellLeafInjective	conc-floor
CARRIER	Dregg2.Circuit.ClosureFanout.closedLogExtract_noteSpend_closed	Dregg2.Circuit.ClosureFanout	Dregg2/Circuit/ClosureFanout.lean	243	245	thm	threader	opaque-pred	2	Dregg2.Circuit.StateCommit.compressInjective,Dregg2.Circuit.StateCommit.compressNInjective,Dregg2.Circuit.StateCommit.cellLeafInjective	conc-floor
CARRIER	Dregg2.Circuit.ClosureFanout.closedLogExtract_noteCreate_closed	Dregg2.Circuit.ClosureFanout	Dregg2/Circuit/ClosureFanout.lean	247	249	thm	threader	opaque-pred	2	Dregg2.Circuit.StateCommit.compressInjective,Dregg2.Circuit.StateCommit.compressNInjective,Dregg2.Circuit.StateCommit.cellLeafInjective	conc-floor
CARRIER	Dregg2.Circuit.ClosureFanout.closedLogExtract_exercise_closed	Dregg2.Circuit.ClosureFanout	Dregg2/Circuit/ClosureFanout.lean	257	259	thm	threader	opaque-pred	2	Dregg2.Circuit.StateCommit.compressInjective,Dregg2.Circuit.StateCommit.compressNInjective,Dregg2.Circuit.StateCommit.cellLeafInjective	conc-floor
CARRIER	Dregg2.Circuit.ClosureFanout.closedLogExtract_all	Dregg2.Circuit.ClosureFanout	Dregg2/Circuit/ClosureFanout.lean	316	365	thm	threader	opaque-pred	2	Dregg2.Circuit.StateCommit.compressInjective,Dregg2.Circuit.StateCommit.compressNInjective,Dregg2.Circuit.StateCommit.cellLeafInjective	conc-floor
CARRIER	Dregg2.Circuit.ClosureFanout.lightclient_unfoolable_closed_final	Dregg2.Circuit.ClosureFanout	Dregg2/Circuit/ClosureFanout.lean	381	416	thm	threader	exists	3	Dregg2.Circuit.StateCommit.compressInjective,Dregg2.Circuit.StateCommit.compressNInjective,Dregg2.Circuit.StateCommit.cellLeafInjective,Dregg2.Circuit.Poseidon2Binding.Poseidon2SpongeCR	conc-floor
CARRIER	Dregg2.Circuit.ClosureFanoutGenuine.ClosureReadouts.mk.inj	Dregg2.Circuit.ClosureFanoutGenuine	Dregg2/Circuit/ClosureFanoutGenuine.lean	0	0	thm	threader	and	6	Dregg2.Circuit.StateCommit.compressInjective,Dregg2.Circuit.StateCommit.compressNInjective,Dregg2.Circuit.StateCommit.cellLeafInjective	-
CARRIER	Dregg2.Circuit.ClosureFanoutGenuine.ClosureReadouts.ctorIdx	Dregg2.Circuit.ClosureFanoutGenuine	Dregg2/Circuit/ClosureFanoutGenuine.lean	0	0	def	dead	opaque-pred	0	Dregg2.Circuit.StateCommit.compressInjective,Dregg2.Circuit.StateCommit.compressNInjective,Dregg2.Circuit.StateCommit.cellLeafInjective	struct-boiler
CARRIER	Dregg2.Circuit.ClosureFanoutGenuine.ClosureReadouts.noConfusionType	Dregg2.Circuit.ClosureFanoutGenuine	Dregg2/Circuit/ClosureFanoutGenuine.lean	0	0	def	threader	other	3	Dregg2.Circuit.StateCommit.compressInjective,Dregg2.Circuit.StateCommit.compressNInjective,Dregg2.Circuit.StateCommit.cellLeafInjective	struct-boiler,auto-name
CARRIER	Dregg2.Circuit.ClosureFanoutGenuine.ClosureReadouts.mk.sizeOf_spec	Dregg2.Circuit.ClosureFanoutGenuine	Dregg2/Circuit/ClosureFanoutGenuine.lean	0	0	thm	dead	eq	0	Dregg2.Circuit.StateCommit.compressInjective,Dregg2.Circuit.StateCommit.compressNInjective,Dregg2.Circuit.StateCommit.cellLeafInjective	conc-floor,auto-name
CARRIER	Dregg2.Circuit.ClosureFanoutGenuine.ClosureReadouts.mk.injEq	Dregg2.Circuit.ClosureFanoutGenuine	Dregg2/Circuit/ClosureFanoutGenuine.lean	0	0	thm	threader	eq	7	Dregg2.Circuit.StateCommit.compressInjective,Dregg2.Circuit.StateCommit.compressNInjective,Dregg2.Circuit.StateCommit.cellLeafInjective	conc-floor,auto-name
CARRIER	Dregg2.Circuit.ClosureFanoutGenuine.closedLogExtract_mint_closed	Dregg2.Circuit.ClosureFanoutGenuine	Dregg2/Circuit/ClosureFanoutGenuine.lean	108	121	thm	threader	opaque-pred	3	Dregg2.Circuit.StateCommit.compressInjective,Dregg2.Circuit.StateCommit.compressNInjective,Dregg2.Circuit.StateCommit.cellLeafInjective	conc-floor
CARRIER	Dregg2.Circuit.ClosureFanoutGenuine.closedLogExtract_burn_closed	Dregg2.Circuit.ClosureFanoutGenuine	Dregg2/Circuit/ClosureFanoutGenuine.lean	134	146	thm	threader	opaque-pred	3	Dregg2.Circuit.StateCommit.compressInjective,Dregg2.Circuit.StateCommit.compressNInjective,Dregg2.Circuit.StateCommit.cellLeafInjective	conc-floor
CARRIER	Dregg2.Circuit.ClosureFanoutGenuine.closedLogExtract_bridgeMint_closed	Dregg2.Circuit.ClosureFanoutGenuine	Dregg2/Circuit/ClosureFanoutGenuine.lean	159	180	thm	threader	opaque-pred	3	Dregg2.Circuit.StateCommit.compressInjective,Dregg2.Circuit.StateCommit.compressNInjective,Dregg2.Circuit.StateCommit.cellLeafInjective	conc-floor
CARRIER	Dregg2.Circuit.ClosureFanoutGenuine.closedLogExtract_incrementNonce_closed	Dregg2.Circuit.ClosureFanoutGenuine	Dregg2/Circuit/ClosureFanoutGenuine.lean	193	205	thm	threader	opaque-pred	3	Dregg2.Circuit.StateCommit.compressInjective,Dregg2.Circuit.StateCommit.compressNInjective,Dregg2.Circuit.StateCommit.cellLeafInjective	conc-floor
CARRIER	Dregg2.Circuit.ClosureFanoutGenuine.closedLogExtract_setField_closed	Dregg2.Circuit.ClosureFanoutGenuine	Dregg2/Circuit/ClosureFanoutGenuine.lean	219	228	thm	threader	opaque-pred	3	Dregg2.Circuit.StateCommit.compressInjective,Dregg2.Circuit.StateCommit.compressNInjective,Dregg2.Circuit.StateCommit.cellLeafInjective	conc-floor
CARRIER	Dregg2.Circuit.ClosureFanoutGenuine.closedLogExtract_heapWrite_closed	Dregg2.Circuit.ClosureFanoutGenuine	Dregg2/Circuit/ClosureFanoutGenuine.lean	245	263	thm	threader	opaque-pred	3	Dregg2.Circuit.StateCommit.compressInjective,Dregg2.Circuit.StateCommit.compressNInjective,Dregg2.Circuit.StateCommit.cellLeafInjective	conc-floor
CARRIER	Dregg2.Circuit.ClosureFanoutGenuine.closedLogExtract_delegate_closed	Dregg2.Circuit.ClosureFanoutGenuine	Dregg2/Circuit/ClosureFanoutGenuine.lean	273	297	thm	threader	opaque-pred	3	Dregg2.Circuit.StateCommit.compressInjective,Dregg2.Circuit.StateCommit.compressNInjective,Dregg2.Circuit.StateCommit.cellLeafInjective	conc-floor
CARRIER	Dregg2.Circuit.ClosureFanoutGenuine.closedLogExtract_introduce_closed	Dregg2.Circuit.ClosureFanoutGenuine	Dregg2/Circuit/ClosureFanoutGenuine.lean	299	320	thm	threader	opaque-pred	3	Dregg2.Circuit.StateCommit.compressInjective,Dregg2.Circuit.StateCommit.compressNInjective,Dregg2.Circuit.StateCommit.cellLeafInjective	conc-floor
CARRIER	Dregg2.Circuit.ClosureFanoutGenuine.closedLogExtract_attenuate_closed	Dregg2.Circuit.ClosureFanoutGenuine	Dregg2/Circuit/ClosureFanoutGenuine.lean	322	349	thm	threader	opaque-pred	3	Dregg2.Circuit.StateCommit.compressInjective,Dregg2.Circuit.StateCommit.compressNInjective,Dregg2.Circuit.StateCommit.cellLeafInjective	conc-floor
CARRIER	Dregg2.Circuit.ClosureFanoutGenuine.closedLogExtract_delegateAtten_closed	Dregg2.Circuit.ClosureFanoutGenuine	Dregg2/Circuit/ClosureFanoutGenuine.lean	351	375	thm	threader	opaque-pred	3	Dregg2.Circuit.StateCommit.compressInjective,Dregg2.Circuit.StateCommit.compressNInjective,Dregg2.Circuit.StateCommit.cellLeafInjective	conc-floor
CARRIER	Dregg2.Circuit.ClosureFanoutGenuine.closedLogExtract_revokeDelegation_closed	Dregg2.Circuit.ClosureFanoutGenuine	Dregg2/Circuit/ClosureFanoutGenuine.lean	377	400	thm	threader	opaque-pred	3	Dregg2.Circuit.StateCommit.compressInjective,Dregg2.Circuit.StateCommit.compressNInjective,Dregg2.Circuit.StateCommit.cellLeafInjective	conc-floor
CARRIER	Dregg2.Circuit.ClosureFanoutGenuine.closedLogExtract_revoke_closed	Dregg2.Circuit.ClosureFanoutGenuine	Dregg2/Circuit/ClosureFanoutGenuine.lean	402	426	thm	threader	opaque-pred	3	Dregg2.Circuit.StateCommit.compressInjective,Dregg2.Circuit.StateCommit.compressNInjective,Dregg2.Circuit.StateCommit.cellLeafInjective	conc-floor
CARRIER	Dregg2.Circuit.ClosureFanoutGenuine.closedLogExtract_refreshDelegation_closed	Dregg2.Circuit.ClosureFanoutGenuine	Dregg2/Circuit/ClosureFanoutGenuine.lean	428	456	thm	threader	opaque-pred	3	Dregg2.Circuit.StateCommit.compressInjective,Dregg2.Circuit.StateCommit.compressNInjective,Dregg2.Circuit.StateCommit.cellLeafInjective	conc-floor
CARRIER	Dregg2.Circuit.ClosureFanoutGenuine.closedLogExtract_cellSeal_closed	Dregg2.Circuit.ClosureFanoutGenuine	Dregg2/Circuit/ClosureFanoutGenuine.lean	466	493	thm	threader	opaque-pred	4	Dregg2.Circuit.StateCommit.compressInjective,Dregg2.Circuit.StateCommit.compressNInjective,Dregg2.Circuit.StateCommit.cellLeafInjective	conc-floor
CARRIER	Dregg2.Circuit.ClosureFanoutGenuine.closedLogExtract_cellUnseal_closed	Dregg2.Circuit.ClosureFanoutGenuine	Dregg2/Circuit/ClosureFanoutGenuine.lean	495	514	thm	threader	opaque-pred	3	Dregg2.Circuit.StateCommit.compressInjective,Dregg2.Circuit.StateCommit.compressNInjective,Dregg2.Circuit.StateCommit.cellLeafInjective	conc-floor
CARRIER	Dregg2.Circuit.ClosureFanoutGenuine.closedLogExtract_cellDestroy_closed	Dregg2.Circuit.ClosureFanoutGenuine	Dregg2/Circuit/ClosureFanoutGenuine.lean	516	538	thm	threader	opaque-pred	4	Dregg2.Circuit.StateCommit.compressInjective,Dregg2.Circuit.StateCommit.compressNInjective,Dregg2.Circuit.StateCommit.cellLeafInjective	conc-floor
CARRIER	Dregg2.Circuit.ClosureFanoutGenuine.closedLogExtract_refusal_closed	Dregg2.Circuit.ClosureFanoutGenuine	Dregg2/Circuit/ClosureFanoutGenuine.lean	540	566	thm	threader	opaque-pred	3	Dregg2.Circuit.StateCommit.compressInjective,Dregg2.Circuit.StateCommit.compressNInjective,Dregg2.Circuit.StateCommit.cellLeafInjective	conc-floor
CARRIER	Dregg2.Circuit.ClosureFanoutGenuine.closedLogExtract_receiptArchive_closed	Dregg2.Circuit.ClosureFanoutGenuine	Dregg2/Circuit/ClosureFanoutGenuine.lean	568	591	thm	threader	opaque-pred	3	Dregg2.Circuit.StateCommit.compressInjective,Dregg2.Circuit.StateCommit.compressNInjective,Dregg2.Circuit.StateCommit.cellLeafInjective	conc-floor
CARRIER	Dregg2.Circuit.ClosureFanoutGenuine.closedLogExtract_setPermissions_closed	Dregg2.Circuit.ClosureFanoutGenuine	Dregg2/Circuit/ClosureFanoutGenuine.lean	593	615	thm	threader	opaque-pred	3	Dregg2.Circuit.StateCommit.compressInjective,Dregg2.Circuit.StateCommit.compressNInjective,Dregg2.Circuit.StateCommit.cellLeafInjective	conc-floor
CARRIER	Dregg2.Circuit.ClosureFanoutGenuine.closedLogExtract_setVK_closed	Dregg2.Circuit.ClosureFanoutGenuine	Dregg2/Circuit/ClosureFanoutGenuine.lean	617	637	thm	threader	opaque-pred	3	Dregg2.Circuit.StateCommit.compressInjective,Dregg2.Circuit.StateCommit.compressNInjective,Dregg2.Circuit.StateCommit.cellLeafInjective	conc-floor
CARRIER	Dregg2.Circuit.ClosureFanoutGenuine.closedLogExtract_setProgram_closed	Dregg2.Circuit.ClosureFanoutGenuine	Dregg2/Circuit/ClosureFanoutGenuine.lean	639	659	thm	threader	opaque-pred	3	Dregg2.Circuit.StateCommit.compressInjective,Dregg2.Circuit.StateCommit.compressNInjective,Dregg2.Circuit.StateCommit.cellLeafInjective	conc-floor
CARRIER	Dregg2.Circuit.ClosureFanoutGenuine.closedLogExtract_makeSovereign_closed	Dregg2.Circuit.ClosureFanoutGenuine	Dregg2/Circuit/ClosureFanoutGenuine.lean	661	681	thm	threader	opaque-pred	3	Dregg2.Circuit.StateCommit.compressInjective,Dregg2.Circuit.StateCommit.compressNInjective,Dregg2.Circuit.StateCommit.cellLeafInjective	conc-floor
CARRIER	Dregg2.Circuit.ClosureFanoutGenuine.closedLogExtract_createCell_closed	Dregg2.Circuit.ClosureFanoutGenuine	Dregg2/Circuit/ClosureFanoutGenuine.lean	683	712	thm	threader	opaque-pred	3	Dregg2.Circuit.StateCommit.compressInjective,Dregg2.Circuit.StateCommit.compressNInjective,Dregg2.Circuit.StateCommit.cellLeafInjective	conc-floor
CARRIER	Dregg2.Circuit.ClosureFanoutGenuine.closedLogExtract_createCellFromFactory_closed	Dregg2.Circuit.ClosureFanoutGenuine	Dregg2/Circuit/ClosureFanoutGenuine.lean	714	746	thm	threader	opaque-pred	3	Dregg2.Circuit.StateCommit.compressInjective,Dregg2.Circuit.StateCommit.compressNInjective,Dregg2.Circuit.StateCommit.cellLeafInjective	conc-floor
CARRIER	Dregg2.Circuit.ClosureFanoutGenuine.closedLogExtract_spawn_closed	Dregg2.Circuit.ClosureFanoutGenuine	Dregg2/Circuit/ClosureFanoutGenuine.lean	748	770	thm	threader	opaque-pred	3	Dregg2.Circuit.StateCommit.compressInjective,Dregg2.Circuit.StateCommit.compressNInjective,Dregg2.Circuit.StateCommit.cellLeafInjective	conc-floor
CARRIER	Dregg2.Circuit.ClosureFanoutGenuine.closedLogExtract_noteSpend_closed	Dregg2.Circuit.ClosureFanoutGenuine	Dregg2/Circuit/ClosureFanoutGenuine.lean	772	800	thm	threader	opaque-pred	3	Dregg2.Circuit.StateCommit.compressInjective,Dregg2.Circuit.StateCommit.compressNInjective,Dregg2.Circuit.StateCommit.cellLeafInjective	conc-floor
CARRIER	Dregg2.Circuit.ClosureFanoutGenuine.closedLogExtract_noteCreate_closed	Dregg2.Circuit.ClosureFanoutGenuine	Dregg2/Circuit/ClosureFanoutGenuine.lean	802	830	thm	threader	opaque-pred	3	Dregg2.Circuit.StateCommit.compressInjective,Dregg2.Circuit.StateCommit.compressNInjective,Dregg2.Circuit.StateCommit.cellLeafInjective	conc-floor
CARRIER	Dregg2.Circuit.ClosureFanoutGenuine.closedLogExtract_emitEvent_closed	Dregg2.Circuit.ClosureFanoutGenuine	Dregg2/Circuit/ClosureFanoutGenuine.lean	834	846	thm	threader	opaque-pred	3	Dregg2.Circuit.StateCommit.compressInjective,Dregg2.Circuit.StateCommit.compressNInjective,Dregg2.Circuit.StateCommit.cellLeafInjective	conc-floor
CARRIER	Dregg2.Circuit.ClosureFanoutGenuine.closedLogExtract_pipelinedSend_closed	Dregg2.Circuit.ClosureFanoutGenuine	Dregg2/Circuit/ClosureFanoutGenuine.lean	848	860	thm	threader	opaque-pred	3	Dregg2.Circuit.StateCommit.compressInjective,Dregg2.Circuit.StateCommit.compressNInjective,Dregg2.Circuit.StateCommit.cellLeafInjective	conc-floor
CARRIER	Dregg2.Circuit.ClosureFanoutGenuine.closedLogExtract_exercise_closed	Dregg2.Circuit.ClosureFanoutGenuine	Dregg2/Circuit/ClosureFanoutGenuine.lean	870	886	thm	threader	opaque-pred	3	Dregg2.Circuit.StateCommit.compressInjective,Dregg2.Circuit.StateCommit.compressNInjective,Dregg2.Circuit.StateCommit.cellLeafInjective	conc-floor
CARRIER	Dregg2.Circuit.ClosureFanoutGenuine.ClosureReadouts.mk.noConfusion	Dregg2.Circuit.ClosureFanoutGenuine	Dregg2/Circuit/ClosureFanoutGenuine.lean	900	900	def	threader	other	5	Dregg2.Circuit.StateCommit.compressInjective,Dregg2.Circuit.StateCommit.compressNInjective,Dregg2.Circuit.StateCommit.cellLeafInjective	struct-boiler,auto-name
CARRIER	Dregg2.Circuit.ClosureFanoutGenuine.ClosureReadouts.casesOn	Dregg2.Circuit.ClosureFanoutGenuine	Dregg2/Circuit/ClosureFanoutGenuine.lean	900	1132	def	threader	other	2	Dregg2.Circuit.StateCommit.compressInjective,Dregg2.Circuit.StateCommit.compressNInjective,Dregg2.Circuit.StateCommit.cellLeafInjective	struct-boiler
CARRIER	Dregg2.Circuit.ClosureFanoutGenuine.ClosureReadouts.recOn	Dregg2.Circuit.ClosureFanoutGenuine	Dregg2/Circuit/ClosureFanoutGenuine.lean	900	1132	def	threader	other	1	Dregg2.Circuit.StateCommit.compressInjective,Dregg2.Circuit.StateCommit.compressNInjective,Dregg2.Circuit.StateCommit.cellLeafInjective	struct-boiler
CARRIER	Dregg2.Circuit.ClosureFanoutGenuine.ClosureReadouts.rec	Dregg2.Circuit.ClosureFanoutGenuine	Dregg2/Circuit/ClosureFanoutGenuine.lean	900	1132	rec	no-value	other	0	Dregg2.Circuit.StateCommit.compressInjective,Dregg2.Circuit.StateCommit.compressNInjective,Dregg2.Circuit.StateCommit.cellLeafInjective	-
CARRIER	Dregg2.Circuit.ClosureFanoutGenuine.ClosureReadouts.mk	Dregg2.Circuit.ClosureFanoutGenuine	Dregg2/Circuit/ClosureFanoutGenuine.lean	900	900	ctor	no-value	opaque-pred	0	Dregg2.Circuit.StateCommit.compressInjective,Dregg2.Circuit.StateCommit.compressNInjective,Dregg2.Circuit.StateCommit.cellLeafInjective	struct-boiler,conc-floor
CARRIER	Dregg2.Circuit.ClosureFanoutGenuine.ClosureReadouts	Dregg2.Circuit.ClosureFanoutGenuine	Dregg2/Circuit/ClosureFanoutGenuine.lean	900	1132	induct	no-value	other	0	Dregg2.Circuit.StateCommit.compressInjective,Dregg2.Circuit.StateCommit.compressNInjective,Dregg2.Circuit.StateCommit.cellLeafInjective	-
CARRIER	Dregg2.Circuit.ClosureFanoutGenuine.ClosureReadouts.noConfusion	Dregg2.Circuit.ClosureFanoutGenuine	Dregg2/Circuit/ClosureFanoutGenuine.lean	900	1132	def	threader	opaque-pred	4	Dregg2.Circuit.StateCommit.compressInjective,Dregg2.Circuit.StateCommit.compressNInjective,Dregg2.Circuit.StateCommit.cellLeafInjective	struct-boiler,conc-floor,auto-name,transport
CARRIER	Dregg2.Circuit.ClosureFanoutGenuine.ClosureReadouts.hNCellSeal	Dregg2.Circuit.ClosureFanoutGenuine	Dregg2/Circuit/ClosureFanoutGenuine.lean	920	920	thm	dead	opaque-pred	0	Dregg2.Circuit.StateCommit.compressInjective,Dregg2.Circuit.StateCommit.compressNInjective,Dregg2.Circuit.StateCommit.cellLeafInjective	struct-boiler,bridge
CARRIER	Dregg2.Circuit.ClosureFanoutGenuine.ClosureReadouts.hNLife	Dregg2.Circuit.ClosureFanoutGenuine	Dregg2/Circuit/ClosureFanoutGenuine.lean	921	921	thm	dead	opaque-pred	0	Dregg2.Circuit.StateCommit.compressInjective,Dregg2.Circuit.StateCommit.compressNInjective,Dregg2.Circuit.StateCommit.cellLeafInjective	struct-boiler,bridge
CARRIER	Dregg2.Circuit.ClosureFanoutGenuine.ClosureReadouts.hNPermsVK	Dregg2.Circuit.ClosureFanoutGenuine	Dregg2/Circuit/ClosureFanoutGenuine.lean	922	922	thm	dead	opaque-pred	0	Dregg2.Circuit.StateCommit.compressInjective,Dregg2.Circuit.StateCommit.compressNInjective,Dregg2.Circuit.StateCommit.cellLeafInjective	struct-boiler,bridge
CARRIER	Dregg2.Circuit.ClosureFanoutGenuine.ClosureReadouts.hNBirth	Dregg2.Circuit.ClosureFanoutGenuine	Dregg2/Circuit/ClosureFanoutGenuine.lean	923	923	thm	dead	opaque-pred	0	Dregg2.Circuit.StateCommit.compressInjective,Dregg2.Circuit.StateCommit.compressNInjective,Dregg2.Circuit.StateCommit.cellLeafInjective	struct-boiler,bridge
CARRIER	Dregg2.Circuit.ClosureFanoutGenuine.ClosureReadouts.hNNotes	Dregg2.Circuit.ClosureFanoutGenuine	Dregg2/Circuit/ClosureFanoutGenuine.lean	924	924	thm	dead	opaque-pred	0	Dregg2.Circuit.StateCommit.compressInjective,Dregg2.Circuit.StateCommit.compressNInjective,Dregg2.Circuit.StateCommit.cellLeafInjective	struct-boiler,bridge
CARRIER	Dregg2.Circuit.ClosureFanoutGenuine.ClosureReadouts.transfer	Dregg2.Circuit.ClosureFanoutGenuine	Dregg2/Circuit/ClosureFanoutGenuine.lean	926	926	thm	dead	opaque-pred	0	Dregg2.Circuit.StateCommit.compressInjective,Dregg2.Circuit.StateCommit.compressNInjective,Dregg2.Circuit.StateCommit.cellLeafInjective	struct-boiler,conc-floor
CARRIER	Dregg2.Circuit.ClosureFanoutGenuine.ClosureReadouts.other	Dregg2.Circuit.ClosureFanoutGenuine	Dregg2/Circuit/ClosureFanoutGenuine.lean	929	929	thm	dead	opaque-pred	0	Dregg2.Circuit.StateCommit.compressInjective,Dregg2.Circuit.StateCommit.compressNInjective,Dregg2.Circuit.StateCommit.cellLeafInjective	struct-boiler,conc-floor
CARRIER	Dregg2.Circuit.ClosureFanoutGenuine.ClosureReadouts.rdMint	Dregg2.Circuit.ClosureFanoutGenuine	Dregg2/Circuit/ClosureFanoutGenuine.lean	932	932	def	dead	opaque-pred	0	Dregg2.Circuit.StateCommit.compressInjective,Dregg2.Circuit.StateCommit.compressNInjective,Dregg2.Circuit.StateCommit.cellLeafInjective	struct-boiler
CARRIER	Dregg2.Circuit.ClosureFanoutGenuine.ClosureReadouts.rdBurn	Dregg2.Circuit.ClosureFanoutGenuine	Dregg2/Circuit/ClosureFanoutGenuine.lean	934	934	def	dead	opaque-pred	0	Dregg2.Circuit.StateCommit.compressInjective,Dregg2.Circuit.StateCommit.compressNInjective,Dregg2.Circuit.StateCommit.cellLeafInjective	struct-boiler
CARRIER	Dregg2.Circuit.ClosureFanoutGenuine.ClosureReadouts.rdBridgeMint	Dregg2.Circuit.ClosureFanoutGenuine	Dregg2/Circuit/ClosureFanoutGenuine.lean	936	936	def	dead	opaque-pred	0	Dregg2.Circuit.StateCommit.compressInjective,Dregg2.Circuit.StateCommit.compressNInjective,Dregg2.Circuit.StateCommit.cellLeafInjective	struct-boiler
CARRIER	Dregg2.Circuit.ClosureFanoutGenuine.ClosureReadouts.rdIncNonce	Dregg2.Circuit.ClosureFanoutGenuine	Dregg2/Circuit/ClosureFanoutGenuine.lean	938	938	def	dead	opaque-pred	0	Dregg2.Circuit.StateCommit.compressInjective,Dregg2.Circuit.StateCommit.compressNInjective,Dregg2.Circuit.StateCommit.cellLeafInjective	struct-boiler
CARRIER	Dregg2.Circuit.ClosureFanoutGenuine.ClosureReadouts.rdSetField	Dregg2.Circuit.ClosureFanoutGenuine	Dregg2/Circuit/ClosureFanoutGenuine.lean	940	940	def	dead	opaque-pred	0	Dregg2.Circuit.StateCommit.compressInjective,Dregg2.Circuit.StateCommit.compressNInjective,Dregg2.Circuit.StateCommit.cellLeafInjective	struct-boiler
CARRIER	Dregg2.Circuit.ClosureFanoutGenuine.ClosureReadouts.rdHeapWrite	Dregg2.Circuit.ClosureFanoutGenuine	Dregg2/Circuit/ClosureFanoutGenuine.lean	942	942	def	dead	opaque-pred	0	Dregg2.Circuit.StateCommit.compressInjective,Dregg2.Circuit.StateCommit.compressNInjective,Dregg2.Circuit.StateCommit.cellLeafInjective	struct-boiler
CARRIER	Dregg2.Circuit.ClosureFanoutGenuine.ClosureReadouts.rdDelegate	Dregg2.Circuit.ClosureFanoutGenuine	Dregg2/Circuit/ClosureFanoutGenuine.lean	944	944	def	dead	opaque-pred	0	Dregg2.Circuit.StateCommit.compressInjective,Dregg2.Circuit.StateCommit.compressNInjective,Dregg2.Circuit.StateCommit.cellLeafInjective	struct-boiler
CARRIER	Dregg2.Circuit.ClosureFanoutGenuine.ClosureReadouts.rdIntroduce	Dregg2.Circuit.ClosureFanoutGenuine	Dregg2/Circuit/ClosureFanoutGenuine.lean	953	953	def	dead	opaque-pred	0	Dregg2.Circuit.StateCommit.compressInjective,Dregg2.Circuit.StateCommit.compressNInjective,Dregg2.Circuit.StateCommit.cellLeafInjective	struct-boiler
CARRIER	Dregg2.Circuit.ClosureFanoutGenuine.ClosureReadouts.rdAttenuate	Dregg2.Circuit.ClosureFanoutGenuine	Dregg2/Circuit/ClosureFanoutGenuine.lean	962	962	def	dead	opaque-pred	0	Dregg2.Circuit.StateCommit.compressInjective,Dregg2.Circuit.StateCommit.compressNInjective,Dregg2.Circuit.StateCommit.cellLeafInjective	struct-boiler
CARRIER	Dregg2.Circuit.ClosureFanoutGenuine.ClosureReadouts.rdDelegateAtten	Dregg2.Circuit.ClosureFanoutGenuine	Dregg2/Circuit/ClosureFanoutGenuine.lean	974	974	def	dead	opaque-pred	0	Dregg2.Circuit.StateCommit.compressInjective,Dregg2.Circuit.StateCommit.compressNInjective,Dregg2.Circuit.StateCommit.cellLeafInjective	struct-boiler
CARRIER	Dregg2.Circuit.ClosureFanoutGenuine.ClosureReadouts.rdRevokeDelegation	Dregg2.Circuit.ClosureFanoutGenuine	Dregg2/Circuit/ClosureFanoutGenuine.lean	989	989	def	dead	opaque-pred	0	Dregg2.Circuit.StateCommit.compressInjective,Dregg2.Circuit.StateCommit.compressNInjective,Dregg2.Circuit.StateCommit.cellLeafInjective	struct-boiler
CARRIER	Dregg2.Circuit.ClosureFanoutGenuine.ClosureReadouts.rdRevoke	Dregg2.Circuit.ClosureFanoutGenuine	Dregg2/Circuit/ClosureFanoutGenuine.lean	998	998	def	dead	opaque-pred	0	Dregg2.Circuit.StateCommit.compressInjective,Dregg2.Circuit.StateCommit.compressNInjective,Dregg2.Circuit.StateCommit.cellLeafInjective	struct-boiler
CARRIER	Dregg2.Circuit.ClosureFanoutGenuine.ClosureReadouts.rdRefreshDelegation	Dregg2.Circuit.ClosureFanoutGenuine	Dregg2/Circuit/ClosureFanoutGenuine.lean	1007	1007	def	dead	opaque-pred	0	Dregg2.Circuit.StateCommit.compressInjective,Dregg2.Circuit.StateCommit.compressNInjective,Dregg2.Circuit.StateCommit.cellLeafInjective	struct-boiler
CARRIER	Dregg2.Circuit.ClosureFanoutGenuine.ClosureReadouts.rdCellSeal	Dregg2.Circuit.ClosureFanoutGenuine	Dregg2/Circuit/ClosureFanoutGenuine.lean	1017	1017	def	dead	opaque-pred	0	Dregg2.Circuit.StateCommit.compressInjective,Dregg2.Circuit.StateCommit.compressNInjective,Dregg2.Circuit.StateCommit.cellLeafInjective	struct-boiler
CARRIER	Dregg2.Circuit.ClosureFanoutGenuine.ClosureReadouts.rdCellUnseal	Dregg2.Circuit.ClosureFanoutGenuine	Dregg2/Circuit/ClosureFanoutGenuine.lean	1025	1025	def	dead	opaque-pred	0	Dregg2.Circuit.StateCommit.compressInjective,Dregg2.Circuit.StateCommit.compressNInjective,Dregg2.Circuit.StateCommit.cellLeafInjective	struct-boiler
CARRIER	Dregg2.Circuit.ClosureFanoutGenuine.ClosureReadouts.rdCellDestroy	Dregg2.Circuit.ClosureFanoutGenuine	Dregg2/Circuit/ClosureFanoutGenuine.lean	1032	1032	def	dead	opaque-pred	0	Dregg2.Circuit.StateCommit.compressInjective,Dregg2.Circuit.StateCommit.compressNInjective,Dregg2.Circuit.StateCommit.cellLeafInjective	struct-boiler
CARRIER	Dregg2.Circuit.ClosureFanoutGenuine.ClosureReadouts.rdRefusal	Dregg2.Circuit.ClosureFanoutGenuine	Dregg2/Circuit/ClosureFanoutGenuine.lean	1039	1039	def	dead	opaque-pred	0	Dregg2.Circuit.StateCommit.compressInjective,Dregg2.Circuit.StateCommit.compressNInjective,Dregg2.Circuit.StateCommit.cellLeafInjective	struct-boiler
CARRIER	Dregg2.Circuit.ClosureFanoutGenuine.ClosureReadouts.rdReceiptArchive	Dregg2.Circuit.ClosureFanoutGenuine	Dregg2/Circuit/ClosureFanoutGenuine.lean	1046	1046	def	dead	opaque-pred	0	Dregg2.Circuit.StateCommit.compressInjective,Dregg2.Circuit.StateCommit.compressNInjective,Dregg2.Circuit.StateCommit.cellLeafInjective	struct-boiler
CARRIER	Dregg2.Circuit.ClosureFanoutGenuine.ClosureReadouts.rdSetPermissions	Dregg2.Circuit.ClosureFanoutGenuine	Dregg2/Circuit/ClosureFanoutGenuine.lean	1054	1054	def	dead	opaque-pred	0	Dregg2.Circuit.StateCommit.compressInjective,Dregg2.Circuit.StateCommit.compressNInjective,Dregg2.Circuit.StateCommit.cellLeafInjective	struct-boiler
CARRIER	Dregg2.Circuit.ClosureFanoutGenuine.ClosureReadouts.rdSetVK	Dregg2.Circuit.ClosureFanoutGenuine	Dregg2/Circuit/ClosureFanoutGenuine.lean	1061	1061	def	dead	opaque-pred	0	Dregg2.Circuit.StateCommit.compressInjective,Dregg2.Circuit.StateCommit.compressNInjective,Dregg2.Circuit.StateCommit.cellLeafInjective	struct-boiler
CARRIER	Dregg2.Circuit.ClosureFanoutGenuine.ClosureReadouts.rdSetProgram	Dregg2.Circuit.ClosureFanoutGenuine	Dregg2/Circuit/ClosureFanoutGenuine.lean	1068	1068	def	dead	opaque-pred	0	Dregg2.Circuit.StateCommit.compressInjective,Dregg2.Circuit.StateCommit.compressNInjective,Dregg2.Circuit.StateCommit.cellLeafInjective	struct-boiler
CARRIER	Dregg2.Circuit.ClosureFanoutGenuine.ClosureReadouts.rdMakeSovereign	Dregg2.Circuit.ClosureFanoutGenuine	Dregg2/Circuit/ClosureFanoutGenuine.lean	1075	1075	def	dead	opaque-pred	0	Dregg2.Circuit.StateCommit.compressInjective,Dregg2.Circuit.StateCommit.compressNInjective,Dregg2.Circuit.StateCommit.cellLeafInjective	struct-boiler
CARRIER	Dregg2.Circuit.ClosureFanoutGenuine.ClosureReadouts.rdCreateCell	Dregg2.Circuit.ClosureFanoutGenuine	Dregg2/Circuit/ClosureFanoutGenuine.lean	1082	1082	def	dead	opaque-pred	0	Dregg2.Circuit.StateCommit.compressInjective,Dregg2.Circuit.StateCommit.compressNInjective,Dregg2.Circuit.StateCommit.cellLeafInjective	struct-boiler
CARRIER	Dregg2.Circuit.ClosureFanoutGenuine.ClosureReadouts.rdCreateCellFromFactory	Dregg2.Circuit.ClosureFanoutGenuine	Dregg2/Circuit/ClosureFanoutGenuine.lean	1088	1088	def	dead	opaque-pred	0	Dregg2.Circuit.StateCommit.compressInjective,Dregg2.Circuit.StateCommit.compressNInjective,Dregg2.Circuit.StateCommit.cellLeafInjective	struct-boiler
CARRIER	Dregg2.Circuit.ClosureFanoutGenuine.ClosureReadouts.rdSpawn	Dregg2.Circuit.ClosureFanoutGenuine	Dregg2/Circuit/ClosureFanoutGenuine.lean	1094	1094	def	dead	opaque-pred	0	Dregg2.Circuit.StateCommit.compressInjective,Dregg2.Circuit.StateCommit.compressNInjective,Dregg2.Circuit.StateCommit.cellLeafInjective	struct-boiler
CARRIER	Dregg2.Circuit.ClosureFanoutGenuine.ClosureReadouts.rdNoteSpend	Dregg2.Circuit.ClosureFanoutGenuine	Dregg2/Circuit/ClosureFanoutGenuine.lean	1104	1104	def	dead	opaque-pred	0	Dregg2.Circuit.StateCommit.compressInjective,Dregg2.Circuit.StateCommit.compressNInjective,Dregg2.Circuit.StateCommit.cellLeafInjective	struct-boiler
CARRIER	Dregg2.Circuit.ClosureFanoutGenuine.ClosureReadouts.rdNoteCreate	Dregg2.Circuit.ClosureFanoutGenuine	Dregg2/Circuit/ClosureFanoutGenuine.lean	1110	1110	def	dead	opaque-pred	0	Dregg2.Circuit.StateCommit.compressInjective,Dregg2.Circuit.StateCommit.compressNInjective,Dregg2.Circuit.StateCommit.cellLeafInjective	struct-boiler
CARRIER	Dregg2.Circuit.ClosureFanoutGenuine.ClosureReadouts.rdEmitEvent	Dregg2.Circuit.ClosureFanoutGenuine	Dregg2/Circuit/ClosureFanoutGenuine.lean	1116	1116	def	dead	opaque-pred	0	Dregg2.Circuit.StateCommit.compressInjective,Dregg2.Circuit.StateCommit.compressNInjective,Dregg2.Circuit.StateCommit.cellLeafInjective	struct-boiler
CARRIER	Dregg2.Circuit.ClosureFanoutGenuine.ClosureReadouts.rdPipelinedSend	Dregg2.Circuit.ClosureFanoutGenuine	Dregg2/Circuit/ClosureFanoutGenuine.lean	1122	1122	def	dead	opaque-pred	0	Dregg2.Circuit.StateCommit.compressInjective,Dregg2.Circuit.StateCommit.compressNInjective,Dregg2.Circuit.StateCommit.cellLeafInjective	struct-boiler
CARRIER	Dregg2.Circuit.ClosureFanoutGenuine.ClosureReadouts.rdExercise	Dregg2.Circuit.ClosureFanoutGenuine	Dregg2/Circuit/ClosureFanoutGenuine.lean	1128	1128	def	dead	opaque-pred	0	Dregg2.Circuit.StateCommit.compressInjective,Dregg2.Circuit.StateCommit.compressNInjective,Dregg2.Circuit.StateCommit.cellLeafInjective	struct-boiler
CARRIER	Dregg2.Circuit.ClosureFanoutGenuine.closedLogExtract_all_genuine	Dregg2.Circuit.ClosureFanoutGenuine	Dregg2/Circuit/ClosureFanoutGenuine.lean	1140	1186	thm	threader	opaque-pred	5	Dregg2.Circuit.StateCommit.compressInjective,Dregg2.Circuit.StateCommit.compressNInjective,Dregg2.Circuit.StateCommit.cellLeafInjective	conc-floor
CARRIER	Dregg2.Circuit.ClosureFanoutGenuine.lightclient_unfoolable_closed_final_genuine	Dregg2.Circuit.ClosureFanoutGenuine	Dregg2/Circuit/ClosureFanoutGenuine.lean	1197	1229	thm	threader	exists	6	Dregg2.Circuit.StateCommit.compressInjective,Dregg2.Circuit.StateCommit.compressNInjective,Dregg2.Circuit.StateCommit.cellLeafInjective,Dregg2.Circuit.Poseidon2Binding.Poseidon2SpongeCR	conc-floor
CARRIER	Dregg2.Circuit.ClosureFinal.lightclient_unfoolable_one	Dregg2.Circuit.ClosureFinal	Dregg2/Circuit/ClosureFinal.lean	85	115	thm	threader	exists	1	Dregg2.Circuit.Poseidon2Binding.Poseidon2SpongeCR	uses-propdef,ho-thread
CARRIER	Dregg2.Circuit.ClosureFinal.lightclient_unfoolable_circuit_sound	Dregg2.Circuit.ClosureFinal	Dregg2/Circuit/ClosureFinal.lean	150	188	thm	threader	exists	2	Dregg2.Circuit.StateCommit.compressInjective,Dregg2.Circuit.StateCommit.compressNInjective,Dregg2.Circuit.StateCommit.cellLeafInjective,Dregg2.Circuit.Poseidon2Binding.Poseidon2SpongeCR	conc-floor
CARRIER	Dregg2.Circuit.ClosureFinal.closedWitness_of_readouts	Dregg2.Circuit.ClosureFinal	Dregg2/Circuit/ClosureFinal.lean	198	226	thm	threader	opaque-pred	6	Dregg2.Circuit.StateCommit.compressInjective,Dregg2.Circuit.StateCommit.compressNInjective,Dregg2.Circuit.StateCommit.cellLeafInjective	conc-floor
CARRIER	Dregg2.Circuit.ClosureFinal.lightclient_unfoolable_circuit_sound_of_readouts	Dregg2.Circuit.ClosureFinal	Dregg2/Circuit/ClosureFinal.lean	228	263	thm	threader	exists	7	Dregg2.Circuit.StateCommit.compressInjective,Dregg2.Circuit.StateCommit.compressNInjective,Dregg2.Circuit.StateCommit.cellLeafInjective,Dregg2.Circuit.Poseidon2Binding.Poseidon2SpongeCR	conc-floor
CARRIER	Dregg2.Circuit.ClosureFinalAvail.closedLogExtract_all_genuine_avail	Dregg2.Circuit.ClosureFinalAvail	Dregg2/Circuit/ClosureFinalAvail.lean	110	129	thm	threader	opaque-pred	6	Dregg2.Circuit.StateCommit.compressInjective,Dregg2.Circuit.StateCommit.compressNInjective,Dregg2.Circuit.StateCommit.cellLeafInjective	conc-floor
CARRIER	Dregg2.Circuit.ClosureFinalAvail.lightclient_unfoolable_closed_final_avail	Dregg2.Circuit.ClosureFinalAvail	Dregg2/Circuit/ClosureFinalAvail.lean	153	192	thm	threader	exists	2	Dregg2.Circuit.StateCommit.compressInjective,Dregg2.Circuit.StateCommit.compressNInjective,Dregg2.Circuit.StateCommit.cellLeafInjective,Dregg2.Circuit.Poseidon2Binding.Poseidon2SpongeCR	conc-floor
CARRIER	Dregg2.Circuit.ClosureFinalAvail.closedWitnessAvail_of_readouts	Dregg2.Circuit.ClosureFinalAvail	Dregg2/Circuit/ClosureFinalAvail.lean	202	221	thm	threader	opaque-pred	7	Dregg2.Circuit.StateCommit.compressInjective,Dregg2.Circuit.StateCommit.compressNInjective,Dregg2.Circuit.StateCommit.cellLeafInjective	conc-floor
CARRIER	Dregg2.Circuit.ClosureForest.emptyChain.eq_1	Dregg2.Circuit.ClosureForest	Dregg2/Circuit/ClosureForest.lean	0	0	thm	threader	eq	3	Dregg2.Circuit.StateCommit.compressInjective,Dregg2.Circuit.StateCommit.compressNInjective,Dregg2.Circuit.StateCommit.cellLeafInjective	conc-floor,auto-name
CARRIER	Dregg2.Circuit.ClosureSurface.S_live.congr_simp	Dregg2.Circuit.ClosureForest	Dregg2/Circuit/ClosureForest.lean	0	0	thm	threader	eq	0	Dregg2.Circuit.StateCommit.compressInjective,Dregg2.Circuit.StateCommit.compressNInjective,Dregg2.Circuit.StateCommit.cellLeafInjective	conc-floor,transport
CARRIER	Dregg2.Circuit.ClosureForest.hrefines_forest_closed	Dregg2.Circuit.ClosureForest	Dregg2/Circuit/ClosureForest.lean	96	125	thm	threader	opaque-pred	6	Dregg2.Circuit.StateCommit.compressInjective,Dregg2.Circuit.StateCommit.compressNInjective,Dregg2.Circuit.StateCommit.cellLeafInjective	conc-floor,uses-propdef
CARRIER	Dregg2.Circuit.ClosureForest.lightclient_unfoolable_circuit_sound_turn	Dregg2.Circuit.ClosureForest	Dregg2/Circuit/ClosureForest.lean	136	177	thm	threader	exists	7	Dregg2.Circuit.StateCommit.compressInjective,Dregg2.Circuit.StateCommit.compressNInjective,Dregg2.Circuit.StateCommit.cellLeafInjective,Dregg2.Circuit.Poseidon2Binding.Poseidon2SpongeCR	conc-floor
CARRIER	Dregg2.Circuit.ClosureForest.closedLogExtract_family_covers_mixed	Dregg2.Circuit.ClosureForest	Dregg2/Circuit/ClosureForest.lean	186	209	thm	threader	and	6	Dregg2.Circuit.StateCommit.compressInjective,Dregg2.Circuit.StateCommit.compressNInjective,Dregg2.Circuit.StateCommit.cellLeafInjective	conc-floor
CARRIER	Dregg2.Circuit.ClosureForest.emptyChain	Dregg2.Circuit.ClosureForest	Dregg2/Circuit/ClosureForest.lean	217	233	def	threader	opaque-pred	2	Dregg2.Circuit.StateCommit.compressInjective,Dregg2.Circuit.StateCommit.compressNInjective,Dregg2.Circuit.StateCommit.cellLeafInjective	conc-floor
CARRIER	Dregg2.Circuit.ClosureForest.lightclient_unfoolable_circuit_sound_turn_empty	Dregg2.Circuit.ClosureForest	Dregg2/Circuit/ClosureForest.lean	235	276	thm	threader	exists	8	Dregg2.Circuit.StateCommit.compressInjective,Dregg2.Circuit.StateCommit.compressNInjective,Dregg2.Circuit.StateCommit.cellLeafInjective,Dregg2.Circuit.Poseidon2Binding.Poseidon2SpongeCR	conc-floor,simp
CARRIER	Dregg2.Circuit.ClosureLog.StateDecodeLog.casesOn	Dregg2.Circuit.ClosureLog	Dregg2/Circuit/ClosureLog.lean	79	95	def	embedded	other	0	Dregg2.Circuit.StateCommit.logHashInjective	struct-boiler,emb-binder
CARRIER	Dregg2.Circuit.ClosureLog.StateDecodeLog.rec	Dregg2.Circuit.ClosureLog	Dregg2/Circuit/ClosureLog.lean	79	95	rec	embedded	other	0	Dregg2.Circuit.StateCommit.logHashInjective	emb-binder
CARRIER	Dregg2.Circuit.ClosureLog.StateDecodeLog.recOn	Dregg2.Circuit.ClosureLog	Dregg2/Circuit/ClosureLog.lean	79	95	def	embedded	other	0	Dregg2.Circuit.StateCommit.logHashInjective	struct-boiler,emb-binder
CARRIER	Dregg2.Circuit.ClosureLog.StateDecodeLog.mk	Dregg2.Circuit.ClosureLog	Dregg2/Circuit/ClosureLog.lean	86	86	ctor	no-value	opaque-pred	0	Dregg2.Circuit.StateCommit.logHashInjective	struct-boiler
CARRIER	Dregg2.Circuit.ClosureLog.StateDecodeLog.hLogInj	Dregg2.Circuit.ClosureLog	Dregg2/Circuit/ClosureLog.lean	91	91	thm	embedded	opaque-pred	0	Dregg2.Circuit.StateCommit.logHashInjective	struct-boiler,emb-conc
CARRIER	Dregg2.Circuit.ClosureLog.transfer_descriptorRefines_closedLog	Dregg2.Circuit.ClosureLog	Dregg2/Circuit/ClosureLog.lean	135	168	thm	threader	opaque-pred	2	Dregg2.Circuit.StateCommit.compressInjective,Dregg2.Circuit.StateCommit.compressNInjective,Dregg2.Circuit.StateCommit.cellLeafInjective	-
CARRIER	Dregg2.Circuit.ClosureLog.cellSeal_descriptorRefines_closedLog	Dregg2.Circuit.ClosureLog	Dregg2/Circuit/ClosureLog.lean	176	212	thm	threader	opaque-pred	5	Dregg2.Circuit.StateCommit.compressInjective,Dregg2.Circuit.StateCommit.compressNInjective,Dregg2.Circuit.StateCommit.cellLeafInjective	-
CARRIER	Dregg2.Circuit.ClosureLog.cellSeal_descriptorRefines_closedLog_sat	Dregg2.Circuit.ClosureLog	Dregg2/Circuit/ClosureLog.lean	214	254	thm	threader	opaque-pred	2	Dregg2.Circuit.StateCommit.compressInjective,Dregg2.Circuit.StateCommit.compressNInjective,Dregg2.Circuit.StateCommit.cellLeafInjective	-
CARRIER	Dregg2.Circuit.ClosureLog.revoke_descriptorRefines_closedLog	Dregg2.Circuit.ClosureLog	Dregg2/Circuit/ClosureLog.lean	261	292	thm	threader	opaque-pred	2	Dregg2.Circuit.StateCommit.compressInjective,Dregg2.Circuit.StateCommit.compressNInjective,Dregg2.Circuit.StateCommit.cellLeafInjective	-
CARRIER	Dregg2.Circuit.ClosureReadoutsRealizable.ClosureReadoutsLive.mk.inj	Dregg2.Circuit.ClosureReadoutsRealizable	Dregg2/Circuit/ClosureReadoutsRealizable.lean	0	0	thm	threader	and	6	Dregg2.Circuit.StateCommit.compressInjective,Dregg2.Circuit.StateCommit.compressNInjective,Dregg2.Circuit.StateCommit.cellLeafInjective	-
CARRIER	Dregg2.Circuit.ClosureReadoutsRealizable.ClosureReadoutsLive.ctorIdx	Dregg2.Circuit.ClosureReadoutsRealizable	Dregg2/Circuit/ClosureReadoutsRealizable.lean	0	0	def	dead	opaque-pred	0	Dregg2.Circuit.StateCommit.compressInjective,Dregg2.Circuit.StateCommit.compressNInjective,Dregg2.Circuit.StateCommit.cellLeafInjective	struct-boiler
CARRIER	Dregg2.Circuit.ClosureReadoutsRealizable.ClosureReadoutsLive.mk.injEq	Dregg2.Circuit.ClosureReadoutsRealizable	Dregg2/Circuit/ClosureReadoutsRealizable.lean	0	0	thm	threader	eq	7	Dregg2.Circuit.StateCommit.compressInjective,Dregg2.Circuit.StateCommit.compressNInjective,Dregg2.Circuit.StateCommit.cellLeafInjective	conc-floor,auto-name
CARRIER	Dregg2.Circuit.ClosureReadoutsRealizable.ClosureReadoutsLive.noConfusionType	Dregg2.Circuit.ClosureReadoutsRealizable	Dregg2/Circuit/ClosureReadoutsRealizable.lean	0	0	def	threader	other	3	Dregg2.Circuit.StateCommit.compressInjective,Dregg2.Circuit.StateCommit.compressNInjective,Dregg2.Circuit.StateCommit.cellLeafInjective	struct-boiler,auto-name
CARRIER	Dregg2.Circuit.ClosureReadoutsRealizable.ClosureReadoutsLive.mk.sizeOf_spec	Dregg2.Circuit.ClosureReadoutsRealizable	Dregg2/Circuit/ClosureReadoutsRealizable.lean	0	0	thm	dead	eq	0	Dregg2.Circuit.StateCommit.compressInjective,Dregg2.Circuit.StateCommit.compressNInjective,Dregg2.Circuit.StateCommit.cellLeafInjective	conc-floor,auto-name
CARRIER	Dregg2.Circuit.ClosureReadoutsRealizable.closedLogExtract_emptyTag_false	Dregg2.Circuit.ClosureReadoutsRealizable	Dregg2/Circuit/ClosureReadoutsRealizable.lean	124	142	thm	tooth	False	0	Dregg2.Circuit.StateCommit.compressInjective,Dregg2.Circuit.StateCommit.compressNInjective,Dregg2.Circuit.StateCommit.cellLeafInjective	was-dead
CARRIER	Dregg2.Circuit.ClosureReadoutsRealizable.stateDecodeLog_inhabited	Dregg2.Circuit.ClosureReadoutsRealizable	Dregg2/Circuit/ClosureReadoutsRealizable.lean	146	164	thm	threader	exists	1	Dregg2.Circuit.StateCommit.logHashInjective	-
CARRIER	Dregg2.Circuit.ClosureReadoutsRealizable.closureReadouts_uninstantiable	Dregg2.Circuit.ClosureReadoutsRealizable	Dregg2/Circuit/ClosureReadoutsRealizable.lean	168	192	thm	tooth	False	2	Dregg2.Circuit.StateCommit.compressInjective,Dregg2.Circuit.StateCommit.compressNInjective,Dregg2.Circuit.StateCommit.cellLeafInjective,Dregg2.Circuit.StateCommit.logHashInjective	was-threader
CARRIER	Dregg2.Circuit.ClosureReadoutsRealizable.closureReadouts_uninstantiable_concrete	Dregg2.Circuit.ClosureReadoutsRealizable	Dregg2/Circuit/ClosureReadoutsRealizable.lean	194	213	thm	tooth	False	3	Dregg2.Circuit.StateCommit.compressInjective,Dregg2.Circuit.StateCommit.compressNInjective,Dregg2.Circuit.StateCommit.cellLeafInjective	was-threader
CARRIER	Dregg2.Circuit.ClosureReadoutsRealizable.ClosureReadoutsLive	Dregg2.Circuit.ClosureReadoutsRealizable	Dregg2/Circuit/ClosureReadoutsRealizable.lean	222	450	induct	no-value	other	0	Dregg2.Circuit.StateCommit.compressInjective,Dregg2.Circuit.StateCommit.compressNInjective,Dregg2.Circuit.StateCommit.cellLeafInjective	-
CARRIER	Dregg2.Circuit.ClosureReadoutsRealizable.ClosureReadoutsLive.mk	Dregg2.Circuit.ClosureReadoutsRealizable	Dregg2/Circuit/ClosureReadoutsRealizable.lean	222	222	ctor	no-value	opaque-pred	0	Dregg2.Circuit.StateCommit.compressInjective,Dregg2.Circuit.StateCommit.compressNInjective,Dregg2.Circuit.StateCommit.cellLeafInjective	struct-boiler,conc-floor
CARRIER	Dregg2.Circuit.ClosureReadoutsRealizable.ClosureReadoutsLive.casesOn	Dregg2.Circuit.ClosureReadoutsRealizable	Dregg2/Circuit/ClosureReadoutsRealizable.lean	222	450	def	threader	other	2	Dregg2.Circuit.StateCommit.compressInjective,Dregg2.Circuit.StateCommit.compressNInjective,Dregg2.Circuit.StateCommit.cellLeafInjective	struct-boiler
CARRIER	Dregg2.Circuit.ClosureReadoutsRealizable.ClosureReadoutsLive.rec	Dregg2.Circuit.ClosureReadoutsRealizable	Dregg2/Circuit/ClosureReadoutsRealizable.lean	222	450	rec	no-value	other	0	Dregg2.Circuit.StateCommit.compressInjective,Dregg2.Circuit.StateCommit.compressNInjective,Dregg2.Circuit.StateCommit.cellLeafInjective	-
CARRIER	Dregg2.Circuit.ClosureReadoutsRealizable.ClosureReadoutsLive.recOn	Dregg2.Circuit.ClosureReadoutsRealizable	Dregg2/Circuit/ClosureReadoutsRealizable.lean	222	450	def	threader	other	1	Dregg2.Circuit.StateCommit.compressInjective,Dregg2.Circuit.StateCommit.compressNInjective,Dregg2.Circuit.StateCommit.cellLeafInjective	struct-boiler
CARRIER	Dregg2.Circuit.ClosureReadoutsRealizable.ClosureReadoutsLive.mk.noConfusion	Dregg2.Circuit.ClosureReadoutsRealizable	Dregg2/Circuit/ClosureReadoutsRealizable.lean	222	222	def	threader	other	5	Dregg2.Circuit.StateCommit.compressInjective,Dregg2.Circuit.StateCommit.compressNInjective,Dregg2.Circuit.StateCommit.cellLeafInjective	struct-boiler,auto-name
CARRIER	Dregg2.Circuit.ClosureReadoutsRealizable.ClosureReadoutsLive.noConfusion	Dregg2.Circuit.ClosureReadoutsRealizable	Dregg2/Circuit/ClosureReadoutsRealizable.lean	222	450	def	threader	opaque-pred	4	Dregg2.Circuit.StateCommit.compressInjective,Dregg2.Circuit.StateCommit.compressNInjective,Dregg2.Circuit.StateCommit.cellLeafInjective	struct-boiler,conc-floor,auto-name,transport
CARRIER	Dregg2.Circuit.ClosureReadoutsRealizable.ClosureReadoutsLive.hNCellSeal	Dregg2.Circuit.ClosureReadoutsRealizable	Dregg2/Circuit/ClosureReadoutsRealizable.lean	242	242	thm	dead	opaque-pred	0	Dregg2.Circuit.StateCommit.compressInjective,Dregg2.Circuit.StateCommit.compressNInjective,Dregg2.Circuit.StateCommit.cellLeafInjective	struct-boiler,bridge
CARRIER	Dregg2.Circuit.ClosureReadoutsRealizable.ClosureReadoutsLive.hNLife	Dregg2.Circuit.ClosureReadoutsRealizable	Dregg2/Circuit/ClosureReadoutsRealizable.lean	243	243	thm	dead	opaque-pred	0	Dregg2.Circuit.StateCommit.compressInjective,Dregg2.Circuit.StateCommit.compressNInjective,Dregg2.Circuit.StateCommit.cellLeafInjective	struct-boiler,bridge
CARRIER	Dregg2.Circuit.ClosureReadoutsRealizable.ClosureReadoutsLive.hNPermsVK	Dregg2.Circuit.ClosureReadoutsRealizable	Dregg2/Circuit/ClosureReadoutsRealizable.lean	244	244	thm	dead	opaque-pred	0	Dregg2.Circuit.StateCommit.compressInjective,Dregg2.Circuit.StateCommit.compressNInjective,Dregg2.Circuit.StateCommit.cellLeafInjective	struct-boiler,bridge
CARRIER	Dregg2.Circuit.ClosureReadoutsRealizable.ClosureReadoutsLive.hNBirth	Dregg2.Circuit.ClosureReadoutsRealizable	Dregg2/Circuit/ClosureReadoutsRealizable.lean	245	245	thm	dead	opaque-pred	0	Dregg2.Circuit.StateCommit.compressInjective,Dregg2.Circuit.StateCommit.compressNInjective,Dregg2.Circuit.StateCommit.cellLeafInjective	struct-boiler,bridge
CARRIER	Dregg2.Circuit.ClosureReadoutsRealizable.ClosureReadoutsLive.hNNotes	Dregg2.Circuit.ClosureReadoutsRealizable	Dregg2/Circuit/ClosureReadoutsRealizable.lean	246	246	thm	dead	opaque-pred	0	Dregg2.Circuit.StateCommit.compressInjective,Dregg2.Circuit.StateCommit.compressNInjective,Dregg2.Circuit.StateCommit.cellLeafInjective	struct-boiler,bridge
CARRIER	Dregg2.Circuit.ClosureReadoutsRealizable.ClosureReadoutsLive.transfer	Dregg2.Circuit.ClosureReadoutsRealizable	Dregg2/Circuit/ClosureReadoutsRealizable.lean	248	248	thm	dead	opaque-pred	0	Dregg2.Circuit.StateCommit.compressInjective,Dregg2.Circuit.StateCommit.compressNInjective,Dregg2.Circuit.StateCommit.cellLeafInjective	struct-boiler,conc-floor
CARRIER	Dregg2.Circuit.ClosureReadoutsRealizable.ClosureReadoutsLive.rdMint	Dregg2.Circuit.ClosureReadoutsRealizable	Dregg2/Circuit/ClosureReadoutsRealizable.lean	253	253	def	dead	opaque-pred	0	Dregg2.Circuit.StateCommit.compressInjective,Dregg2.Circuit.StateCommit.compressNInjective,Dregg2.Circuit.StateCommit.cellLeafInjective	struct-boiler
CARRIER	Dregg2.Circuit.ClosureReadoutsRealizable.ClosureReadoutsLive.rdBurn	Dregg2.Circuit.ClosureReadoutsRealizable	Dregg2/Circuit/ClosureReadoutsRealizable.lean	255	255	def	dead	opaque-pred	0	Dregg2.Circuit.StateCommit.compressInjective,Dregg2.Circuit.StateCommit.compressNInjective,Dregg2.Circuit.StateCommit.cellLeafInjective	struct-boiler
CARRIER	Dregg2.Circuit.ClosureReadoutsRealizable.ClosureReadoutsLive.rdBridgeMint	Dregg2.Circuit.ClosureReadoutsRealizable	Dregg2/Circuit/ClosureReadoutsRealizable.lean	257	257	def	dead	opaque-pred	0	Dregg2.Circuit.StateCommit.compressInjective,Dregg2.Circuit.StateCommit.compressNInjective,Dregg2.Circuit.StateCommit.cellLeafInjective	struct-boiler
CARRIER	Dregg2.Circuit.ClosureReadoutsRealizable.ClosureReadoutsLive.rdIncNonce	Dregg2.Circuit.ClosureReadoutsRealizable	Dregg2/Circuit/ClosureReadoutsRealizable.lean	259	259	def	dead	opaque-pred	0	Dregg2.Circuit.StateCommit.compressInjective,Dregg2.Circuit.StateCommit.compressNInjective,Dregg2.Circuit.StateCommit.cellLeafInjective	struct-boiler
CARRIER	Dregg2.Circuit.ClosureReadoutsRealizable.ClosureReadoutsLive.rdSetField	Dregg2.Circuit.ClosureReadoutsRealizable	Dregg2/Circuit/ClosureReadoutsRealizable.lean	261	261	def	dead	opaque-pred	0	Dregg2.Circuit.StateCommit.compressInjective,Dregg2.Circuit.StateCommit.compressNInjective,Dregg2.Circuit.StateCommit.cellLeafInjective	struct-boiler
CARRIER	Dregg2.Circuit.ClosureReadoutsRealizable.ClosureReadoutsLive.rdHeapWrite	Dregg2.Circuit.ClosureReadoutsRealizable	Dregg2/Circuit/ClosureReadoutsRealizable.lean	263	263	def	dead	opaque-pred	0	Dregg2.Circuit.StateCommit.compressInjective,Dregg2.Circuit.StateCommit.compressNInjective,Dregg2.Circuit.StateCommit.cellLeafInjective	struct-boiler
CARRIER	Dregg2.Circuit.ClosureReadoutsRealizable.ClosureReadoutsLive.rdDelegate	Dregg2.Circuit.ClosureReadoutsRealizable	Dregg2/Circuit/ClosureReadoutsRealizable.lean	265	265	def	dead	opaque-pred	0	Dregg2.Circuit.StateCommit.compressInjective,Dregg2.Circuit.StateCommit.compressNInjective,Dregg2.Circuit.StateCommit.cellLeafInjective	struct-boiler
CARRIER	Dregg2.Circuit.ClosureReadoutsRealizable.ClosureReadoutsLive.rdIntroduce	Dregg2.Circuit.ClosureReadoutsRealizable	Dregg2/Circuit/ClosureReadoutsRealizable.lean	274	274	def	dead	opaque-pred	0	Dregg2.Circuit.StateCommit.compressInjective,Dregg2.Circuit.StateCommit.compressNInjective,Dregg2.Circuit.StateCommit.cellLeafInjective	struct-boiler
CARRIER	Dregg2.Circuit.ClosureReadoutsRealizable.ClosureReadoutsLive.rdAttenuate	Dregg2.Circuit.ClosureReadoutsRealizable	Dregg2/Circuit/ClosureReadoutsRealizable.lean	283	283	def	dead	opaque-pred	0	Dregg2.Circuit.StateCommit.compressInjective,Dregg2.Circuit.StateCommit.compressNInjective,Dregg2.Circuit.StateCommit.cellLeafInjective	struct-boiler
CARRIER	Dregg2.Circuit.ClosureReadoutsRealizable.ClosureReadoutsLive.rdDelegateAtten	Dregg2.Circuit.ClosureReadoutsRealizable	Dregg2/Circuit/ClosureReadoutsRealizable.lean	295	295	def	dead	opaque-pred	0	Dregg2.Circuit.StateCommit.compressInjective,Dregg2.Circuit.StateCommit.compressNInjective,Dregg2.Circuit.StateCommit.cellLeafInjective	struct-boiler
CARRIER	Dregg2.Circuit.ClosureReadoutsRealizable.ClosureReadoutsLive.rdRevokeDelegation	Dregg2.Circuit.ClosureReadoutsRealizable	Dregg2/Circuit/ClosureReadoutsRealizable.lean	307	307	def	dead	opaque-pred	0	Dregg2.Circuit.StateCommit.compressInjective,Dregg2.Circuit.StateCommit.compressNInjective,Dregg2.Circuit.StateCommit.cellLeafInjective	struct-boiler
CARRIER	Dregg2.Circuit.ClosureReadoutsRealizable.ClosureReadoutsLive.rdRevoke	Dregg2.Circuit.ClosureReadoutsRealizable	Dregg2/Circuit/ClosureReadoutsRealizable.lean	316	316	def	dead	opaque-pred	0	Dregg2.Circuit.StateCommit.compressInjective,Dregg2.Circuit.StateCommit.compressNInjective,Dregg2.Circuit.StateCommit.cellLeafInjective	struct-boiler
CARRIER	Dregg2.Circuit.ClosureReadoutsRealizable.ClosureReadoutsLive.rdRefreshDelegation	Dregg2.Circuit.ClosureReadoutsRealizable	Dregg2/Circuit/ClosureReadoutsRealizable.lean	325	325	def	dead	opaque-pred	0	Dregg2.Circuit.StateCommit.compressInjective,Dregg2.Circuit.StateCommit.compressNInjective,Dregg2.Circuit.StateCommit.cellLeafInjective	struct-boiler
CARRIER	Dregg2.Circuit.ClosureReadoutsRealizable.ClosureReadoutsLive.rdCellSeal	Dregg2.Circuit.ClosureReadoutsRealizable	Dregg2/Circuit/ClosureReadoutsRealizable.lean	335	335	def	dead	opaque-pred	0	Dregg2.Circuit.StateCommit.compressInjective,Dregg2.Circuit.StateCommit.compressNInjective,Dregg2.Circuit.StateCommit.cellLeafInjective	struct-boiler
CARRIER	Dregg2.Circuit.ClosureReadoutsRealizable.ClosureReadoutsLive.rdCellUnseal	Dregg2.Circuit.ClosureReadoutsRealizable	Dregg2/Circuit/ClosureReadoutsRealizable.lean	343	343	def	dead	opaque-pred	0	Dregg2.Circuit.StateCommit.compressInjective,Dregg2.Circuit.StateCommit.compressNInjective,Dregg2.Circuit.StateCommit.cellLeafInjective	struct-boiler
CARRIER	Dregg2.Circuit.ClosureReadoutsRealizable.ClosureReadoutsLive.rdCellDestroy	Dregg2.Circuit.ClosureReadoutsRealizable	Dregg2/Circuit/ClosureReadoutsRealizable.lean	350	350	def	dead	opaque-pred	0	Dregg2.Circuit.StateCommit.compressInjective,Dregg2.Circuit.StateCommit.compressNInjective,Dregg2.Circuit.StateCommit.cellLeafInjective	struct-boiler
CARRIER	Dregg2.Circuit.ClosureReadoutsRealizable.ClosureReadoutsLive.rdRefusal	Dregg2.Circuit.ClosureReadoutsRealizable	Dregg2/Circuit/ClosureReadoutsRealizable.lean	357	357	def	dead	opaque-pred	0	Dregg2.Circuit.StateCommit.compressInjective,Dregg2.Circuit.StateCommit.compressNInjective,Dregg2.Circuit.StateCommit.cellLeafInjective	struct-boiler
CARRIER	Dregg2.Circuit.ClosureReadoutsRealizable.ClosureReadoutsLive.rdReceiptArchive	Dregg2.Circuit.ClosureReadoutsRealizable	Dregg2/Circuit/ClosureReadoutsRealizable.lean	364	364	def	dead	opaque-pred	0	Dregg2.Circuit.StateCommit.compressInjective,Dregg2.Circuit.StateCommit.compressNInjective,Dregg2.Circuit.StateCommit.cellLeafInjective	struct-boiler
CARRIER	Dregg2.Circuit.ClosureReadoutsRealizable.ClosureReadoutsLive.rdSetPermissions	Dregg2.Circuit.ClosureReadoutsRealizable	Dregg2/Circuit/ClosureReadoutsRealizable.lean	372	372	def	dead	opaque-pred	0	Dregg2.Circuit.StateCommit.compressInjective,Dregg2.Circuit.StateCommit.compressNInjective,Dregg2.Circuit.StateCommit.cellLeafInjective	struct-boiler
CARRIER	Dregg2.Circuit.ClosureReadoutsRealizable.ClosureReadoutsLive.rdSetVK	Dregg2.Circuit.ClosureReadoutsRealizable	Dregg2/Circuit/ClosureReadoutsRealizable.lean	379	379	def	dead	opaque-pred	0	Dregg2.Circuit.StateCommit.compressInjective,Dregg2.Circuit.StateCommit.compressNInjective,Dregg2.Circuit.StateCommit.cellLeafInjective	struct-boiler
CARRIER	Dregg2.Circuit.ClosureReadoutsRealizable.ClosureReadoutsLive.rdSetProgram	Dregg2.Circuit.ClosureReadoutsRealizable	Dregg2/Circuit/ClosureReadoutsRealizable.lean	386	386	def	dead	opaque-pred	0	Dregg2.Circuit.StateCommit.compressInjective,Dregg2.Circuit.StateCommit.compressNInjective,Dregg2.Circuit.StateCommit.cellLeafInjective	struct-boiler
CARRIER	Dregg2.Circuit.ClosureReadoutsRealizable.ClosureReadoutsLive.rdMakeSovereign	Dregg2.Circuit.ClosureReadoutsRealizable	Dregg2/Circuit/ClosureReadoutsRealizable.lean	393	393	def	dead	opaque-pred	0	Dregg2.Circuit.StateCommit.compressInjective,Dregg2.Circuit.StateCommit.compressNInjective,Dregg2.Circuit.StateCommit.cellLeafInjective	struct-boiler
CARRIER	Dregg2.Circuit.ClosureReadoutsRealizable.ClosureReadoutsLive.rdCreateCell	Dregg2.Circuit.ClosureReadoutsRealizable	Dregg2/Circuit/ClosureReadoutsRealizable.lean	400	400	def	dead	opaque-pred	0	Dregg2.Circuit.StateCommit.compressInjective,Dregg2.Circuit.StateCommit.compressNInjective,Dregg2.Circuit.StateCommit.cellLeafInjective	struct-boiler
CARRIER	Dregg2.Circuit.ClosureReadoutsRealizable.ClosureReadoutsLive.rdCreateCellFromFactory	Dregg2.Circuit.ClosureReadoutsRealizable	Dregg2/Circuit/ClosureReadoutsRealizable.lean	406	406	def	dead	opaque-pred	0	Dregg2.Circuit.StateCommit.compressInjective,Dregg2.Circuit.StateCommit.compressNInjective,Dregg2.Circuit.StateCommit.cellLeafInjective	struct-boiler
CARRIER	Dregg2.Circuit.ClosureReadoutsRealizable.ClosureReadoutsLive.rdSpawn	Dregg2.Circuit.ClosureReadoutsRealizable	Dregg2/Circuit/ClosureReadoutsRealizable.lean	412	412	def	dead	opaque-pred	0	Dregg2.Circuit.StateCommit.compressInjective,Dregg2.Circuit.StateCommit.compressNInjective,Dregg2.Circuit.StateCommit.cellLeafInjective	struct-boiler
CARRIER	Dregg2.Circuit.ClosureReadoutsRealizable.ClosureReadoutsLive.rdNoteSpend	Dregg2.Circuit.ClosureReadoutsRealizable	Dregg2/Circuit/ClosureReadoutsRealizable.lean	422	422	def	dead	opaque-pred	0	Dregg2.Circuit.StateCommit.compressInjective,Dregg2.Circuit.StateCommit.compressNInjective,Dregg2.Circuit.StateCommit.cellLeafInjective	struct-boiler
CARRIER	Dregg2.Circuit.ClosureReadoutsRealizable.ClosureReadoutsLive.rdNoteCreate	Dregg2.Circuit.ClosureReadoutsRealizable	Dregg2/Circuit/ClosureReadoutsRealizable.lean	428	428	def	dead	opaque-pred	0	Dregg2.Circuit.StateCommit.compressInjective,Dregg2.Circuit.StateCommit.compressNInjective,Dregg2.Circuit.StateCommit.cellLeafInjective	struct-boiler
CARRIER	Dregg2.Circuit.ClosureReadoutsRealizable.ClosureReadoutsLive.rdEmitEvent	Dregg2.Circuit.ClosureReadoutsRealizable	Dregg2/Circuit/ClosureReadoutsRealizable.lean	434	434	def	dead	opaque-pred	0	Dregg2.Circuit.StateCommit.compressInjective,Dregg2.Circuit.StateCommit.compressNInjective,Dregg2.Circuit.StateCommit.cellLeafInjective	struct-boiler
CARRIER	Dregg2.Circuit.ClosureReadoutsRealizable.ClosureReadoutsLive.rdPipelinedSend	Dregg2.Circuit.ClosureReadoutsRealizable	Dregg2/Circuit/ClosureReadoutsRealizable.lean	440	440	def	dead	opaque-pred	0	Dregg2.Circuit.StateCommit.compressInjective,Dregg2.Circuit.StateCommit.compressNInjective,Dregg2.Circuit.StateCommit.cellLeafInjective	struct-boiler
CARRIER	Dregg2.Circuit.ClosureReadoutsRealizable.ClosureReadoutsLive.rdExercise	Dregg2.Circuit.ClosureReadoutsRealizable	Dregg2/Circuit/ClosureReadoutsRealizable.lean	446	446	def	dead	opaque-pred	0	Dregg2.Circuit.StateCommit.compressInjective,Dregg2.Circuit.StateCommit.compressNInjective,Dregg2.Circuit.StateCommit.cellLeafInjective	struct-boiler
CARRIER	Dregg2.Circuit.ClosureReadoutsRealizable.ClosureReadoutsLive.of	Dregg2.Circuit.ClosureReadoutsRealizable	Dregg2/Circuit/ClosureReadoutsRealizable.lean	452	503	def	threader	opaque-pred	1	Dregg2.Circuit.StateCommit.compressInjective,Dregg2.Circuit.StateCommit.compressNInjective,Dregg2.Circuit.StateCommit.cellLeafInjective	conc-floor
CARRIER	Dregg2.Circuit.ClosureReadoutsRealizable.closedLogExtract_all_genuine_live	Dregg2.Circuit.ClosureReadoutsRealizable	Dregg2/Circuit/ClosureReadoutsRealizable.lean	511	558	thm	threader	opaque-pred	5	Dregg2.Circuit.StateCommit.compressInjective,Dregg2.Circuit.StateCommit.compressNInjective,Dregg2.Circuit.StateCommit.cellLeafInjective	conc-floor
CARRIER	Dregg2.Circuit.ClosureReadoutsRealizable.lightclient_unfoolable_closed_final_live	Dregg2.Circuit.ClosureReadoutsRealizable	Dregg2/Circuit/ClosureReadoutsRealizable.lean	596	634	thm	threader	exists	6	Dregg2.Circuit.StateCommit.compressInjective,Dregg2.Circuit.StateCommit.compressNInjective,Dregg2.Circuit.StateCommit.cellLeafInjective	conc-floor
CARRIER	Dregg2.Circuit.ClosureSurface.S_live	Dregg2.Circuit.ClosureSurface	Dregg2/Circuit/ClosureSurface.lean	106	120	def	threader	opaque-pred	1	Dregg2.Circuit.StateCommit.compressInjective,Dregg2.Circuit.StateCommit.compressNInjective,Dregg2.Circuit.StateCommit.cellLeafInjective	-
CARRIER	Dregg2.Circuit.ClosureSurface.S_live_commit	Dregg2.Circuit.ClosureSurface	Dregg2/Circuit/ClosureSurface.lean	122	132	thm	threader	eq	2	Dregg2.Circuit.StateCommit.compressInjective,Dregg2.Circuit.StateCommit.compressNInjective,Dregg2.Circuit.StateCommit.cellLeafInjective	conc-floor
CARRIER	Dregg2.Circuit.ClosureSurface.transfer_descriptorRefines_closed	Dregg2.Circuit.ClosureSurface	Dregg2/Circuit/ClosureSurface.lean	168	193	thm	threader	opaque-pred	2	Dregg2.Circuit.StateCommit.compressInjective,Dregg2.Circuit.StateCommit.compressNInjective,Dregg2.Circuit.StateCommit.cellLeafInjective	-
CARRIER	Dregg2.Circuit.ClosureSurface.cellSeal_descriptorRefines_closed	Dregg2.Circuit.ClosureSurface	Dregg2/Circuit/ClosureSurface.lean	204	230	thm	threader	opaque-pred	5	Dregg2.Circuit.StateCommit.compressInjective,Dregg2.Circuit.StateCommit.compressNInjective,Dregg2.Circuit.StateCommit.cellLeafInjective	-
CARRIER	Dregg2.Circuit.ClosureSurface.revoke_descriptorRefines_closed	Dregg2.Circuit.ClosureSurface	Dregg2/Circuit/ClosureSurface.lean	240	264	thm	threader	opaque-pred	2	Dregg2.Circuit.StateCommit.compressInjective,Dregg2.Circuit.StateCommit.compressNInjective,Dregg2.Circuit.StateCommit.cellLeafInjective	-
CARRIER	Dregg2.Circuit.ClosureTransfer.closedLogExtract_transfer_closed	Dregg2.Circuit.ClosureTransfer	Dregg2/Circuit/ClosureTransfer.lean	323	415	thm	threader	opaque-pred	4	Dregg2.Circuit.StateCommit.compressInjective,Dregg2.Circuit.StateCommit.compressNInjective,Dregg2.Circuit.StateCommit.cellLeafInjective	conc-floor
CARRIER	Dregg2.Circuit.ClosureTransferAvail.transfer_descriptorRefinesAvail_closedLog	Dregg2.Circuit.ClosureTransferAvail	Dregg2/Circuit/ClosureTransferAvail.lean	303	324	thm	threader	opaque-pred	2	Dregg2.Circuit.StateCommit.compressInjective,Dregg2.Circuit.StateCommit.compressNInjective,Dregg2.Circuit.StateCommit.cellLeafInjective	-
CARRIER	Dregg2.Circuit.ClosureTransferAvail.closedLogExtract_transfer_closed_avail	Dregg2.Circuit.ClosureTransferAvail	Dregg2/Circuit/ClosureTransferAvail.lean	333	394	thm	threader	opaque-pred	3	Dregg2.Circuit.StateCommit.compressInjective,Dregg2.Circuit.StateCommit.compressNInjective,Dregg2.Circuit.StateCommit.cellLeafInjective	conc-floor
CARRIER	Dregg2.Circuit.ClosureTransferAvail.closedLogExtract_transfer_closed_availFix	Dregg2.Circuit.ClosureTransferAvail	Dregg2/Circuit/ClosureTransferAvail.lean	421	457	thm	threader	opaque-pred	4	Dregg2.Circuit.StateCommit.compressInjective,Dregg2.Circuit.StateCommit.compressNInjective,Dregg2.Circuit.StateCommit.cellLeafInjective	conc-floor
CARRIER	Dregg2.Circuit.ClosureTransferAvail.burn_descriptorRefinesAvail_closedLog	Dregg2.Circuit.ClosureTransferAvail	Dregg2/Circuit/ClosureTransferAvail.lean	484	507	thm	threader	opaque-pred	2	Dregg2.Circuit.StateCommit.compressInjective,Dregg2.Circuit.StateCommit.compressNInjective,Dregg2.Circuit.StateCommit.cellLeafInjective	-
CARRIER	Dregg2.Circuit.ClosureTransferAvail.closedLogExtract_burn_closed_avail	Dregg2.Circuit.ClosureTransferAvail	Dregg2/Circuit/ClosureTransferAvail.lean	509	525	thm	threader	opaque-pred	3	Dregg2.Circuit.StateCommit.compressInjective,Dregg2.Circuit.StateCommit.compressNInjective,Dregg2.Circuit.StateCommit.cellLeafInjective	conc-floor
CARRIER	Dregg2.Circuit.ClosureTransferAvail.closedLogExtract_burn_closed_availFix	Dregg2.Circuit.ClosureTransferAvail	Dregg2/Circuit/ClosureTransferAvail.lean	527	535	thm	threader	opaque-pred	4	Dregg2.Circuit.StateCommit.compressInjective,Dregg2.Circuit.StateCommit.compressNInjective,Dregg2.Circuit.StateCommit.cellLeafInjective	conc-floor
CARRIER	Dregg2.Circuit.CommitFaithfulRegrounded.CollisionResistant	Dregg2.Circuit.CommitFaithfulRegrounded	Dregg2/Circuit/CommitFaithfulRegrounded.lean	1273	1273	def	prop-body	other	0	Dregg2.Circuit.HashFloorHonesty.CollisionResistant	direct
CARRIER	Dregg2.Circuit.CommitmentCrossBind.stateCommit_binds_cells_and_rest	Dregg2.Circuit.CommitmentCrossBind	Dregg2/Circuit/CommitmentCrossBind.lean	199	244	thm	endpoint	and	2	Dregg2.Circuit.StateCommit.compressInjective,Dregg2.Circuit.StateCommit.compressNInjective	-
CARRIER	Dregg2.Circuit.CommitmentCrossBind.setFieldCommit_binds_all	Dregg2.Circuit.CommitmentCrossBind	Dregg2/Circuit/CommitmentCrossBind.lean	246	295	thm	endpoint	and	1	Dregg2.Circuit.StateCommit.compressInjective,Dregg2.Circuit.StateCommit.compressNInjective,Dregg2.Circuit.StateCommit.logHashInjective	-
CARRIER	Dregg2.Circuit.CommitmentCrossBind.crossbind_cells_agree	Dregg2.Circuit.CommitmentCrossBind	Dregg2/Circuit/CommitmentCrossBind.lean	331	341	thm	threader	eq	1	Dregg2.Circuit.StateCommit.compressNInjective	-
CARRIER	Dregg2.Circuit.CommitmentCrossBind.crossbind_circuit_exec_same_state	Dregg2.Circuit.CommitmentCrossBind	Dregg2/Circuit/CommitmentCrossBind.lean	343	367	thm	threader	and	2	Dregg2.Circuit.StateCommit.compressNInjective	-
CARRIER	Dregg2.Circuit.CommitmentCrossBind.stateCommit_binds_cellCommit	Dregg2.Circuit.CommitmentCrossBind	Dregg2/Circuit/CommitmentCrossBind.lean	395	427	thm	threader	and	3	Dregg2.Circuit.StateCommit.compressInjective,Dregg2.Circuit.StateCommit.compressNInjective	-
CARRIER	Dregg2.Circuit.CommitmentCrossBind.setFieldCommit_binds_cellCommit	Dregg2.Circuit.CommitmentCrossBind	Dregg2/Circuit/CommitmentCrossBind.lean	429	454	thm	threader	and	2	Dregg2.Circuit.StateCommit.compressInjective,Dregg2.Circuit.StateCommit.compressNInjective,Dregg2.Circuit.StateCommit.logHashInjective	-
CARRIER	Dregg2.Circuit.CommitmentCrossBind.chC_bad_not_bridge	Dregg2.Circuit.CommitmentCrossBind	Dregg2/Circuit/CommitmentCrossBind.lean	741	764	thm	threader	not	2	Dregg2.Circuit.StateCommit.compressNInjective	simp
CARRIER	Dregg2.Circuit.CommitmentTreeAccumulator.hash4_inj	Dregg2.Circuit.CommitmentTreeAccumulator	Dregg2/Circuit/CommitmentTreeAccumulator.lean	193	199	thm	endpoint	and	0	Dregg2.Circuit.StateCommit.compressNInjective	-
CARRIER	Dregg2.Circuit.CommitmentTreeAccumulator.nodeAt_binds_all	Dregg2.Circuit.CommitmentTreeAccumulator	Dregg2/Circuit/CommitmentTreeAccumulator.lean	206	246	thm	threader	eq	1	Dregg2.Circuit.StateCommit.compressNInjective	simp
CARRIER	Dregg2.Circuit.CommitmentTreeAccumulator.root_binds_of_injective	Dregg2.Circuit.CommitmentTreeAccumulator	Dregg2/Circuit/CommitmentTreeAccumulator.lean	248	258	thm	threader	eq	2	Dregg2.Circuit.StateCommit.compressNInjective	-
CARRIER	Dregg2.Circuit.CoordinatedTurnEmit.coordinated_emitted_refines_spec	Dregg2.Circuit.CoordinatedTurnEmit	Dregg2/Circuit/CoordinatedTurnEmit.lean	505	538	thm	threader	opaque-pred	1	Dregg2.Circuit.StateCommit.compressInjective,Dregg2.Circuit.StateCommit.compressNInjective,Dregg2.Circuit.StateCommit.cellLeafInjective	-
CARRIER	Dregg2.Circuit.CoordinatedTurnRefinement.coordinated_turn_circuit_refines_spec	Dregg2.Circuit.CoordinatedTurnRefinement	Dregg2/Circuit/CoordinatedTurnRefinement.lean	246	274	thm	dead	opaque-pred	0	Dregg2.Circuit.StateCommit.compressInjective,Dregg2.Circuit.StateCommit.compressNInjective,Dregg2.Circuit.StateCommit.cellLeafInjective	inj-spelled
CARRIER	Dregg2.Circuit.CoordinatedTurnRefinement.coordinated_turn_circuit_refines_spec_honest	Dregg2.Circuit.CoordinatedTurnRefinement	Dregg2/Circuit/CoordinatedTurnRefinement.lean	276	301	thm	dead	opaque-pred	0	Dregg2.Circuit.StateCommit.compressInjective,Dregg2.Circuit.StateCommit.compressNInjective,Dregg2.Circuit.StateCommit.cellLeafInjective	-
CARRIER	Dregg2.Circuit.CoordinatedTurnRefinement.coordinated_turn_circuit_exec_agree	Dregg2.Circuit.CoordinatedTurnRefinement	Dregg2/Circuit/CoordinatedTurnRefinement.lean	303	329	thm	threader	and	1	Dregg2.Circuit.StateCommit.compressInjective,Dregg2.Circuit.StateCommit.compressNInjective,Dregg2.Circuit.StateCommit.cellLeafInjective	inj-spelled
CARRIER	Dregg2.Circuit.CouncilCommit.recStateCommit_recovers_council	Dregg2.Circuit.CouncilCommit	Dregg2/Circuit/CouncilCommit.lean	121	142	thm	threader	eq	3	Dregg2.Circuit.StateCommit.compressInjective,Dregg2.Circuit.StateCommit.compressNInjective,Dregg2.Circuit.StateCommit.cellLeafInjective	simp
CARRIER	Dregg2.Circuit.CouncilCommit.recStateCommit_recovers_council_roster	Dregg2.Circuit.CouncilCommit	Dregg2/Circuit/CouncilCommit.lean	176	199	thm	endpoint	eq	4	Dregg2.Circuit.StateCommit.compressInjective,Dregg2.Circuit.StateCommit.compressNInjective,Dregg2.Circuit.StateCommit.cellLeafInjective,Dregg2.Circuit.CouncilCommit.RosterCR	simp
CARRIER	Dregg2.Circuit.CouncilCommit.recStateCommit_distinguishes_council	Dregg2.Circuit.CouncilCommit	Dregg2/Circuit/CouncilCommit.lean	210	227	thm	threader	ne	4	Dregg2.Circuit.StateCommit.compressInjective,Dregg2.Circuit.StateCommit.compressNInjective,Dregg2.Circuit.StateCommit.cellLeafInjective	-
CARRIER	Dregg2.Circuit.CouncilRosterRegrounded.rosterCR_false_of_finite_range	Dregg2.Circuit.CouncilRosterRegrounded	Dregg2/Circuit/CouncilRosterRegrounded.lean	133	142	thm	embedded	not	0	Dregg2.Circuit.CouncilCommit.RosterCR	neg-conc
CARRIER	Dregg2.Circuit.CouncilRosterRegrounded.rosterCR_false_blake3	Dregg2.Circuit.CouncilRosterRegrounded	Dregg2/Circuit/CouncilRosterRegrounded.lean	144	153	thm	embedded	not	0	Dregg2.Circuit.CouncilCommit.RosterCR	neg-conc
CARRIER	Dregg2.Circuit.CouncilRosterRegrounded.rosterCR_false_babyBear	Dregg2.Circuit.CouncilRosterRegrounded	Dregg2/Circuit/CouncilRosterRegrounded.lean	155	161	thm	embedded	not	0	Dregg2.Circuit.CouncilCommit.RosterCR	neg-conc,refut-witness
CARRIER	Dregg2.Circuit.CouncilRosterRegrounded.rosterFamily_CR_of_rosterCR	Dregg2.Circuit.CouncilRosterRegrounded	Dregg2/Circuit/CouncilRosterRegrounded.lean	228	235	thm	embedded	opaque-pred	0	Dregg2.Circuit.CouncilCommit.RosterCR,Dregg2.Circuit.HashFloorHonesty.CollisionResistant	emb-conc,emb-binder
CARRIER	Dregg2.Circuit.CouncilRosterRegrounded.substitution_win_of_root_attack	Dregg2.Circuit.CouncilRosterRegrounded	Dregg2/Circuit/CouncilRosterRegrounded.lean	307	338	thm	threader	opaque-pred	4	Dregg2.Circuit.StateCommit.compressInjective,Dregg2.Circuit.StateCommit.compressNInjective,Dregg2.Circuit.StateCommit.cellLeafInjective	-
CARRIER	Dregg2.Circuit.CouncilRosterRegrounded.rosterFamily_CR_of_injective	Dregg2.Circuit.CouncilRosterRegrounded	Dregg2/Circuit/CouncilRosterRegrounded.lean	538	546	thm	embedded	opaque-pred	0	Dregg2.Circuit.HashFloorHonesty.CollisionResistant	emb-conc
CARRIER	Dregg2.Circuit.CustomBindingFromFold.custom_binding_from_fold	Dregg2.Circuit.CustomBindingFromFold	Dregg2/Circuit/CustomBindingFromFold.lean	132	166	thm	threader	and	1	Dregg2.Circuit.Poseidon2Binding.Poseidon2SpongeCR	simp
CARRIER	Dregg2.Circuit.CustomBindingFromFold.custom_companion_grounded	Dregg2.Circuit.CustomBindingFromFold	Dregg2/Circuit/CustomBindingFromFold.lean	168	189	thm	threader	exists	2	Dregg2.Circuit.Poseidon2Binding.Poseidon2SpongeCR	-
CARRIER	Dregg2.Circuit.CustomBindingFromFold.honest_companion_fires	Dregg2.Circuit.CustomBindingFromFold	Dregg2/Circuit/CustomBindingFromFold.lean	229	238	thm	threader	exists	3	Dregg2.Circuit.Poseidon2Binding.Poseidon2SpongeCR	-
CARRIER	Dregg2.Circuit.CustomCarrierAttack.engineBinding_of_floor	Dregg2.Circuit.CustomCarrierAttack	Dregg2/Circuit/CustomCarrierAttack.lean	166	181	thm	endpoint	opaque-pred	0	Dregg2.Circuit.Poseidon2Binding.Poseidon2SpongeCR	simp
CARRIER	Dregg2.Circuit.CustomCarrierAttack.engineBinding_of_floor_vkHeaded	Dregg2.Circuit.CustomCarrierAttack	Dregg2/Circuit/CustomCarrierAttack.lean	183	195	thm	threader	opaque-pred	1	Dregg2.Circuit.Poseidon2Binding.Poseidon2SpongeCR	-
CARRIER	Dregg2.Circuit.CustomCarrierAttack.floorEngine_binding	Dregg2.Circuit.CustomCarrierAttack	Dregg2/Circuit/CustomCarrierAttack.lean	209	216	thm	threader	opaque-pred	1	Dregg2.Circuit.Poseidon2Binding.Poseidon2SpongeCR	-
CARRIER	Dregg2.Circuit.DecideMapMerkle.mapDecMerkle_complete	Dregg2.Circuit.DecideMapMerkle	Dregg2/Circuit/DecideMapMerkle.lean	200	260	thm	threader	eq	4	Dregg2.Circuit.Poseidon2Binding.Poseidon2SpongeCR	simp
CARRIER	Dregg2.Circuit.DecideMapMerkle.mapDecMerkle_faithful	Dregg2.Circuit.DecideMapMerkle	Dregg2/Circuit/DecideMapMerkle.lean	264	273	thm	threader	iff	5	Dregg2.Circuit.Poseidon2Binding.Poseidon2SpongeCR	-
CARRIER	Dregg2.Circuit.DecideMapMerkle.decideSatisfied2'_iff_Satisfied2	Dregg2.Circuit.DecideMapMerkle	Dregg2/Circuit/DecideMapMerkle.lean	285	297	thm	threader	iff	6	Dregg2.Circuit.Poseidon2Binding.Poseidon2SpongeCR	-
CARRIER	Dregg2.Circuit.DecideMapMerkle.instDecidableSatisfied2'	Dregg2.Circuit.DecideMapMerkle	Dregg2/Circuit/DecideMapMerkle.lean	299	307	def	threader	opaque-pred	7	Dregg2.Circuit.Poseidon2Binding.Poseidon2SpongeCR	-
CARRIER	Dregg2.Circuit.DecoBindingFromFold.deco_binding_from_fold	Dregg2.Circuit.DecoBindingFromFold	Dregg2/Circuit/DecoBindingFromFold.lean	127	159	thm	endpoint	and	0	Dregg2.Circuit.Poseidon2Binding.Poseidon2SpongeCR	simp
CARRIER	Dregg2.Circuit.DecoBindingFromFold.honest_companion_fires	Dregg2.Circuit.DecoBindingFromFold	Dregg2/Circuit/DecoBindingFromFold.lean	258	274	thm	threader	and	1	Dregg2.Circuit.Poseidon2Binding.Poseidon2SpongeCR	-
CARRIER	Dregg2.Circuit.DeployedCapTree.Cap8Scheme.coll8_refutable_of_injective	Dregg2.Circuit.DeployedCapTree	Dregg2/Circuit/DeployedCapTree.lean	946	951	thm	endpoint	not	0	Dregg2.Circuit.DeployedCapTree.Compress8CR	-
CARRIER	Dregg2.Circuit.DeployedCapTree.Cap8Scheme.capOpenColl_refutable_of_injective	Dregg2.Circuit.DeployedCapTree	Dregg2/Circuit/DeployedCapTree.lean	953	957	thm	threader	not	1	Dregg2.Circuit.DeployedCapTree.Compress8CR	-
CARRIER	Dregg2.Circuit.DeployedCapTree.Cap8Scheme.capLeafDigest8_injective_of_injective	Dregg2.Circuit.DeployedCapTree	Dregg2/Circuit/DeployedCapTree.lean	959	964	thm	threader	eq	1	Dregg2.Circuit.DeployedCapTree.Compress8CR	-
CARRIER	Dregg2.Circuit.DeployedCapTree.Cap8Scheme.nodeOf8_injective_of_injective	Dregg2.Circuit.DeployedCapTree	Dregg2/Circuit/DeployedCapTree.lean	966	971	thm	threader	and	1	Dregg2.Circuit.DeployedCapTree.Compress8CR	-
CARRIER	Dregg2.Circuit.DeployedCapTree.Cap8Scheme.recomposeUp8_inj_of_path_of_injective	Dregg2.Circuit.DeployedCapTree	Dregg2/Circuit/DeployedCapTree.lean	973	979	thm	threader	eq	1	Dregg2.Circuit.DeployedCapTree.Compress8CR	-
CARRIER	Dregg2.Circuit.DeployedCapTree.Cap8Scheme.capOpen8_binds_leaf_of_injective	Dregg2.Circuit.DeployedCapTree	Dregg2/Circuit/DeployedCapTree.lean	981	990	thm	threader	eq	2	Dregg2.Circuit.DeployedCapTree.Compress8CR	-
CARRIER	Dregg2.Circuit.DeployedCapTree.Reference8.refChip8CR	Dregg2.Circuit.DeployedCapTree	Dregg2/Circuit/DeployedCapTree.lean	1285	1289	thm	embedded	opaque-pred	0	Dregg2.Circuit.DeployedCapTree.Compress8CR	emb-conc
CARRIER	Dregg2.Circuit.DeployedCapTree.Reference8.badChip8_not_CR	Dregg2.Circuit.DeployedCapTree	Dregg2/Circuit/DeployedCapTree.lean	1314	1317	thm	embedded	not	0	Dregg2.Circuit.DeployedCapTree.Compress8CR	neg-conc
CARRIER	Dregg2.Circuit.DeployedFieldsTree.Fields8Scheme.fieldsOpenColl_refutable_of_injective	Dregg2.Circuit.DeployedFieldsTree	Dregg2/Circuit/DeployedFieldsTree.lean	224	228	thm	threader	not	1	Dregg2.Circuit.DeployedCapTree.Compress8CR	-
CARRIER	Dregg2.Circuit.DeployedFieldsTree.Fields8Scheme.fieldsLeafDigest8_injective_of_injective	Dregg2.Circuit.DeployedFieldsTree	Dregg2/Circuit/DeployedFieldsTree.lean	230	235	thm	threader	eq	1	Dregg2.Circuit.DeployedCapTree.Compress8CR	-
CARRIER	Dregg2.Circuit.DeployedFieldsTree.Fields8Scheme.fieldsNodeOf8_injective_of_injective	Dregg2.Circuit.DeployedFieldsTree	Dregg2/Circuit/DeployedFieldsTree.lean	237	243	thm	threader	and	1	Dregg2.Circuit.DeployedCapTree.Compress8CR	-
CARRIER	Dregg2.Circuit.DeployedFieldsTree.Fields8Scheme.recomposeUp8_inj_of_path_of_injective	Dregg2.Circuit.DeployedFieldsTree	Dregg2/Circuit/DeployedFieldsTree.lean	245	251	thm	threader	eq	1	Dregg2.Circuit.DeployedCapTree.Compress8CR	-
CARRIER	Dregg2.Circuit.DeployedFieldsTree.Fields8Scheme.membersAt8_functional_on_path_of_injective	Dregg2.Circuit.DeployedFieldsTree	Dregg2/Circuit/DeployedFieldsTree.lean	253	262	thm	threader	eq	2	Dregg2.Circuit.DeployedCapTree.Compress8CR	-
CARRIER	Dregg2.Circuit.DeployedHeapTree.Heap8Scheme.heapOpenColl_refutable_of_injective	Dregg2.Circuit.DeployedHeapTree	Dregg2/Circuit/DeployedHeapTree.lean	224	228	thm	threader	not	1	Dregg2.Circuit.DeployedCapTree.Compress8CR	-
CARRIER	Dregg2.Circuit.DeployedHeapTree.Heap8Scheme.heapLeafDigest8_injective_of_injective	Dregg2.Circuit.DeployedHeapTree	Dregg2/Circuit/DeployedHeapTree.lean	230	235	thm	threader	eq	1	Dregg2.Circuit.DeployedCapTree.Compress8CR	-
CARRIER	Dregg2.Circuit.DeployedHeapTree.Heap8Scheme.heapNodeOf8_injective_of_injective	Dregg2.Circuit.DeployedHeapTree	Dregg2/Circuit/DeployedHeapTree.lean	237	243	thm	threader	and	1	Dregg2.Circuit.DeployedCapTree.Compress8CR	-
CARRIER	Dregg2.Circuit.DeployedHeapTree.Heap8Scheme.recomposeUp8_inj_of_path_of_injective	Dregg2.Circuit.DeployedHeapTree	Dregg2/Circuit/DeployedHeapTree.lean	245	251	thm	threader	eq	1	Dregg2.Circuit.DeployedCapTree.Compress8CR	-
CARRIER	Dregg2.Circuit.DeployedHeapTree.Heap8Scheme.membersAt8_functional_on_path_of_injective	Dregg2.Circuit.DeployedHeapTree	Dregg2/Circuit/DeployedHeapTree.lean	253	262	thm	threader	eq	2	Dregg2.Circuit.DeployedCapTree.Compress8CR	-
CARRIER	Dregg2.Circuit.DescriptorIR2.opensTo_functional	Dregg2.Circuit.DescriptorIR2	Dregg2/Circuit/DescriptorIR2.lean	542	549	thm	threader	eq	5	Dregg2.Circuit.Poseidon2Binding.Poseidon2SpongeCR	-
CARRIER	Dregg2.Circuit.DescriptorIR2.opensTo_some_excludes_none	Dregg2.Circuit.DescriptorIR2	Dregg2/Circuit/DescriptorIR2.lean	551	555	thm	tooth	False	6	Dregg2.Circuit.Poseidon2Binding.Poseidon2SpongeCR	was-threader
CARRIER	Dregg2.Circuit.DescriptorIR2.writesTo_functional	Dregg2.Circuit.DescriptorIR2	Dregg2/Circuit/DescriptorIR2.lean	557	563	thm	threader	eq	5	Dregg2.Circuit.Poseidon2Binding.Poseidon2SpongeCR	-
CARRIER	Dregg2.Circuit.DescriptorIR2.satisfied2_init_root_bound	Dregg2.Circuit.DescriptorIR2	Dregg2/Circuit/DescriptorIR2.lean	767	777	thm	threader	eq	0	Dregg2.Circuit.Poseidon2Binding.Poseidon2SpongeCR	-
CARRIER	Dregg2.Circuit.DescriptorIR2.satisfied2_init_whole_image	Dregg2.Circuit.DescriptorIR2	Dregg2/Circuit/DescriptorIR2.lean	779	796	thm	threader	eq	2	Dregg2.Circuit.Poseidon2Binding.Poseidon2SpongeCR	-
CARRIER	Dregg2.Circuit.DescriptorIR2.satisfied2U_init_whole_image	Dregg2.Circuit.DescriptorIR2	Dregg2/Circuit/DescriptorIR2.lean	965	989	thm	threader	eq	2	Dregg2.Circuit.Poseidon2Binding.Poseidon2SpongeCR	-
CARRIER	Dregg2.Circuit.DescriptorRefinesComplete.DescriptorRefinesComplete	Dregg2.Circuit.DescriptorRefinesComplete	Dregg2/Circuit/DescriptorRefinesComplete.lean	72	76	def	prop-body	other	1	Dregg2.Circuit.Poseidon2Binding.Poseidon2SpongeCR	via-propdef
CARRIER	Dregg2.Circuit.DescriptorRefinesComplete.descriptorRefines_complete	Dregg2.Circuit.DescriptorRefinesComplete	Dregg2/Circuit/DescriptorRefinesComplete.lean	84	109	thm	threader	opaque-pred	7	Dregg2.Circuit.StateCommit.compressInjective,Dregg2.Circuit.StateCommit.compressNInjective,Dregg2.Circuit.StateCommit.cellLeafInjective	conc-floor,uses-propdef
CARRIER	Dregg2.Circuit.DescriptorRefinesComplete.descriptorRefines_census	Dregg2.Circuit.DescriptorRefinesComplete	Dregg2/Circuit/DescriptorRefinesComplete.lean	118	164	thm	propdef-user	and	2	Dregg2.Circuit.Poseidon2Binding.Poseidon2SpongeCR	uses-propdef
CARRIER	Dregg2.Circuit.DescriptorRefinesReduce.no_collision_of_spongeCR	Dregg2.Circuit.DescriptorRefinesReduce	Dregg2/Circuit/DescriptorRefinesReduce.lean	48	51	thm	endpoint	not	0	Dregg2.Circuit.Poseidon2Binding.Poseidon2SpongeCR	-
CARRIER	Dregg2.Circuit.DescriptorRefinesReduce.spongeCR_of_no_collision	Dregg2.Circuit.DescriptorRefinesReduce	Dregg2/Circuit/DescriptorRefinesReduce.lean	53	56	thm	embedded	opaque-pred	0	Dregg2.Circuit.Poseidon2Binding.Poseidon2SpongeCR	emb-conc
CARRIER	Dregg2.Circuit.DescriptorRefinesReduce.spongeCR_iff_no_collision	Dregg2.Circuit.DescriptorRefinesReduce	Dregg2/Circuit/DescriptorRefinesReduce.lean	58	61	thm	embedded	iff	0	Dregg2.Circuit.Poseidon2Binding.Poseidon2SpongeCR	emb-conc
CARRIER	Dregg2.Circuit.DescriptorRefinesReduce.descriptorRefines_of_R	Dregg2.Circuit.DescriptorRefinesReduce	Dregg2/Circuit/DescriptorRefinesReduce.lean	81	91	thm	propdef-user	opaque-pred	1	Dregg2.Circuit.Poseidon2Binding.Poseidon2SpongeCR	uses-propdef
CARRIER	Dregg2.Circuit.DescriptorRefinesReduce.descriptorRefinesR_of_refines	Dregg2.Circuit.DescriptorRefinesReduce	Dregg2/Circuit/DescriptorRefinesReduce.lean	93	104	thm	propdef-user	opaque-pred	1	Dregg2.Circuit.Poseidon2Binding.Poseidon2SpongeCR	uses-propdef
CARRIER	Dregg2.Circuit.DescriptorRefinesReduce.descriptorRefinesR_iff_refines	Dregg2.Circuit.DescriptorRefinesReduce	Dregg2/Circuit/DescriptorRefinesReduce.lean	106	111	thm	propdef-user	iff	1	Dregg2.Circuit.Poseidon2Binding.Poseidon2SpongeCR	uses-propdef
CARRIER	Dregg2.Circuit.DescriptorRefinesReduce.descriptorRefines_family_of_R	Dregg2.Circuit.DescriptorRefinesReduce	Dregg2/Circuit/DescriptorRefinesReduce.lean	113	119	thm	propdef-user	opaque-pred	1	Dregg2.Circuit.Poseidon2Binding.Poseidon2SpongeCR	uses-propdef
CARRIER	Dregg2.Circuit.DescriptorRefinesReduce.lightclient_unfoolable_of_R	Dregg2.Circuit.DescriptorRefinesReduce	Dregg2/Circuit/DescriptorRefinesReduce.lean	157	173	thm	threader	exists	1	Dregg2.Circuit.Poseidon2Binding.Poseidon2SpongeCR	-
CARRIER	Dregg2.Circuit.DescriptorRefinesReduce.constHash_not_CR	Dregg2.Circuit.DescriptorRefinesReduce	Dregg2/Circuit/DescriptorRefinesReduce.lean	189	191	thm	embedded	not	0	Dregg2.Circuit.Poseidon2Binding.Poseidon2SpongeCR	neg-conc
CARRIER	Dregg2.Circuit.DescriptorRefinesReduce.descriptorRefines_constHash_vacuous	Dregg2.Circuit.DescriptorRefinesReduce	Dregg2/Circuit/DescriptorRefinesReduce.lean	193	199	thm	propdef-user	opaque-pred	1	Dregg2.Circuit.Poseidon2Binding.Poseidon2SpongeCR	uses-propdef
CARRIER	Dregg2.Circuit.DescriptorRefinesShirkRefuted.descriptorRefines_vacuous_babyBear	Dregg2.Circuit.DescriptorRefinesShirkRefuted	Dregg2/Circuit/DescriptorRefinesShirkRefuted.lean	60	68	thm	propdef-user	opaque-pred	1	Dregg2.Circuit.Poseidon2Binding.Poseidon2SpongeCR	uses-propdef
CARRIER	Dregg2.Circuit.DescriptorRefinesShirkRefuted.both_hold_at_False_kstep	Dregg2.Circuit.DescriptorRefinesShirkRefuted	Dregg2/Circuit/DescriptorRefinesShirkRefuted.lean	81	90	thm	propdef-user	and	1	Dregg2.Circuit.Poseidon2Binding.Poseidon2SpongeCR	uses-propdef
CARRIER	Dregg2.Circuit.DescriptorRefinesShirkRefuted.descriptorRefines_family_vacuous_babyBear	Dregg2.Circuit.DescriptorRefinesShirkRefuted	Dregg2/Circuit/DescriptorRefinesShirkRefuted.lean	92	101	thm	propdef-user	opaque-pred	1	Dregg2.Circuit.Poseidon2Binding.Poseidon2SpongeCR	uses-propdef
CARRIER	Dregg2.Circuit.DescriptorRefinesShirkRefuted.equivalent_candidate_is_refused	Dregg2.Circuit.DescriptorRefinesShirkRefuted	Dregg2/Circuit/DescriptorRefinesShirkRefuted.lean	111	119	thm	propdef-user	other	1	Dregg2.Circuit.Poseidon2Binding.Poseidon2SpongeCR	uses-propdef
CARRIER	Dregg2.Circuit.DigestPortal.cellLeafInjective_from_poseidon2_cr	Dregg2.Circuit.DigestPortal	Dregg2/Circuit/DigestPortal.lean	89	99	thm	embedded	opaque-pred	0	Dregg2.Circuit.StateCommit.cellLeafInjective	emb-conc
CARRIER	Dregg2.Circuit.DigestPortal.logHashInjective_from_poseidon2_emit	Dregg2.Circuit.DigestPortal	Dregg2/Circuit/DigestPortal.lean	101	108	thm	embedded	opaque-pred	0	Dregg2.Circuit.StateCommit.logHashInjective	emb-conc
CARRIER	Dregg2.Circuit.DomainSeparatedCREffRegrounded.domainSeparatedCR_false_of_finite_range	Dregg2.Circuit.DomainSeparatedCREffRegrounded	Dregg2/Circuit/DomainSeparatedCREffRegrounded.lean	117	126	thm	propdef-user	not	1	Dregg2.Circuit.HashFloorHonesty.CollisionResistant	uses-propdef
CARRIER	Dregg2.Circuit.DomainSeparatedCREffRegrounded.domainSeparatedCR_false_babyBear	Dregg2.Circuit.DomainSeparatedCREffRegrounded	Dregg2/Circuit/DomainSeparatedCREffRegrounded.lean	128	135	thm	propdef-user	not	1	Dregg2.Circuit.HashFloorHonesty.CollisionResistant	uses-propdef
CARRIER	Dregg2.Circuit.DomainSeparatedCREffRegrounded.domainSeparatedCR_forces_unbounded_sponge	Dregg2.Circuit.DomainSeparatedCREffRegrounded	Dregg2/Circuit/DomainSeparatedCREffRegrounded.lean	137	146	thm	propdef-user	not	1	Dregg2.Circuit.HashFloorHonesty.CollisionResistant	uses-propdef
CARRIER	Dregg2.Circuit.DomainSeparatedCREffRegrounded.domainSeparatedCREff_top_iff_old	Dregg2.Circuit.DomainSeparatedCREffRegrounded	Dregg2/Circuit/DomainSeparatedCREffRegrounded.lean	162	167	thm	propdef-user	iff	1	Dregg2.Circuit.HashFloorHonesty.CollisionResistant	uses-propdef
CARRIER	Dregg2.Circuit.DslBackingAttack.dslEngineBinding_of_floor	Dregg2.Circuit.DslBackingAttack	Dregg2/Circuit/DslBackingAttack.lean	157	165	thm	threader	opaque-pred	2	Dregg2.Circuit.Poseidon2Binding.Poseidon2SpongeCR	-
CARRIER	Dregg2.Circuit.DslBackingAttack.dslEngineBinding_of_route_commitment_factoring	Dregg2.Circuit.DslBackingAttack	Dregg2/Circuit/DslBackingAttack.lean	167	177	thm	threader	opaque-pred	1	Dregg2.Circuit.Poseidon2Binding.Poseidon2SpongeCR	-
CARRIER	Dregg2.Circuit.DslBindingFromFold.dsl_binding_from_fold	Dregg2.Circuit.DslBindingFromFold	Dregg2/Circuit/DslBindingFromFold.lean	141	171	thm	threader	and	2	Dregg2.Circuit.Poseidon2Binding.Poseidon2SpongeCR	simp
CARRIER	Dregg2.Circuit.DslBindingFromFold.honest_companion_fires	Dregg2.Circuit.DslBindingFromFold	Dregg2/Circuit/DslBindingFromFold.lean	219	232	thm	threader	and	3	Dregg2.Circuit.Poseidon2Binding.Poseidon2SpongeCR	-
CARRIER	Dregg2.Circuit.EffectCommit.effect_circuit_full_sound	Dregg2.Circuit.EffectCommit	Dregg2/Circuit/EffectCommit.lean	424	478	thm	threader	opaque-pred	1	Dregg2.Circuit.StateCommit.compressNInjective,Dregg2.Circuit.StateCommit.cellLeafInjective	simp
CARRIER	Dregg2.Circuit.EffectCommit.effectCircuit_rejects_third_cell	Dregg2.Circuit.EffectCommit	Dregg2/Circuit/EffectCommit.lean	545	556	thm	threader	not	1	Dregg2.Circuit.StateCommit.compressNInjective,Dregg2.Circuit.StateCommit.cellLeafInjective	simp
CARRIER	Dregg2.Circuit.EffectCommit.effectCircuit_rejects_wrong_touched	Dregg2.Circuit.EffectCommit	Dregg2/Circuit/EffectCommit.lean	558	573	thm	threader	not	1	Dregg2.Circuit.StateCommit.compressNInjective,Dregg2.Circuit.StateCommit.cellLeafInjective	simp
CARRIER	Dregg2.Circuit.EffectCommit2.listComponent	Dregg2.Circuit.EffectCommit2	Dregg2/Circuit/EffectCommit2.lean	132	144	def	threader	opaque-pred	1	Dregg2.Circuit.StateCommit.compressNInjective	-
CARRIER	Dregg2.Circuit.EffectCommit2.keyedComponent	Dregg2.Circuit.EffectCommit2	Dregg2/Circuit/EffectCommit2.lean	159	172	def	threader	opaque-pred	1	Dregg2.Circuit.StateCommit.compressNInjective	-
CARRIER	Dregg2.Circuit.EffectEmittedRefinement.mint_emitted_refines_spec	Dregg2.Circuit.EffectEmittedRefinement	Dregg2/Circuit/EffectEmittedRefinement.lean	247	254	thm	threader	opaque-pred	3	Dregg2.Circuit.StateCommit.logHashInjective	inj-spelled
CARRIER	Dregg2.Circuit.EffectEmittedRefinement.burn_emitted_refines_spec	Dregg2.Circuit.EffectEmittedRefinement	Dregg2/Circuit/EffectEmittedRefinement.lean	267	274	thm	threader	opaque-pred	3	Dregg2.Circuit.StateCommit.logHashInjective	inj-spelled
CARRIER	Dregg2.Circuit.EffectEmittedRefinement.createCellEmittedStep	Dregg2.Circuit.EffectEmittedRefinement	Dregg2/Circuit/EffectEmittedRefinement.lean	278	284	def	threader	other	4	Dregg2.Circuit.StateCommit.compressNInjective	inj-spelled,body-floor
CARRIER	Dregg2.Circuit.EffectEmittedRefinement.createCell_emitted_equiv_circuit	Dregg2.Circuit.EffectEmittedRefinement	Dregg2/Circuit/EffectEmittedRefinement.lean	286	294	thm	threader	iff	5	Dregg2.Circuit.StateCommit.compressNInjective	inj-spelled,conc-floor,uses-propdef
CARRIER	Dregg2.Circuit.EffectEmittedRefinement.createCell_emitted_refines_spec	Dregg2.Circuit.EffectEmittedRefinement	Dregg2/Circuit/EffectEmittedRefinement.lean	296	310	thm	threader	opaque-pred	7	Dregg2.Circuit.StateCommit.compressNInjective,Dregg2.Circuit.StateCommit.logHashInjective	inj-spelled,uses-propdef
CARRIER	Dregg2.Circuit.EffectEmittedRefinement.spawnEmittedStep	Dregg2.Circuit.EffectEmittedRefinement	Dregg2/Circuit/EffectEmittedRefinement.lean	314	322	def	threader	other	4	Dregg2.Circuit.StateCommit.compressNInjective	inj-spelled,body-floor
CARRIER	Dregg2.Circuit.EffectEmittedRefinement.spawn_emitted_equiv_circuit	Dregg2.Circuit.EffectEmittedRefinement	Dregg2/Circuit/EffectEmittedRefinement.lean	324	334	thm	threader	iff	5	Dregg2.Circuit.StateCommit.compressNInjective	inj-spelled,conc-floor,uses-propdef
CARRIER	Dregg2.Circuit.EffectEmittedRefinement.spawn_emitted_refines_spec	Dregg2.Circuit.EffectEmittedRefinement	Dregg2/Circuit/EffectEmittedRefinement.lean	336	353	thm	threader	opaque-pred	7	Dregg2.Circuit.StateCommit.compressNInjective,Dregg2.Circuit.StateCommit.logHashInjective	inj-spelled,uses-propdef
CARRIER	Dregg2.Circuit.EffectEmittedRefinement.transfer_emitted_refines_spec	Dregg2.Circuit.EffectEmittedRefinement	Dregg2/Circuit/EffectEmittedRefinement.lean	369	375	thm	threader	opaque-pred	3	Dregg2.Circuit.StateCommit.logHashInjective	inj-spelled
CARRIER	Dregg2.Circuit.EffectEmittedRefinement.balanceA_emitted_refines_spec	Dregg2.Circuit.EffectEmittedRefinement	Dregg2/Circuit/EffectEmittedRefinement.lean	391	397	thm	threader	opaque-pred	3	Dregg2.Circuit.StateCommit.logHashInjective	inj-spelled
CARRIER	Dregg2.Circuit.EffectEmittedRefinement.delegate_emitted_refines_spec	Dregg2.Circuit.EffectEmittedRefinement	Dregg2/Circuit/EffectEmittedRefinement.lean	412	419	thm	threader	opaque-pred	3	Dregg2.Circuit.StateCommit.logHashInjective	inj-spelled
CARRIER	Dregg2.Circuit.EffectEmittedRefinement.noteSpendEmittedStep	Dregg2.Circuit.EffectEmittedRefinement	Dregg2/Circuit/EffectEmittedRefinement.lean	423	426	def	threader	other	4	Dregg2.Circuit.StateCommit.compressNInjective	body-floor
CARRIER	Dregg2.Circuit.EffectEmittedRefinement.noteSpend_emitted_equiv_circuit	Dregg2.Circuit.EffectEmittedRefinement	Dregg2/Circuit/EffectEmittedRefinement.lean	428	433	thm	threader	iff	5	Dregg2.Circuit.StateCommit.compressNInjective	conc-floor,uses-propdef
CARRIER	Dregg2.Circuit.EffectEmittedRefinement.noteSpend_emitted_refines_spec	Dregg2.Circuit.EffectEmittedRefinement	Dregg2/Circuit/EffectEmittedRefinement.lean	435	444	thm	threader	opaque-pred	7	Dregg2.Circuit.StateCommit.compressNInjective,Dregg2.Circuit.StateCommit.logHashInjective	uses-propdef
CARRIER	Dregg2.Circuit.EffectEmittedRefinement.noteCreateEmittedStep	Dregg2.Circuit.EffectEmittedRefinement	Dregg2/Circuit/EffectEmittedRefinement.lean	448	451	def	threader	other	4	Dregg2.Circuit.StateCommit.compressNInjective	body-floor
CARRIER	Dregg2.Circuit.EffectEmittedRefinement.noteCreate_emitted_equiv_circuit	Dregg2.Circuit.EffectEmittedRefinement	Dregg2/Circuit/EffectEmittedRefinement.lean	453	458	thm	threader	iff	5	Dregg2.Circuit.StateCommit.compressNInjective	conc-floor,uses-propdef
CARRIER	Dregg2.Circuit.EffectEmittedRefinement.noteCreate_emitted_refines_spec	Dregg2.Circuit.EffectEmittedRefinement	Dregg2/Circuit/EffectEmittedRefinement.lean	460	469	thm	threader	opaque-pred	7	Dregg2.Circuit.StateCommit.compressNInjective,Dregg2.Circuit.StateCommit.logHashInjective	uses-propdef
CARRIER	Dregg2.Circuit.EffectEmittedRefinement.revoke_emitted_refines_spec	Dregg2.Circuit.EffectEmittedRefinement	Dregg2/Circuit/EffectEmittedRefinement.lean	482	489	thm	threader	opaque-pred	3	Dregg2.Circuit.StateCommit.logHashInjective	inj-spelled
CARRIER	Dregg2.Circuit.EffectEmittedRefinement.revokeDelegation_emitted_refines_spec	Dregg2.Circuit.EffectEmittedRefinement	Dregg2/Circuit/EffectEmittedRefinement.lean	509	536	thm	threader	opaque-pred	2	Dregg2.Circuit.StateCommit.logHashInjective	inj-spelled
CARRIER	Dregg2.Circuit.EffectEmittedRefinement.setField_emitted_refines_spec	Dregg2.Circuit.EffectEmittedRefinement	Dregg2/Circuit/EffectEmittedRefinement.lean	549	558	thm	threader	opaque-pred	4	Dregg2.Circuit.StateCommit.compressNInjective,Dregg2.Circuit.StateCommit.cellLeafInjective,Dregg2.Circuit.StateCommit.logHashInjective	-
CARRIER	Dregg2.Circuit.EffectEmittedRefinement.exerciseHold_emitted_refines_spec	Dregg2.Circuit.EffectEmittedRefinement	Dregg2/Circuit/EffectEmittedRefinement.lean	571	579	thm	threader	opaque-pred	5	Dregg2.Circuit.StateCommit.compressNInjective,Dregg2.Circuit.StateCommit.cellLeafInjective,Dregg2.Circuit.StateCommit.logHashInjective	-
CARRIER	Dregg2.Circuit.EffectEmittedRefinement.attenuateA_emitted_refines_spec	Dregg2.Circuit.EffectEmittedRefinement	Dregg2/Circuit/EffectEmittedRefinement.lean	648	658	thm	threader	opaque-pred	2	Dregg2.Circuit.StateCommit.logHashInjective	inj-spelled
CARRIER	Dregg2.Circuit.EffectEmittedRefinement.emitEventA_emitted_refines_spec	Dregg2.Circuit.EffectEmittedRefinement	Dregg2/Circuit/EffectEmittedRefinement.lean	669	677	thm	threader	opaque-pred	3	Dregg2.Circuit.StateCommit.compressNInjective,Dregg2.Circuit.StateCommit.cellLeafInjective,Dregg2.Circuit.StateCommit.logHashInjective	-
CARRIER	Dregg2.Circuit.EffectEmittedRefinement.incrementNonceA_emitted_refines_spec	Dregg2.Circuit.EffectEmittedRefinement	Dregg2/Circuit/EffectEmittedRefinement.lean	683	691	thm	threader	opaque-pred	3	Dregg2.Circuit.StateCommit.compressNInjective,Dregg2.Circuit.StateCommit.cellLeafInjective,Dregg2.Circuit.StateCommit.logHashInjective	-
CARRIER	Dregg2.Circuit.EffectEmittedRefinement.setPermissionsA_emitted_refines_spec	Dregg2.Circuit.EffectEmittedRefinement	Dregg2/Circuit/EffectEmittedRefinement.lean	697	705	thm	threader	opaque-pred	3	Dregg2.Circuit.StateCommit.compressNInjective,Dregg2.Circuit.StateCommit.cellLeafInjective,Dregg2.Circuit.StateCommit.logHashInjective	-
CARRIER	Dregg2.Circuit.EffectEmittedRefinement.setVKA_emitted_refines_spec	Dregg2.Circuit.EffectEmittedRefinement	Dregg2/Circuit/EffectEmittedRefinement.lean	711	719	thm	threader	opaque-pred	3	Dregg2.Circuit.StateCommit.compressNInjective,Dregg2.Circuit.StateCommit.cellLeafInjective,Dregg2.Circuit.StateCommit.logHashInjective	-
CARRIER	Dregg2.Circuit.EffectEmittedRefinement.setProgramA_emitted_refines_spec	Dregg2.Circuit.EffectEmittedRefinement	Dregg2/Circuit/EffectEmittedRefinement.lean	725	733	thm	threader	opaque-pred	3	Dregg2.Circuit.StateCommit.compressNInjective,Dregg2.Circuit.StateCommit.cellLeafInjective,Dregg2.Circuit.StateCommit.logHashInjective	-
CARRIER	Dregg2.Circuit.EffectEmittedRefinement.delegateAttenA_emitted_refines_spec	Dregg2.Circuit.EffectEmittedRefinement	Dregg2/Circuit/EffectEmittedRefinement.lean	745	756	thm	threader	opaque-pred	2	Dregg2.Circuit.StateCommit.logHashInjective	inj-spelled
CARRIER	Dregg2.Circuit.EffectEmittedRefinement.introduceA_emitted_refines_spec	Dregg2.Circuit.EffectEmittedRefinement	Dregg2/Circuit/EffectEmittedRefinement.lean	767	778	thm	threader	opaque-pred	2	Dregg2.Circuit.StateCommit.logHashInjective	inj-spelled
CARRIER	Dregg2.Circuit.EffectEmittedRefinement.revokeDelegationA_emitted_refines_spec	Dregg2.Circuit.EffectEmittedRefinement	Dregg2/Circuit/EffectEmittedRefinement.lean	791	802	thm	threader	opaque-pred	2	Dregg2.Circuit.StateCommit.logHashInjective	inj-spelled
CARRIER	Dregg2.Circuit.EffectEmittedRefinement.createCellFromFactoryAEmittedStep	Dregg2.Circuit.EffectEmittedRefinement	Dregg2/Circuit/EffectEmittedRefinement.lean	804	813	def	threader	other	4	Dregg2.Circuit.StateCommit.compressNInjective	inj-spelled,body-floor
CARRIER	Dregg2.Circuit.EffectEmittedRefinement.createCellFromFactoryA_emitted_refines_spec	Dregg2.Circuit.EffectEmittedRefinement	Dregg2/Circuit/EffectEmittedRefinement.lean	815	846	thm	threader	opaque-pred	6	Dregg2.Circuit.StateCommit.compressNInjective,Dregg2.Circuit.StateCommit.logHashInjective	inj-spelled,uses-propdef
CARRIER	Dregg2.Circuit.EffectEmittedRefinement.makeSovereignA_emitted_refines_spec	Dregg2.Circuit.EffectEmittedRefinement	Dregg2/Circuit/EffectEmittedRefinement.lean	852	860	thm	threader	opaque-pred	3	Dregg2.Circuit.StateCommit.compressNInjective,Dregg2.Circuit.StateCommit.cellLeafInjective,Dregg2.Circuit.StateCommit.logHashInjective	-
CARRIER	Dregg2.Circuit.EffectEmittedRefinement.refusalA_emitted_refines_spec	Dregg2.Circuit.EffectEmittedRefinement	Dregg2/Circuit/EffectEmittedRefinement.lean	866	874	thm	threader	opaque-pred	3	Dregg2.Circuit.StateCommit.compressNInjective,Dregg2.Circuit.StateCommit.cellLeafInjective,Dregg2.Circuit.StateCommit.logHashInjective	-
CARRIER	Dregg2.Circuit.EffectEmittedRefinement.receiptArchiveA_emitted_refines_spec	Dregg2.Circuit.EffectEmittedRefinement	Dregg2/Circuit/EffectEmittedRefinement.lean	880	888	thm	threader	opaque-pred	3	Dregg2.Circuit.StateCommit.compressNInjective,Dregg2.Circuit.StateCommit.cellLeafInjective,Dregg2.Circuit.StateCommit.logHashInjective	-
CARRIER	Dregg2.Circuit.EffectEmittedRefinement.pipelinedSendA_emitted_refines_spec	Dregg2.Circuit.EffectEmittedRefinement	Dregg2/Circuit/EffectEmittedRefinement.lean	896	904	thm	threader	opaque-pred	3	Dregg2.Circuit.StateCommit.compressNInjective,Dregg2.Circuit.StateCommit.cellLeafInjective,Dregg2.Circuit.StateCommit.logHashInjective	-
CARRIER	Dregg2.Circuit.EffectEmittedRefinement.cellSealA_emitted_refines_spec	Dregg2.Circuit.EffectEmittedRefinement	Dregg2/Circuit/EffectEmittedRefinement.lean	918	930	thm	threader	opaque-pred	2	Dregg2.Circuit.StateCommit.logHashInjective	inj-spelled
CARRIER	Dregg2.Circuit.EffectEmittedRefinement.receiptArchiveLifecycleA_emitted_refines_spec	Dregg2.Circuit.EffectEmittedRefinement	Dregg2/Circuit/EffectEmittedRefinement.lean	945	962	thm	threader	opaque-pred	2	Dregg2.Circuit.StateCommit.logHashInjective	inj-spelled
CARRIER	Dregg2.Circuit.EffectEmittedRefinement.cellUnsealA_emitted_refines_spec	Dregg2.Circuit.EffectEmittedRefinement	Dregg2/Circuit/EffectEmittedRefinement.lean	976	988	thm	threader	opaque-pred	2	Dregg2.Circuit.StateCommit.logHashInjective	inj-spelled
CARRIER	Dregg2.Circuit.EffectEmittedRefinement.cellDestroyA_emitted_refines_spec	Dregg2.Circuit.EffectEmittedRefinement	Dregg2/Circuit/EffectEmittedRefinement.lean	1006	1023	thm	threader	opaque-pred	2	Dregg2.Circuit.StateCommit.logHashInjective	inj-spelled
CARRIER	Dregg2.Circuit.EffectEmittedRefinement.refreshDelegationA_emitted_refines_spec	Dregg2.Circuit.EffectEmittedRefinement	Dregg2/Circuit/EffectEmittedRefinement.lean	1037	1051	thm	threader	opaque-pred	2	Dregg2.Circuit.StateCommit.logHashInjective	inj-spelled
CARRIER	Dregg2.Circuit.EffectEmittedRefinement.heapWriteA_emitted_refines_spec	Dregg2.Circuit.EffectEmittedRefinement	Dregg2/Circuit/EffectEmittedRefinement.lean	1071	1090	thm	threader	opaque-pred	2	Dregg2.Circuit.StateCommit.logHashInjective	inj-spelled
CARRIER	Dregg2.Circuit.EffectInstances.transferE_full_sound	Dregg2.Circuit.EffectInstances	Dregg2/Circuit/EffectInstances.lean	184	197	thm	threader	opaque-pred	2	Dregg2.Circuit.StateCommit.compressNInjective,Dregg2.Circuit.StateCommit.cellLeafInjective,Dregg2.Circuit.StateCommit.logHashInjective	-
CARRIER	Dregg2.Circuit.EffectInstances.setFieldE_full_sound	Dregg2.Circuit.EffectInstances	Dregg2/Circuit/EffectInstances.lean	379	393	thm	threader	opaque-pred	2	Dregg2.Circuit.StateCommit.compressNInjective,Dregg2.Circuit.StateCommit.cellLeafInjective,Dregg2.Circuit.StateCommit.logHashInjective	-
CARRIER	Dregg2.Circuit.EffectInstances2.mintE_full_sound	Dregg2.Circuit.EffectInstances2	Dregg2/Circuit/EffectInstances2.lean	188	201	thm	threader	opaque-pred	1	Dregg2.Circuit.StateCommit.logHashInjective	inj-spelled
CARRIER	Dregg2.Circuit.EffectInstances2.nullComponent	Dregg2.Circuit.EffectInstances2	Dregg2/Circuit/EffectInstances2.lean	285	290	def	threader	opaque-pred	2	Dregg2.Circuit.StateCommit.compressNInjective	-
CARRIER	Dregg2.Circuit.EffectInstances2.noteSpendE	Dregg2.Circuit.EffectInstances2	Dregg2/Circuit/EffectInstances2.lean	292	314	def	threader	opaque-pred	3	Dregg2.Circuit.StateCommit.compressNInjective	-
CARRIER	Dregg2.Circuit.EffectInstances2.noteSpendGuardDecodes	Dregg2.Circuit.EffectInstances2	Dregg2/Circuit/EffectInstances2.lean	318	327	thm	threader	opaque-pred	4	Dregg2.Circuit.StateCommit.compressNInjective	conc-floor,simp
CARRIER	Dregg2.Circuit.EffectInstances2.noteSpendGuardEncodes	Dregg2.Circuit.EffectInstances2	Dregg2/Circuit/EffectInstances2.lean	329	339	thm	threader	opaque-pred	4	Dregg2.Circuit.StateCommit.compressNInjective	conc-floor,simp
CARRIER	Dregg2.Circuit.EffectInstances2.noteSpendRestFrameDecodes	Dregg2.Circuit.EffectInstances2	Dregg2/Circuit/EffectInstances2.lean	341	344	thm	dead	opaque-pred	0	Dregg2.Circuit.StateCommit.compressNInjective	conc-floor
CARRIER	Dregg2.Circuit.EffectInstances2.apex_iff_noteSpendSpec	Dregg2.Circuit.EffectInstances2	Dregg2/Circuit/EffectInstances2.lean	348	371	thm	threader	iff	4	Dregg2.Circuit.StateCommit.compressNInjective	conc-floor
CARRIER	Dregg2.Circuit.EffectInstances2.noteSpendE_full_sound	Dregg2.Circuit.EffectInstances2	Dregg2/Circuit/EffectInstances2.lean	375	390	thm	threader	opaque-pred	5	Dregg2.Circuit.StateCommit.compressNInjective,Dregg2.Circuit.StateCommit.logHashInjective	-
CARRIER	Dregg2.Circuit.EffectRefinement.effect2_circuit_refines_apex	Dregg2.Circuit.EffectRefinement	Dregg2/Circuit/EffectRefinement.lean	89	94	thm	threader	opaque-pred	1	Dregg2.Circuit.StateCommit.logHashInjective	-
CARRIER	Dregg2.Circuit.EffectRefinement.effect2_circuit_equiv_apex	Dregg2.Circuit.EffectRefinement	Dregg2/Circuit/EffectRefinement.lean	103	110	thm	threader	opaque-pred	2	Dregg2.Circuit.StateCommit.logHashInjective	-
CARRIER	Dregg2.Circuit.EffectRefinement.effect2_emitted_refines_apex	Dregg2.Circuit.EffectRefinement	Dregg2/Circuit/EffectRefinement.lean	117	124	thm	threader	opaque-pred	2	Dregg2.Circuit.StateCommit.logHashInjective	-
CARRIER	Dregg2.Circuit.EffectRefinement.mint_circuit_refines_spec	Dregg2.Circuit.EffectRefinement	Dregg2/Circuit/EffectRefinement.lean	159	164	thm	threader	opaque-pred	2	Dregg2.Circuit.StateCommit.logHashInjective	inj-spelled
CARRIER	Dregg2.Circuit.EffectRefinement.mint_circuit_refines_exec	Dregg2.Circuit.EffectRefinement	Dregg2/Circuit/EffectRefinement.lean	175	181	thm	threader	opaque-pred	3	Dregg2.Circuit.StateCommit.logHashInjective	inj-spelled
CARRIER	Dregg2.Circuit.EffectRefinement.mint_supply_delta_descends	Dregg2.Circuit.EffectRefinement	Dregg2/Circuit/EffectRefinement.lean	183	192	thm	threader	eq	3	Dregg2.Circuit.StateCommit.logHashInjective	inj-spelled
CARRIER	Dregg2.Circuit.EffectRefinement.mint_emitted_refines_spec	Dregg2.Circuit.EffectRefinement	Dregg2/Circuit/EffectRefinement.lean	199	205	thm	threader	opaque-pred	3	Dregg2.Circuit.StateCommit.logHashInjective	inj-spelled
CARRIER	Dregg2.Circuit.EffectRefinement.burn_circuit_refines_spec	Dregg2.Circuit.EffectRefinement	Dregg2/Circuit/EffectRefinement.lean	236	241	thm	threader	opaque-pred	2	Dregg2.Circuit.StateCommit.logHashInjective	inj-spelled
CARRIER	Dregg2.Circuit.EffectRefinement.burn_circuit_refines_exec	Dregg2.Circuit.EffectRefinement	Dregg2/Circuit/EffectRefinement.lean	252	258	thm	threader	opaque-pred	3	Dregg2.Circuit.StateCommit.logHashInjective	inj-spelled
CARRIER	Dregg2.Circuit.EffectRefinement.createCellCircuitStep	Dregg2.Circuit.EffectRefinement	Dregg2/Circuit/EffectRefinement.lean	273	279	def	threader	other	4	Dregg2.Circuit.StateCommit.compressNInjective	inj-spelled,body-floor
CARRIER	Dregg2.Circuit.EffectRefinement.createCell_circuit_refines_spec	Dregg2.Circuit.EffectRefinement	Dregg2/Circuit/EffectRefinement.lean	286	294	thm	threader	opaque-pred	6	Dregg2.Circuit.StateCommit.compressNInjective,Dregg2.Circuit.StateCommit.logHashInjective	inj-spelled,uses-propdef
CARRIER	Dregg2.Circuit.EffectRefinement.createCell_spec_refines_circuit	Dregg2.Circuit.EffectRefinement	Dregg2/Circuit/EffectRefinement.lean	296	307	thm	threader	opaque-pred	5	Dregg2.Circuit.StateCommit.compressNInjective	inj-spelled,conc-floor,uses-propdef
CARRIER	Dregg2.Circuit.EffectRefinement.createCell_circuit_refines_exec	Dregg2.Circuit.EffectRefinement	Dregg2/Circuit/EffectRefinement.lean	309	318	thm	threader	opaque-pred	7	Dregg2.Circuit.StateCommit.compressNInjective,Dregg2.Circuit.StateCommit.logHashInjective	inj-spelled,uses-propdef
CARRIER	Dregg2.Circuit.EffectRefinement.spawnCircuitStep	Dregg2.Circuit.EffectRefinement	Dregg2/Circuit/EffectRefinement.lean	368	376	def	threader	other	4	Dregg2.Circuit.StateCommit.compressNInjective	inj-spelled,body-floor
CARRIER	Dregg2.Circuit.EffectRefinement.spawnFullCircuitStep	Dregg2.Circuit.EffectRefinement	Dregg2/Circuit/EffectRefinement.lean	378	388	def	threader	other	5	Dregg2.Circuit.StateCommit.compressNInjective	inj-spelled,body-floor
CARRIER	Dregg2.Circuit.EffectRefinement.spawnRestFrameEncodes	Dregg2.Circuit.EffectRefinement	Dregg2/Circuit/EffectRefinement.lean	394	402	thm	threader	opaque-pred	4	Dregg2.Circuit.StateCommit.compressNInjective	inj-spelled,conc-floor
CARRIER	Dregg2.Circuit.EffectRefinement.spawn_circuit_refines_spec	Dregg2.Circuit.EffectRefinement	Dregg2/Circuit/EffectRefinement.lean	404	418	thm	threader	opaque-pred	6	Dregg2.Circuit.StateCommit.compressNInjective,Dregg2.Circuit.StateCommit.logHashInjective	inj-spelled,uses-propdef
CARRIER	Dregg2.Circuit.EffectRefinement.spawn_full_circuit_refines_spec	Dregg2.Circuit.EffectRefinement	Dregg2/Circuit/EffectRefinement.lean	420	434	thm	threader	opaque-pred	7	Dregg2.Circuit.StateCommit.compressNInjective,Dregg2.Circuit.StateCommit.logHashInjective	inj-spelled,uses-propdef
CARRIER	Dregg2.Circuit.EffectRefinement.spawn_spec_refines_circuit	Dregg2.Circuit.EffectRefinement	Dregg2/Circuit/EffectRefinement.lean	436	449	thm	threader	opaque-pred	5	Dregg2.Circuit.StateCommit.compressNInjective	inj-spelled,conc-floor,uses-propdef
CARRIER	Dregg2.Circuit.EffectRefinement.spawn_full_circuit_refines_exec	Dregg2.Circuit.EffectRefinement	Dregg2/Circuit/EffectRefinement.lean	455	469	thm	threader	opaque-pred	8	Dregg2.Circuit.StateCommit.compressNInjective,Dregg2.Circuit.StateCommit.logHashInjective	inj-spelled,uses-propdef
CARRIER	Dregg2.Circuit.EffectRefinement.transfer_circuit_refines_spec	Dregg2.Circuit.EffectRefinement	Dregg2/Circuit/EffectRefinement.lean	501	506	thm	threader	opaque-pred	2	Dregg2.Circuit.StateCommit.logHashInjective	inj-spelled
CARRIER	Dregg2.Circuit.EffectRefinement.transfer_circuit_refines_exec	Dregg2.Circuit.EffectRefinement	Dregg2/Circuit/EffectRefinement.lean	517	523	thm	threader	opaque-pred	3	Dregg2.Circuit.StateCommit.logHashInjective	inj-spelled
CARRIER	Dregg2.Circuit.EffectRefinement.balanceA_circuit_refines_spec	Dregg2.Circuit.EffectRefinement	Dregg2/Circuit/EffectRefinement.lean	556	561	thm	threader	opaque-pred	2	Dregg2.Circuit.StateCommit.logHashInjective	inj-spelled
CARRIER	Dregg2.Circuit.EffectRefinement.balanceA_circuit_refines_exec	Dregg2.Circuit.EffectRefinement	Dregg2/Circuit/EffectRefinement.lean	572	578	thm	threader	opaque-pred	3	Dregg2.Circuit.StateCommit.logHashInjective	inj-spelled
CARRIER	Dregg2.Circuit.EffectRefinement.delegate_circuit_refines_spec	Dregg2.Circuit.EffectRefinement	Dregg2/Circuit/EffectRefinement.lean	608	613	thm	threader	opaque-pred	2	Dregg2.Circuit.StateCommit.logHashInjective	inj-spelled
CARRIER	Dregg2.Circuit.EffectRefinement.delegate_circuit_refines_exec	Dregg2.Circuit.EffectRefinement	Dregg2/Circuit/EffectRefinement.lean	624	630	thm	threader	opaque-pred	3	Dregg2.Circuit.StateCommit.logHashInjective	inj-spelled
CARRIER	Dregg2.Circuit.EffectRefinement.noteSpendCircuitStep	Dregg2.Circuit.EffectRefinement	Dregg2/Circuit/EffectRefinement.lean	645	648	def	threader	other	4	Dregg2.Circuit.StateCommit.compressNInjective	body-floor
CARRIER	Dregg2.Circuit.EffectRefinement.noteSpendRestFrameEncodes	Dregg2.Circuit.EffectRefinement	Dregg2/Circuit/EffectRefinement.lean	650	653	thm	threader	opaque-pred	4	Dregg2.Circuit.StateCommit.compressNInjective	conc-floor
CARRIER	Dregg2.Circuit.EffectRefinement.noteSpend_circuit_refines_spec	Dregg2.Circuit.EffectRefinement	Dregg2/Circuit/EffectRefinement.lean	659	665	thm	threader	opaque-pred	6	Dregg2.Circuit.StateCommit.compressNInjective,Dregg2.Circuit.StateCommit.logHashInjective	uses-propdef
CARRIER	Dregg2.Circuit.EffectRefinement.noteSpend_spec_refines_circuit	Dregg2.Circuit.EffectRefinement	Dregg2/Circuit/EffectRefinement.lean	667	675	thm	threader	opaque-pred	5	Dregg2.Circuit.StateCommit.compressNInjective	conc-floor,uses-propdef
CARRIER	Dregg2.Circuit.EffectRefinement.noteSpend_circuit_refines_exec	Dregg2.Circuit.EffectRefinement	Dregg2/Circuit/EffectRefinement.lean	677	684	thm	threader	opaque-pred	7	Dregg2.Circuit.StateCommit.compressNInjective,Dregg2.Circuit.StateCommit.logHashInjective	uses-propdef
CARRIER	Dregg2.Circuit.EffectRefinement.noteCreateCircuitStep	Dregg2.Circuit.EffectRefinement	Dregg2/Circuit/EffectRefinement.lean	699	702	def	threader	other	4	Dregg2.Circuit.StateCommit.compressNInjective	body-floor
CARRIER	Dregg2.Circuit.EffectRefinement.noteCreateRestFrameEncodes	Dregg2.Circuit.EffectRefinement	Dregg2/Circuit/EffectRefinement.lean	704	707	thm	threader	opaque-pred	4	Dregg2.Circuit.StateCommit.compressNInjective	conc-floor
CARRIER	Dregg2.Circuit.EffectRefinement.noteCreate_circuit_refines_spec	Dregg2.Circuit.EffectRefinement	Dregg2/Circuit/EffectRefinement.lean	714	720	thm	threader	opaque-pred	6	Dregg2.Circuit.StateCommit.compressNInjective,Dregg2.Circuit.StateCommit.logHashInjective	uses-propdef
CARRIER	Dregg2.Circuit.EffectRefinement.noteCreate_spec_refines_circuit	Dregg2.Circuit.EffectRefinement	Dregg2/Circuit/EffectRefinement.lean	722	730	thm	threader	opaque-pred	5	Dregg2.Circuit.StateCommit.compressNInjective	conc-floor,uses-propdef
CARRIER	Dregg2.Circuit.EffectRefinement.noteCreate_circuit_refines_exec	Dregg2.Circuit.EffectRefinement	Dregg2/Circuit/EffectRefinement.lean	732	739	thm	threader	opaque-pred	7	Dregg2.Circuit.StateCommit.compressNInjective,Dregg2.Circuit.StateCommit.logHashInjective	uses-propdef
CARRIER	Dregg2.Circuit.EffectRefinement.revoke_circuit_refines_spec	Dregg2.Circuit.EffectRefinement	Dregg2/Circuit/EffectRefinement.lean	767	772	thm	threader	opaque-pred	2	Dregg2.Circuit.StateCommit.logHashInjective	inj-spelled
CARRIER	Dregg2.Circuit.EffectRefinement.revoke_circuit_refines_exec	Dregg2.Circuit.EffectRefinement	Dregg2/Circuit/EffectRefinement.lean	783	789	thm	threader	opaque-pred	3	Dregg2.Circuit.StateCommit.logHashInjective	inj-spelled
CARRIER	Dregg2.Circuit.EffectRefinement.revokeDelegation_circuit_refines_spec	Dregg2.Circuit.EffectRefinement	Dregg2/Circuit/EffectRefinement.lean	845	858	thm	threader	opaque-pred	2	Dregg2.Circuit.StateCommit.logHashInjective	inj-spelled
CARRIER	Dregg2.Circuit.EffectRefinement.setField_circuit_refines_spec	Dregg2.Circuit.EffectRefinement	Dregg2/Circuit/EffectRefinement.lean	884	892	thm	threader	opaque-pred	3	Dregg2.Circuit.StateCommit.compressNInjective,Dregg2.Circuit.StateCommit.cellLeafInjective,Dregg2.Circuit.StateCommit.logHashInjective	-
CARRIER	Dregg2.Circuit.EffectRefinement.setField_circuit_refines_exec	Dregg2.Circuit.EffectRefinement	Dregg2/Circuit/EffectRefinement.lean	903	912	thm	threader	opaque-pred	4	Dregg2.Circuit.StateCommit.compressNInjective,Dregg2.Circuit.StateCommit.cellLeafInjective,Dregg2.Circuit.StateCommit.logHashInjective	-
CARRIER	Dregg2.Circuit.EffectRefinement.exerciseHold_circuit_refines_spec	Dregg2.Circuit.EffectRefinement	Dregg2/Circuit/EffectRefinement.lean	929	936	thm	threader	opaque-pred	4	Dregg2.Circuit.StateCommit.compressNInjective,Dregg2.Circuit.StateCommit.cellLeafInjective,Dregg2.Circuit.StateCommit.logHashInjective	-
CARRIER	Dregg2.Circuit.EffectRefinement.exercise_composite_circuit_refines_spec	Dregg2.Circuit.EffectRefinement	Dregg2/Circuit/EffectRefinement.lean	938	949	thm	threader	opaque-pred	5	Dregg2.Circuit.StateCommit.compressNInjective,Dregg2.Circuit.StateCommit.cellLeafInjective,Dregg2.Circuit.StateCommit.logHashInjective	-
CARRIER	Dregg2.Circuit.EffectRefinement.exercise_composite_circuit_refines_exec	Dregg2.Circuit.EffectRefinement	Dregg2/Circuit/EffectRefinement.lean	951	962	thm	threader	opaque-pred	6	Dregg2.Circuit.StateCommit.compressNInjective,Dregg2.Circuit.StateCommit.cellLeafInjective,Dregg2.Circuit.StateCommit.logHashInjective	-
CARRIER	Dregg2.Circuit.EffectRefinementBatch2.emitEvent_circuit_refines_spec	Dregg2.Circuit.EffectRefinementBatch2	Dregg2/Circuit/EffectRefinementBatch2.lean	93	100	thm	threader	opaque-pred	3	Dregg2.Circuit.StateCommit.compressNInjective,Dregg2.Circuit.StateCommit.cellLeafInjective,Dregg2.Circuit.StateCommit.logHashInjective	-
CARRIER	Dregg2.Circuit.EffectRefinementBatch2.incrementNonce_circuit_refines_spec	Dregg2.Circuit.EffectRefinementBatch2	Dregg2/Circuit/EffectRefinementBatch2.lean	106	113	thm	threader	opaque-pred	3	Dregg2.Circuit.StateCommit.compressNInjective,Dregg2.Circuit.StateCommit.cellLeafInjective,Dregg2.Circuit.StateCommit.logHashInjective	-
CARRIER	Dregg2.Circuit.EffectRefinementBatch2.setPermissions_circuit_refines_spec	Dregg2.Circuit.EffectRefinementBatch2	Dregg2/Circuit/EffectRefinementBatch2.lean	119	126	thm	threader	opaque-pred	3	Dregg2.Circuit.StateCommit.compressNInjective,Dregg2.Circuit.StateCommit.cellLeafInjective,Dregg2.Circuit.StateCommit.logHashInjective	-
CARRIER	Dregg2.Circuit.EffectRefinementBatch2.setVK_circuit_refines_spec	Dregg2.Circuit.EffectRefinementBatch2	Dregg2/Circuit/EffectRefinementBatch2.lean	132	139	thm	threader	opaque-pred	3	Dregg2.Circuit.StateCommit.compressNInjective,Dregg2.Circuit.StateCommit.cellLeafInjective,Dregg2.Circuit.StateCommit.logHashInjective	-
CARRIER	Dregg2.Circuit.EffectRefinementBatch2.setProgram_circuit_refines_spec	Dregg2.Circuit.EffectRefinementBatch2	Dregg2/Circuit/EffectRefinementBatch2.lean	146	153	thm	threader	opaque-pred	3	Dregg2.Circuit.StateCommit.compressNInjective,Dregg2.Circuit.StateCommit.cellLeafInjective,Dregg2.Circuit.StateCommit.logHashInjective	-
CARRIER	Dregg2.Circuit.EffectRefinementBatch2.makeSovereign_circuit_refines_spec	Dregg2.Circuit.EffectRefinementBatch2	Dregg2/Circuit/EffectRefinementBatch2.lean	159	166	thm	threader	opaque-pred	3	Dregg2.Circuit.StateCommit.compressNInjective,Dregg2.Circuit.StateCommit.cellLeafInjective,Dregg2.Circuit.StateCommit.logHashInjective	-
CARRIER	Dregg2.Circuit.EffectRefinementBatch2.refusal_circuit_refines_spec	Dregg2.Circuit.EffectRefinementBatch2	Dregg2/Circuit/EffectRefinementBatch2.lean	172	179	thm	threader	opaque-pred	3	Dregg2.Circuit.StateCommit.compressNInjective,Dregg2.Circuit.StateCommit.cellLeafInjective,Dregg2.Circuit.StateCommit.logHashInjective	-
CARRIER	Dregg2.Circuit.EffectRefinementBatch2.receiptArchive_circuit_refines_spec	Dregg2.Circuit.EffectRefinementBatch2	Dregg2/Circuit/EffectRefinementBatch2.lean	185	192	thm	threader	opaque-pred	3	Dregg2.Circuit.StateCommit.compressNInjective,Dregg2.Circuit.StateCommit.cellLeafInjective,Dregg2.Circuit.StateCommit.logHashInjective	-
CARRIER	Dregg2.Circuit.EffectRefinementBatch2.receiptArchiveLifecycle_circuit_refines_spec	Dregg2.Circuit.EffectRefinementBatch2	Dregg2/Circuit/EffectRefinementBatch2.lean	204	216	thm	threader	opaque-pred	2	Dregg2.Circuit.StateCommit.logHashInjective	inj-spelled
CARRIER	Dregg2.Circuit.EffectRefinementBatch2.pipelinedSend_circuit_refines_spec	Dregg2.Circuit.EffectRefinementBatch2	Dregg2/Circuit/EffectRefinementBatch2.lean	222	229	thm	threader	opaque-pred	3	Dregg2.Circuit.StateCommit.compressNInjective,Dregg2.Circuit.StateCommit.cellLeafInjective,Dregg2.Circuit.StateCommit.logHashInjective	-
CARRIER	Dregg2.Circuit.EffectRefinementBatch2.delegateAtten_circuit_refines_spec	Dregg2.Circuit.EffectRefinementBatch2	Dregg2/Circuit/EffectRefinementBatch2.lean	237	242	thm	threader	opaque-pred	2	Dregg2.Circuit.StateCommit.logHashInjective	inj-spelled
CARRIER	Dregg2.Circuit.EffectRefinementBatch2.attenuate_circuit_refines_spec	Dregg2.Circuit.EffectRefinementBatch2	Dregg2/Circuit/EffectRefinementBatch2.lean	248	253	thm	threader	opaque-pred	2	Dregg2.Circuit.StateCommit.logHashInjective	inj-spelled
CARRIER	Dregg2.Circuit.EffectRefinementBatch2.cellSeal_circuit_refines_spec	Dregg2.Circuit.EffectRefinementBatch2	Dregg2/Circuit/EffectRefinementBatch2.lean	259	265	thm	threader	opaque-pred	2	Dregg2.Circuit.StateCommit.logHashInjective	inj-spelled
CARRIER	Dregg2.Circuit.EffectRefinementBatch2.cellUnseal_circuit_refines_spec	Dregg2.Circuit.EffectRefinementBatch2	Dregg2/Circuit/EffectRefinementBatch2.lean	271	277	thm	threader	opaque-pred	2	Dregg2.Circuit.StateCommit.logHashInjective	inj-spelled
CARRIER	Dregg2.Circuit.EffectRefinementBatch2.refreshDelegation_circuit_refines_spec	Dregg2.Circuit.EffectRefinementBatch2	Dregg2/Circuit/EffectRefinementBatch2.lean	284	294	thm	threader	opaque-pred	2	Dregg2.Circuit.StateCommit.logHashInjective	inj-spelled
CARRIER	Dregg2.Circuit.EffectRefinementBatch2.refreshDelegation_full_circuit_refines_spec	Dregg2.Circuit.EffectRefinementBatch2	Dregg2/Circuit/EffectRefinementBatch2.lean	314	323	thm	threader	opaque-pred	3	Dregg2.Circuit.StateCommit.logHashInjective	inj-spelled
CARRIER	Dregg2.Circuit.EffectRefinementBatch2.refreshDelegation_full_sat_rejects_stale_stamp	Dregg2.Circuit.EffectRefinementBatch2	Dregg2/Circuit/EffectRefinementBatch2.lean	325	339	thm	threader	not	3	Dregg2.Circuit.StateCommit.logHashInjective	inj-spelled
CARRIER	Dregg2.Circuit.EffectRefinementBatch2.cellDestroy_circuit_refines_spec	Dregg2.Circuit.EffectRefinementBatch2	Dregg2/Circuit/EffectRefinementBatch2.lean	349	355	thm	threader	opaque-pred	2	Dregg2.Circuit.StateCommit.logHashInjective	inj-spelled
CARRIER	Dregg2.Circuit.EffectRefinementBatch2.heapWrite_circuit_refines_spec	Dregg2.Circuit.EffectRefinementBatch2	Dregg2/Circuit/EffectRefinementBatch2.lean	365	373	thm	threader	opaque-pred	2	Dregg2.Circuit.StateCommit.logHashInjective	inj-spelled
CARRIER	Dregg2.Circuit.EffectRefinementBatch2.createCellFromFactoryCircuitStep	Dregg2.Circuit.EffectRefinementBatch2	Dregg2/Circuit/EffectRefinementBatch2.lean	381	391	def	threader	other	4	Dregg2.Circuit.StateCommit.compressNInjective	inj-spelled,body-floor
CARRIER	Dregg2.Circuit.EffectRefinementBatch2.createCellFromFactory_circuit_refines_spec	Dregg2.Circuit.EffectRefinementBatch2	Dregg2/Circuit/EffectRefinementBatch2.lean	393	406	thm	threader	opaque-pred	6	Dregg2.Circuit.StateCommit.compressNInjective,Dregg2.Circuit.StateCommit.logHashInjective	inj-spelled,uses-propdef
CARRIER	Dregg2.Circuit.Emit.AttestedAutomatonEmit.root_binds_automaton	Dregg2.Circuit.Emit.AttestedAutomatonEmit	Dregg2/Circuit/Emit/AttestedAutomatonEmit.lean	653	661	thm	threader	eq	6	Dregg2.Circuit.Poseidon2Binding.Poseidon2SpongeCR	-
CARRIER	Dregg2.Circuit.Emit.AttestedAutomatonEmit.att_row_reads	Dregg2.Circuit.Emit.AttestedAutomatonEmit	Dregg2/Circuit/Emit/AttestedAutomatonEmit.lean	719	759	thm	threader	exists	6	Dregg2.Circuit.Poseidon2Binding.Poseidon2SpongeCR	simp
CARRIER	Dregg2.Circuit.Emit.AttestedAutomatonEmit.attested_refines_committed	Dregg2.Circuit.Emit.AttestedAutomatonEmit	Dregg2/Circuit/Emit/AttestedAutomatonEmit.lean	761	872	thm	threader	and	7	Dregg2.Circuit.Poseidon2Binding.Poseidon2SpongeCR	simp
CARRIER	Dregg2.Circuit.Emit.AttestedAutomatonEmit.attested_exposes_components	Dregg2.Circuit.Emit.AttestedAutomatonEmit	Dregg2/Circuit/Emit/AttestedAutomatonEmit.lean	914	941	thm	threader	eq	8	Dregg2.Circuit.Poseidon2Binding.Poseidon2SpongeCR	simp
CARRIER	Dregg2.Circuit.Emit.AttestedAutomatonEmit.forged_edge_refused	Dregg2.Circuit.Emit.AttestedAutomatonEmit	Dregg2/Circuit/Emit/AttestedAutomatonEmit.lean	956	981	thm	threader	not	7	Dregg2.Circuit.Poseidon2Binding.Poseidon2SpongeCR	simp
CARRIER	Dregg2.Circuit.Emit.AttestedAutomatonWeld8.weld_collision_disjunct_refutable	Dregg2.Circuit.Emit.AttestedAutomatonWeld8	Dregg2/Circuit/Emit/AttestedAutomatonWeld8.lean	254	302	thm	embedded	not	0	Dregg2.Circuit.DeployedCapTree.Compress8CR	neg-conc
CARRIER	Dregg2.Circuit.Emit.AvailWideMembers.declared_capacity_unsat_availWideRefused	Dregg2.Circuit.Emit.AvailWideMembers	Dregg2/Circuit/Emit/AvailWideMembers.lean	377	425	thm	tooth	False	4	Dregg2.Circuit.Poseidon2Binding.Poseidon2SpongeCR	was-threader
CARRIER	Dregg2.Circuit.Emit.AvailWideMembers.declared_escrow_unsat_availWideRefused	Dregg2.Circuit.Emit.AvailWideMembers	Dregg2/Circuit/Emit/AvailWideMembers.lean	427	441	thm	tooth	False	5	Dregg2.Circuit.Poseidon2Binding.Poseidon2SpongeCR	was-threader
CARRIER	Dregg2.Circuit.Emit.AvailWideMembers.declared_discharge_unsat_availWideRefused	Dregg2.Circuit.Emit.AvailWideMembers	Dregg2/Circuit/Emit/AvailWideMembers.lean	443	457	thm	tooth	False	5	Dregg2.Circuit.Poseidon2Binding.Poseidon2SpongeCR	was-threader
CARRIER	Dregg2.Circuit.Emit.AvailWideMembers.declared_vault_unsat_availWideRefused	Dregg2.Circuit.Emit.AvailWideMembers	Dregg2/Circuit/Emit/AvailWideMembers.lean	459	473	thm	tooth	False	5	Dregg2.Circuit.Poseidon2Binding.Poseidon2SpongeCR	was-threader
CARRIER	Dregg2.Circuit.Emit.AvailWideMembers.declared_capacity_unsat_burnAvailWideRefused	Dregg2.Circuit.Emit.AvailWideMembers	Dregg2/Circuit/Emit/AvailWideMembers.lean	612	661	thm	tooth	False	4	Dregg2.Circuit.Poseidon2Binding.Poseidon2SpongeCR	was-threader
CARRIER	Dregg2.Circuit.Emit.AvailWideMembers.declared_escrow_unsat_burnAvailWideRefused	Dregg2.Circuit.Emit.AvailWideMembers	Dregg2/Circuit/Emit/AvailWideMembers.lean	663	677	thm	tooth	False	5	Dregg2.Circuit.Poseidon2Binding.Poseidon2SpongeCR	was-threader
CARRIER	Dregg2.Circuit.Emit.AvailWideMembers.declared_discharge_unsat_burnAvailWideRefused	Dregg2.Circuit.Emit.AvailWideMembers	Dregg2/Circuit/Emit/AvailWideMembers.lean	679	693	thm	tooth	False	5	Dregg2.Circuit.Poseidon2Binding.Poseidon2SpongeCR	was-threader
CARRIER	Dregg2.Circuit.Emit.AvailWideMembers.declared_vault_unsat_burnAvailWideRefused	Dregg2.Circuit.Emit.AvailWideMembers	Dregg2/Circuit/Emit/AvailWideMembers.lean	695	709	thm	tooth	False	5	Dregg2.Circuit.Poseidon2Binding.Poseidon2SpongeCR	was-threader
CARRIER	Dregg2.Circuit.Emit.AvailWireMembers.declared_capacity_unsat_availWire	Dregg2.Circuit.Emit.AvailWireMembers	Dregg2/Circuit/Emit/AvailWireMembers.lean	298	334	thm	tooth	False	4	Dregg2.Circuit.Poseidon2Binding.Poseidon2SpongeCR	was-threader
CARRIER	Dregg2.Circuit.Emit.AvailWireMembers.declared_escrow_unsat_availWire	Dregg2.Circuit.Emit.AvailWireMembers	Dregg2/Circuit/Emit/AvailWireMembers.lean	336	349	thm	tooth	False	5	Dregg2.Circuit.Poseidon2Binding.Poseidon2SpongeCR	was-threader
CARRIER	Dregg2.Circuit.Emit.AvailWireMembers.declared_discharge_unsat_availWire	Dregg2.Circuit.Emit.AvailWireMembers	Dregg2/Circuit/Emit/AvailWireMembers.lean	351	364	thm	tooth	False	5	Dregg2.Circuit.Poseidon2Binding.Poseidon2SpongeCR	was-threader
CARRIER	Dregg2.Circuit.Emit.AvailWireMembers.declared_vault_unsat_availWire	Dregg2.Circuit.Emit.AvailWireMembers	Dregg2/Circuit/Emit/AvailWireMembers.lean	366	379	thm	tooth	False	5	Dregg2.Circuit.Poseidon2Binding.Poseidon2SpongeCR	was-threader
CARRIER	Dregg2.Circuit.Emit.CommittedRowsSemantics.mapRootColl1_refutes_sponge	Dregg2.Circuit.Emit.CommittedRowsSemantics	Dregg2/Circuit/Emit/CommittedRowsSemantics.lean	203	218	thm	embedded	not	0	Dregg2.Circuit.Poseidon2Binding.Poseidon2SpongeCR	neg-conc
CARRIER	Dregg2.Circuit.Emit.EffectVmCapFamilyComplete.capWrite8_afterRoot_binds_leaf_of_injective	Dregg2.Circuit.Emit.EffectVmCapFamilyComplete	Dregg2/Circuit/Emit/EffectVmCapFamilyComplete.lean	138	149	thm	threader	eq	3	Dregg2.Circuit.DeployedCapTree.Compress8CR	-
CARRIER	Dregg2.Circuit.Emit.EffectVmEmitAttenuateA.attenuateDescriptor_commit_binds_state	Dregg2.Circuit.Emit.EffectVmEmitAttenuateA	Dregg2/Circuit/Emit/EffectVmEmitAttenuateA.lean	373	384	thm	threader	eq	2	Dregg2.Circuit.Poseidon2Binding.Poseidon2SpongeCR	-
CARRIER	Dregg2.Circuit.Emit.EffectVmEmitAttenuateA.unify_attenuate_via_full_sound	Dregg2.Circuit.Emit.EffectVmEmitAttenuateA	Dregg2/Circuit/Emit/EffectVmEmitAttenuateA.lean	425	440	thm	threader	eq	2	Dregg2.Circuit.StateCommit.logHashInjective	inj-spelled
CARRIER	Dregg2.Circuit.Emit.EffectVmEmitAttenuateA.attenuateGenuine_binds_edge	Dregg2.Circuit.Emit.EffectVmEmitAttenuateA	Dregg2/Circuit/Emit/EffectVmEmitAttenuateA.lean	806	830	thm	threader	and	3	Dregg2.Circuit.Poseidon2Binding.Poseidon2SpongeCR	-
CARRIER	Dregg2.Circuit.Emit.EffectVmEmitCapReshape.capLeaf_injective	Dregg2.Circuit.Emit.EffectVmEmitCapReshape	Dregg2/Circuit/Emit/EffectVmEmitCapReshape.lean	155	167	thm	endpoint	and	0	Dregg2.Circuit.Poseidon2Binding.Poseidon2SpongeCR	simp
CARRIER	Dregg2.Circuit.Emit.EffectVmEmitCapReshape.capLeafList_injective	Dregg2.Circuit.Emit.EffectVmEmitCapReshape	Dregg2/Circuit/Emit/EffectVmEmitCapReshape.lean	169	191	thm	threader	eq	1	Dregg2.Circuit.Poseidon2Binding.Poseidon2SpongeCR	simp
CARRIER	Dregg2.Circuit.Emit.EffectVmEmitCapReshape.heldSet_determined	Dregg2.Circuit.Emit.EffectVmEmitCapReshape	Dregg2/Circuit/Emit/EffectVmEmitCapReshape.lean	193	199	thm	endpoint	eq	2	Dregg2.Circuit.Poseidon2Binding.Poseidon2SpongeCR	-
CARRIER	Dregg2.Circuit.Emit.EffectVmEmitCapReshape.opensEntry_functional	Dregg2.Circuit.Emit.EffectVmEmitCapReshape	Dregg2/Circuit/Emit/EffectVmEmitCapReshape.lean	201	214	thm	threader	eq	3	Dregg2.Circuit.Poseidon2Binding.Poseidon2SpongeCR	simp
CARRIER	Dregg2.Circuit.Emit.EffectVmEmitCapRoot.capRoot_binds_edge	Dregg2.Circuit.Emit.EffectVmEmitCapRoot	Dregg2/Circuit/Emit/EffectVmEmitCapRoot.lean	271	294	thm	endpoint	and	0	Dregg2.Circuit.Poseidon2Binding.Poseidon2SpongeCR	-
CARRIER	Dregg2.Circuit.Emit.EffectVmEmitCapRoot.capRoot_op_bound	Dregg2.Circuit.Emit.EffectVmEmitCapRoot	Dregg2/Circuit/Emit/EffectVmEmitCapRoot.lean	296	304	thm	threader	eq	1	Dregg2.Circuit.Poseidon2Binding.Poseidon2SpongeCR	-
CARRIER	Dregg2.Circuit.Emit.EffectVmEmitDelegate.unify_delegate_via_full_sound	Dregg2.Circuit.Emit.EffectVmEmitDelegate	Dregg2/Circuit/Emit/EffectVmEmitDelegate.lean	147	160	thm	threader	eq	2	Dregg2.Circuit.StateCommit.logHashInjective	inj-spelled
CARRIER	Dregg2.Circuit.Emit.EffectVmEmitDelegate.delegateGenuine_binds_edge	Dregg2.Circuit.Emit.EffectVmEmitDelegate	Dregg2/Circuit/Emit/EffectVmEmitDelegate.lean	210	230	thm	threader	and	4	Dregg2.Circuit.Poseidon2Binding.Poseidon2SpongeCR	-
CARRIER	Dregg2.Circuit.Emit.EffectVmEmitDelegateAtten.unify_delegateAtten_via_full_sound	Dregg2.Circuit.Emit.EffectVmEmitDelegateAtten	Dregg2/Circuit/Emit/EffectVmEmitDelegateAtten.lean	137	148	thm	threader	eq	2	Dregg2.Circuit.StateCommit.logHashInjective	inj-spelled
CARRIER	Dregg2.Circuit.Emit.EffectVmEmitDelegateAtten.delegateAttenGenuine_binds_edge	Dregg2.Circuit.Emit.EffectVmEmitDelegateAtten	Dregg2/Circuit/Emit/EffectVmEmitDelegateAtten.lean	192	212	thm	threader	and	4	Dregg2.Circuit.Poseidon2Binding.Poseidon2SpongeCR	-
CARRIER	Dregg2.Circuit.Emit.EffectVmEmitEscrowRoot.escrowRoot_binds_record	Dregg2.Circuit.Emit.EffectVmEmitEscrowRoot	Dregg2/Circuit/Emit/EffectVmEmitEscrowRoot.lean	200	226	thm	endpoint	and	0	Dregg2.Circuit.Poseidon2Binding.Poseidon2SpongeCR	-
CARRIER	Dregg2.Circuit.Emit.EffectVmEmitEscrowRoot.escrowRoot_amount_bound	Dregg2.Circuit.Emit.EffectVmEmitEscrowRoot	Dregg2/Circuit/Emit/EffectVmEmitEscrowRoot.lean	228	236	thm	threader	eq	1	Dregg2.Circuit.Poseidon2Binding.Poseidon2SpongeCR	-
CARRIER	Dregg2.Circuit.Emit.EffectVmEmitIntroduce.introduceVm_commit_binds_block	Dregg2.Circuit.Emit.EffectVmEmitIntroduce	Dregg2/Circuit/Emit/EffectVmEmitIntroduce.lean	206	212	thm	threader	eq	2	Dregg2.Circuit.Poseidon2Binding.Poseidon2SpongeCR	-
CARRIER	Dregg2.Circuit.Emit.EffectVmEmitIntroduce.introduceDescriptor_commit_binds_state	Dregg2.Circuit.Emit.EffectVmEmitIntroduce	Dregg2/Circuit/Emit/EffectVmEmitIntroduce.lean	305	348	thm	threader	eq	2	Dregg2.Circuit.Poseidon2Binding.Poseidon2SpongeCR	simp
CARRIER	Dregg2.Circuit.Emit.EffectVmEmitIntroduce.unify_introduce_via_full_sound	Dregg2.Circuit.Emit.EffectVmEmitIntroduce	Dregg2/Circuit/Emit/EffectVmEmitIntroduce.lean	369	377	thm	threader	eq	2	Dregg2.Circuit.StateCommit.logHashInjective	inj-spelled
CARRIER	Dregg2.Circuit.Emit.EffectVmEmitIntroduce.introduceGenuine_binds_edge	Dregg2.Circuit.Emit.EffectVmEmitIntroduce	Dregg2/Circuit/Emit/EffectVmEmitIntroduce.lean	513	533	thm	threader	and	4	Dregg2.Circuit.Poseidon2Binding.Poseidon2SpongeCR	-
CARRIER	Dregg2.Circuit.Emit.EffectVmEmitNoteCreate.noteCreateDescriptor_commit_binds_state	Dregg2.Circuit.Emit.EffectVmEmitNoteCreate	Dregg2/Circuit/Emit/EffectVmEmitNoteCreate.lean	339	386	thm	threader	eq	2	Dregg2.Circuit.Poseidon2Binding.Poseidon2SpongeCR	simp
CARRIER	Dregg2.Circuit.Emit.EffectVmEmitNoteCreate.noteCreateColl_refutable_of_injective	Dregg2.Circuit.Emit.EffectVmEmitNoteCreate	Dregg2/Circuit/Emit/EffectVmEmitNoteCreate.lean	740	744	thm	threader	not	1	Dregg2.Circuit.Poseidon2Binding.Poseidon2SpongeCR	-
CARRIER	Dregg2.Circuit.Emit.EffectVmEmitNoteCreate.noteCreateFull_commit_binds_sysdigest_of_injective	Dregg2.Circuit.Emit.EffectVmEmitNoteCreate	Dregg2/Circuit/Emit/EffectVmEmitNoteCreate.lean	997	1012	thm	threader	eq	2	Dregg2.Circuit.Poseidon2Binding.Poseidon2SpongeCR	-
CARRIER	Dregg2.Circuit.Emit.EffectVmEmitNoteCreate.noteCreateFull_binds_commitments_root_of_injective	Dregg2.Circuit.Emit.EffectVmEmitNoteCreate	Dregg2/Circuit/Emit/EffectVmEmitNoteCreate.lean	1014	1032	thm	threader	eq	3	Dregg2.Circuit.Poseidon2Binding.Poseidon2SpongeCR	simp
CARRIER	Dregg2.Circuit.Emit.EffectVmEmitNoteSpend.noteSpendDescriptor_commit_binds_state	Dregg2.Circuit.Emit.EffectVmEmitNoteSpend	Dregg2/Circuit/Emit/EffectVmEmitNoteSpend.lean	331	375	thm	threader	eq	2	Dregg2.Circuit.Poseidon2Binding.Poseidon2SpongeCR	simp
CARRIER	Dregg2.Circuit.Emit.EffectVmEmitNoteSpend.noteSpendColl_refutable_of_injective	Dregg2.Circuit.Emit.EffectVmEmitNoteSpend	Dregg2/Circuit/Emit/EffectVmEmitNoteSpend.lean	749	753	thm	threader	not	1	Dregg2.Circuit.Poseidon2Binding.Poseidon2SpongeCR	-
CARRIER	Dregg2.Circuit.Emit.EffectVmEmitNoteSpend.noteSpendFull_commit_binds_sysdigest_of_injective	Dregg2.Circuit.Emit.EffectVmEmitNoteSpend	Dregg2/Circuit/Emit/EffectVmEmitNoteSpend.lean	807	818	thm	threader	eq	2	Dregg2.Circuit.Poseidon2Binding.Poseidon2SpongeCR	-
CARRIER	Dregg2.Circuit.Emit.EffectVmEmitNoteSpend.noteSpendFull_binds_nullifiers_root_of_injective	Dregg2.Circuit.Emit.EffectVmEmitNoteSpend	Dregg2/Circuit/Emit/EffectVmEmitNoteSpend.lean	820	836	thm	threader	eq	2	Dregg2.Circuit.Poseidon2Binding.Poseidon2SpongeCR	-
CARRIER	Dregg2.Circuit.Emit.EffectVmEmitPipelinedSend.unify_pipelinedSend_via_full_sound	Dregg2.Circuit.Emit.EffectVmEmitPipelinedSend	Dregg2/Circuit/Emit/EffectVmEmitPipelinedSend.lean	425	436	thm	threader	eq	3	Dregg2.Circuit.StateCommit.compressNInjective,Dregg2.Circuit.StateCommit.cellLeafInjective,Dregg2.Circuit.StateCommit.logHashInjective	-
CARRIER	Dregg2.Circuit.Emit.EffectVmEmitRecordRoot.recordAbsorbed_determined_by_commit	Dregg2.Circuit.Emit.EffectVmEmitRecordRoot	Dregg2/Circuit/Emit/EffectVmEmitRecordRoot.lean	143	169	thm	endpoint	eq	0	Dregg2.Circuit.Poseidon2Binding.Poseidon2SpongeCR	simp
CARRIER	Dregg2.Circuit.Emit.EffectVmEmitRecordRoot.recordDescriptor_commit_binds_fieldsRoot	Dregg2.Circuit.Emit.EffectVmEmitRecordRoot	Dregg2/Circuit/Emit/EffectVmEmitRecordRoot.lean	171	186	thm	threader	eq	1	Dregg2.Circuit.Poseidon2Binding.Poseidon2SpongeCR	-
CARRIER	Dregg2.Circuit.Emit.EffectVmEmitRecordRoot.recordTamper_rejected	Dregg2.Circuit.Emit.EffectVmEmitRecordRoot	Dregg2/Circuit/Emit/EffectVmEmitRecordRoot.lean	293	305	thm	tooth	False	2	Dregg2.Circuit.Poseidon2Binding.Poseidon2SpongeCR	was-threader
CARRIER	Dregg2.Circuit.Emit.EffectVmEmitRefreshDelegation.refreshDescriptor_commit_binds_state	Dregg2.Circuit.Emit.EffectVmEmitRefreshDelegation	Dregg2/Circuit/Emit/EffectVmEmitRefreshDelegation.lean	312	321	thm	threader	eq	2	Dregg2.Circuit.Poseidon2Binding.Poseidon2SpongeCR	-
CARRIER	Dregg2.Circuit.Emit.EffectVmEmitRefreshDelegation.delegRoot_binds_under_commit_of_injective	Dregg2.Circuit.Emit.EffectVmEmitRefreshDelegation	Dregg2/Circuit/Emit/EffectVmEmitRefreshDelegation.lean	384	399	thm	threader	eq	1	Dregg2.Circuit.StateCommit.compressNInjective	-
CARRIER	Dregg2.Circuit.Emit.EffectVmEmitRefreshDelegation.unify_refresh_via_full_sound	Dregg2.Circuit.Emit.EffectVmEmitRefreshDelegation	Dregg2/Circuit/Emit/EffectVmEmitRefreshDelegation.lean	469	486	thm	threader	and	2	Dregg2.Circuit.StateCommit.logHashInjective	inj-spelled
CARRIER	Dregg2.Circuit.Emit.EffectVmEmitRefreshDelegation.refreshGenuine_binds_edge	Dregg2.Circuit.Emit.EffectVmEmitRefreshDelegation	Dregg2/Circuit/Emit/EffectVmEmitRefreshDelegation.lean	689	709	thm	threader	and	4	Dregg2.Circuit.Poseidon2Binding.Poseidon2SpongeCR	-
CARRIER	Dregg2.Circuit.Emit.EffectVmEmitRevokeDelegation.revokeVm_commit_binds_block	Dregg2.Circuit.Emit.EffectVmEmitRevokeDelegation	Dregg2/Circuit/Emit/EffectVmEmitRevokeDelegation.lean	210	216	thm	threader	eq	2	Dregg2.Circuit.Poseidon2Binding.Poseidon2SpongeCR	-
CARRIER	Dregg2.Circuit.Emit.EffectVmEmitRevokeDelegation.revokeDescriptor_commit_binds_state	Dregg2.Circuit.Emit.EffectVmEmitRevokeDelegation	Dregg2/Circuit/Emit/EffectVmEmitRevokeDelegation.lean	307	349	thm	threader	eq	2	Dregg2.Circuit.Poseidon2Binding.Poseidon2SpongeCR	simp
CARRIER	Dregg2.Circuit.Emit.EffectVmEmitRevokeDelegation.unify_revoke_via_full_sound	Dregg2.Circuit.Emit.EffectVmEmitRevokeDelegation	Dregg2/Circuit/Emit/EffectVmEmitRevokeDelegation.lean	374	382	thm	threader	eq	2	Dregg2.Circuit.StateCommit.logHashInjective	inj-spelled
CARRIER	Dregg2.Circuit.Emit.EffectVmEmitRevokeDelegation.revokeGenuine_binds_edge	Dregg2.Circuit.Emit.EffectVmEmitRevokeDelegation	Dregg2/Circuit/Emit/EffectVmEmitRevokeDelegation.lean	493	513	thm	threader	and	4	Dregg2.Circuit.Poseidon2Binding.Poseidon2SpongeCR	-
CARRIER	Dregg2.Circuit.Emit.EffectVmEmitRotation.wireCommit_binds	Dregg2.Circuit.Emit.EffectVmEmitRotation	Dregg2/Circuit/Emit/EffectVmEmitRotation.lean	162	200	thm	endpoint	and	0	Dregg2.Circuit.Poseidon2Binding.Poseidon2SpongeCR	simp
CARRIER	Dregg2.Circuit.Emit.EffectVmEmitRotation.wireCommit_binds_heapRoot	Dregg2.Circuit.Emit.EffectVmEmitRotation	Dregg2/Circuit/Emit/EffectVmEmitRotation.lean	202	206	thm	threader	eq	1	Dregg2.Circuit.Poseidon2Binding.Poseidon2SpongeCR	-
CARRIER	Dregg2.Circuit.Emit.EffectVmEmitRotation.wireCommit_binds_reg	Dregg2.Circuit.Emit.EffectVmEmitRotation	Dregg2/Circuit/Emit/EffectVmEmitRotation.lean	208	213	thm	threader	eq	1	Dregg2.Circuit.Poseidon2Binding.Poseidon2SpongeCR	-
CARRIER	Dregg2.Circuit.Emit.EffectVmEmitRotation.wireCommit_binds_named_field	Dregg2.Circuit.Emit.EffectVmEmitRotation	Dregg2/Circuit/Emit/EffectVmEmitRotation.lean	215	222	thm	threader	eq	2	Dregg2.Circuit.Poseidon2Binding.Poseidon2SpongeCR	-
CARRIER	Dregg2.Circuit.Emit.EffectVmEmitRotation.wireCommit_binds_log	Dregg2.Circuit.Emit.EffectVmEmitRotation	Dregg2/Circuit/Emit/EffectVmEmitRotation.lean	224	229	thm	threader	eq	2	Dregg2.Circuit.Poseidon2Binding.Poseidon2SpongeCR	-
CARRIER	Dregg2.Circuit.Emit.EffectVmEmitRotation.rotationProbe_commit_binds_published	Dregg2.Circuit.Emit.EffectVmEmitRotation	Dregg2/Circuit/Emit/EffectVmEmitRotation.lean	353	405	thm	threader	and	1	Dregg2.Circuit.Poseidon2Binding.Poseidon2SpongeCR	simp
CARRIER	Dregg2.Circuit.Emit.EffectVmEmitRotationCaveat.chainCommit_binds	Dregg2.Circuit.Emit.EffectVmEmitRotationCaveat	Dregg2/Circuit/Emit/EffectVmEmitRotationCaveat.lean	224	236	thm	endpoint	eq	1	Dregg2.Circuit.Poseidon2Binding.Poseidon2SpongeCR	simp
CARRIER	Dregg2.Circuit.Emit.EffectVmEmitRotationCaveat.caveatCommit_binds	Dregg2.Circuit.Emit.EffectVmEmitRotationCaveat	Dregg2/Circuit/Emit/EffectVmEmitRotationCaveat.lean	243	251	thm	threader	eq	2	Dregg2.Circuit.Poseidon2Binding.Poseidon2SpongeCR	-
CARRIER	Dregg2.Circuit.Emit.EffectVmEmitRotationCaveat.caveatCommit_binds_operand	Dregg2.Circuit.Emit.EffectVmEmitRotationCaveat	Dregg2/Circuit/Emit/EffectVmEmitRotationCaveat.lean	253	259	thm	threader	eq	3	Dregg2.Circuit.Poseidon2Binding.Poseidon2SpongeCR	simp
CARRIER	Dregg2.Circuit.Emit.EffectVmEmitRotationCaveat.rotationCaveatProbe_binds_published	Dregg2.Circuit.Emit.EffectVmEmitRotationCaveat	Dregg2/Circuit/Emit/EffectVmEmitRotationCaveat.lean	438	507	thm	threader	and	3	Dregg2.Circuit.Poseidon2Binding.Poseidon2SpongeCR	simp
CARRIER	Dregg2.Circuit.Emit.EffectVmEmitRotationR.chainFrom_inj	Dregg2.Circuit.Emit.EffectVmEmitRotationR	Dregg2/Circuit/Emit/EffectVmEmitRotationR.lean	177	201	thm	endpoint	and	0	Dregg2.Circuit.Poseidon2Binding.Poseidon2SpongeCR	simp
CARRIER	Dregg2.Circuit.Emit.EffectVmEmitRotationR.wireCommitR_binds	Dregg2.Circuit.Emit.EffectVmEmitRotationR	Dregg2/Circuit/Emit/EffectVmEmitRotationR.lean	203	223	thm	endpoint	and	1	Dregg2.Circuit.Poseidon2Binding.Poseidon2SpongeCR	simp
CARRIER	Dregg2.Circuit.Emit.EffectVmEmitRotationR.wireCommitR_binds_log	Dregg2.Circuit.Emit.EffectVmEmitRotationR	Dregg2/Circuit/Emit/EffectVmEmitRotationR.lean	225	232	thm	threader	and	2	Dregg2.Circuit.Poseidon2Binding.Poseidon2SpongeCR	-
CARRIER	Dregg2.Circuit.Emit.EffectVmEmitRotationR.rotationProbeR24_commit_binds_published	Dregg2.Circuit.Emit.EffectVmEmitRotationR	Dregg2/Circuit/Emit/EffectVmEmitRotationR.lean	675	725	thm	threader	and	2	Dregg2.Circuit.Poseidon2Binding.Poseidon2SpongeCR	simp
CARRIER	Dregg2.Circuit.Emit.EffectVmEmitRotationR.rotationProbeR32_commit_binds_published	Dregg2.Circuit.Emit.EffectVmEmitRotationR	Dregg2/Circuit/Emit/EffectVmEmitRotationR.lean	727	774	thm	threader	and	2	Dregg2.Circuit.Poseidon2Binding.Poseidon2SpongeCR	simp
CARRIER	Dregg2.Circuit.Emit.EffectVmEmitRotationV3.rotV3_binds_published	Dregg2.Circuit.Emit.EffectVmEmitRotationV3	Dregg2/Circuit/Emit/EffectVmEmitRotationV3.lean	1185	1307	thm	threader	and	3	Dregg2.Circuit.Poseidon2Binding.Poseidon2SpongeCR	simp
CARRIER	Dregg2.Circuit.Emit.EffectVmEmitTransferComplete.canary_tamper_moves_commit_of_injective	Dregg2.Circuit.Emit.EffectVmEmitTransferComplete	Dregg2/Circuit/Emit/EffectVmEmitTransferComplete.lean	512	518	thm	threader	ne	1	Dregg2.Circuit.Poseidon2Binding.Poseidon2SpongeCR	-
CARRIER	Dregg2.Circuit.Emit.EffectVmEmitTransferSound.absorbed_determined_by_commit_of_injective	Dregg2.Circuit.Emit.EffectVmEmitTransferSound	Dregg2/Circuit/Emit/EffectVmEmitTransferSound.lean	395	405	thm	threader	eq	1	Dregg2.Circuit.Poseidon2Binding.Poseidon2SpongeCR	-
CARRIER	Dregg2.Circuit.Emit.EffectVmEmitTransferSound.transferColl_refutable_of_injective	Dregg2.Circuit.Emit.EffectVmEmitTransferSound	Dregg2/Circuit/Emit/EffectVmEmitTransferSound.lean	407	411	thm	threader	not	1	Dregg2.Circuit.Poseidon2Binding.Poseidon2SpongeCR	-
CARRIER	Dregg2.Circuit.Emit.EffectVmEmitTransferSound.transferDescriptor_commit_binds_state_of_injective	Dregg2.Circuit.Emit.EffectVmEmitTransferSound	Dregg2/Circuit/Emit/EffectVmEmitTransferSound.lean	452	476	thm	threader	eq	1	Dregg2.Circuit.Poseidon2Binding.Poseidon2SpongeCR	-
CARRIER	Dregg2.Circuit.Emit.EffectVmEmitUMemCohort.umemCohort_addr_faithful	Dregg2.Circuit.Emit.EffectVmEmitUMemCohort	Dregg2/Circuit/Emit/EffectVmEmitUMemCohort.lean	312	321	thm	threader	and	1	Dregg2.Circuit.Poseidon2Binding.Poseidon2SpongeCR	-
CARRIER	Dregg2.Circuit.Emit.EffectVmEmitUMemCohort.umemCohort_cap_root_binds	Dregg2.Circuit.Emit.EffectVmEmitUMemCohort	Dregg2/Circuit/Emit/EffectVmEmitUMemCohort.lean	323	332	thm	threader	eq	3	Dregg2.Circuit.Poseidon2Binding.Poseidon2SpongeCR	-
CARRIER	Dregg2.Circuit.Emit.EffectVmEmitUMemCohortMulti.noteSpend_addr_faithful	Dregg2.Circuit.Emit.EffectVmEmitUMemCohortMulti	Dregg2/Circuit/Emit/EffectVmEmitUMemCohortMulti.lean	290	299	thm	threader	and	1	Dregg2.Circuit.Poseidon2Binding.Poseidon2SpongeCR	-
CARRIER	Dregg2.Circuit.Emit.EffectVmEmitV2.attenuateV2_held_determined	Dregg2.Circuit.Emit.EffectVmEmitV2	Dregg2/Circuit/Emit/EffectVmEmitV2.lean	1086	1102	thm	threader	eq	6	Dregg2.Circuit.Poseidon2Binding.Poseidon2SpongeCR	-
CARRIER	Dregg2.Circuit.Emit.EffectVmEmitV2.revokeV2_held_determined	Dregg2.Circuit.Emit.EffectVmEmitV2	Dregg2/Circuit/Emit/EffectVmEmitV2.lean	1170	1185	thm	threader	eq	6	Dregg2.Circuit.Poseidon2Binding.Poseidon2SpongeCR	-
CARRIER	Dregg2.Circuit.Emit.EffectVmEmitV2.revokeV2_post_determined	Dregg2.Circuit.Emit.EffectVmEmitV2	Dregg2/Circuit/Emit/EffectVmEmitV2.lean	1187	1200	thm	threader	eq	6	Dregg2.Circuit.Poseidon2Binding.Poseidon2SpongeCR	-
CARRIER	Dregg2.Circuit.Emit.EffectVmFullStateRunnable.wide_binds_everything_of_injective	Dregg2.Circuit.Emit.EffectVmFullStateRunnable	Dregg2/Circuit/Emit/EffectVmFullStateRunnable.lean	309	323	thm	threader	and	1	Dregg2.Circuit.Poseidon2Binding.Poseidon2SpongeCR	-
CARRIER	Dregg2.Circuit.Emit.EffectVmFullStateRunnable.wideColl_refutable_of_injective	Dregg2.Circuit.Emit.EffectVmFullStateRunnable	Dregg2/Circuit/Emit/EffectVmFullStateRunnable.lean	325	330	thm	threader	not	1	Dregg2.Circuit.Poseidon2Binding.Poseidon2SpongeCR	-
CARRIER	Dregg2.Circuit.Emit.EffectVmFullStateRunnable.wide_binds_systemRoots_of_injective	Dregg2.Circuit.Emit.EffectVmFullStateRunnable	Dregg2/Circuit/Emit/EffectVmFullStateRunnable.lean	398	412	thm	threader	eq	2	Dregg2.Circuit.Poseidon2Binding.Poseidon2SpongeCR	-
CARRIER	Dregg2.Circuit.Emit.EffectVmFullStateRunnable.runnable_full_commit_binds_of_injective	Dregg2.Circuit.Emit.EffectVmFullStateRunnable	Dregg2/Circuit/Emit/EffectVmFullStateRunnable.lean	516	534	thm	threader	and	2	Dregg2.Circuit.Poseidon2Binding.Poseidon2SpongeCR	-
CARRIER	Dregg2.Circuit.Emit.EffectVmFullStateRunnableComplete.canary_tamper_moves_commit_of_injective	Dregg2.Circuit.Emit.EffectVmFullStateRunnableComplete	Dregg2/Circuit/Emit/EffectVmFullStateRunnableComplete.lean	387	394	thm	threader	ne	1	Dregg2.Circuit.Poseidon2Binding.Poseidon2SpongeCR	-
CARRIER	Dregg2.Circuit.Emit.HeapLeafWideEmit.wideLeafColl_refutable_of_injective	Dregg2.Circuit.Emit.HeapLeafWideEmit	Dregg2/Circuit/Emit/HeapLeafWideEmit.lean	206	211	thm	threader	not	1	Dregg2.Circuit.DeployedCapTree.Compress8CR	-
CARRIER	Dregg2.Circuit.Emit.HeapLeafWideEmit.heapLeafWide_injective_of_injective	Dregg2.Circuit.Emit.HeapLeafWideEmit	Dregg2/Circuit/Emit/HeapLeafWideEmit.lean	213	219	thm	threader	eq	1	Dregg2.Circuit.DeployedCapTree.Compress8CR	-
CARRIER	Dregg2.Circuit.Emit.MembershipDepthGeneralRung2.inj_of_cr	Dregg2.Circuit.Emit.MembershipDepthGeneralRung2	Dregg2/Circuit/Emit/MembershipDepthGeneralRung2.lean	103	106	thm	endpoint	opaque-pred	0	Dregg2.Circuit.Poseidon2Binding.Poseidon2SpongeCR	-
CARRIER	Dregg2.Circuit.Emit.MembershipDepthGeneralRung2.membership_root_binds	Dregg2.Circuit.Emit.MembershipDepthGeneralRung2	Dregg2/Circuit/Emit/MembershipDepthGeneralRung2.lean	144	155	thm	threader	and	1	Dregg2.Circuit.Poseidon2Binding.Poseidon2SpongeCR	simp
CARRIER	Dregg2.Circuit.Emit.MembershipDepthGeneralRung2.nonmember_rejected	Dregg2.Circuit.Emit.MembershipDepthGeneralRung2	Dregg2/Circuit/Emit/MembershipDepthGeneralRung2.lean	157	166	thm	threader	not	2	Dregg2.Circuit.Poseidon2Binding.Poseidon2SpongeCR	-
CARRIER	Dregg2.Circuit.Emit.MembershipDepthGeneralRung2.committed_root_determines_depth	Dregg2.Circuit.Emit.MembershipDepthGeneralRung2	Dregg2/Circuit/Emit/MembershipDepthGeneralRung2.lean	208	225	thm	threader	eq	1	Dregg2.Circuit.Poseidon2Binding.Poseidon2SpongeCR	-
CARRIER	Dregg2.Circuit.Emit.MembershipDepthGeneralRung2.membership_depth_general_sound	Dregg2.Circuit.Emit.MembershipDepthGeneralRung2	Dregg2/Circuit/Emit/MembershipDepthGeneralRung2.lean	227	245	thm	threader	and	2	Dregg2.Circuit.Poseidon2Binding.Poseidon2SpongeCR	simp
CARRIER	Dregg2.Circuit.Emit.MembershipDepthGeneralRung2.cr_soundness_fires	Dregg2.Circuit.Emit.MembershipDepthGeneralRung2	Dregg2/Circuit/Emit/MembershipDepthGeneralRung2.lean	280	287	thm	threader	and	3	Dregg2.Circuit.Poseidon2Binding.Poseidon2SpongeCR	-
CARRIER	Dregg2.Circuit.Emit.ShieldedNoteAppendDescriptor.shieldedAafi_forces_two_point_append	Dregg2.Circuit.Emit.ShieldedNoteAppendDescriptor	Dregg2/Circuit/Emit/ShieldedNoteAppendDescriptor.lean	594	613	thm	threader	exists	2	Dregg2.Circuit.Poseidon2Binding.Poseidon2SpongeCR	-
CARRIER	Dregg2.Circuit.Emit.ShieldedNoteAppendDescriptor.shieldedAafi_prior_slots_untouched	Dregg2.Circuit.Emit.ShieldedNoteAppendDescriptor	Dregg2/Circuit/Emit/ShieldedNoteAppendDescriptor.lean	615	638	thm	threader	exists	3	Dregg2.Circuit.Poseidon2Binding.Poseidon2SpongeCR	simp
CARRIER	Dregg2.Circuit.Emit.ShieldedNoteAppendDescriptor.shieldedAafi_forces_fresh_commitment	Dregg2.Circuit.Emit.ShieldedNoteAppendDescriptor	Dregg2/Circuit/Emit/ShieldedNoteAppendDescriptor.lean	640	653	thm	threader	not	4	Dregg2.Circuit.Poseidon2Binding.Poseidon2SpongeCR	-
CARRIER	Dregg2.Circuit.Emit.ShieldedNoteAppendDescriptor.shieldedAafi_preserves_sorted_chain	Dregg2.Circuit.Emit.ShieldedNoteAppendDescriptor	Dregg2/Circuit/Emit/ShieldedNoteAppendDescriptor.lean	655	667	thm	threader	and	5	Dregg2.Circuit.Poseidon2Binding.Poseidon2SpongeCR	-
CARRIER	Dregg2.Circuit.Emit.ShieldedNoteAppendDescriptor.shieldedAafi_chain_growth	Dregg2.Circuit.Emit.ShieldedNoteAppendDescriptor	Dregg2/Circuit/Emit/ShieldedNoteAppendDescriptor.lean	669	679	thm	threader	iff	4	Dregg2.Circuit.Poseidon2Binding.Poseidon2SpongeCR	-
CARRIER	Dregg2.Circuit.EngineSoundOfApex.ApexLeafBundle.mk.injEq	Dregg2.Circuit.EngineSoundOfApex	Dregg2/Circuit/EngineSoundOfApex.lean	0	0	thm	threader	eq	8	Dregg2.Circuit.StateCommit.compressInjective,Dregg2.Circuit.StateCommit.compressNInjective,Dregg2.Circuit.StateCommit.cellLeafInjective	conc-floor,auto-name
CARRIER	Dregg2.Circuit.EngineSoundOfApex.ApexLeafBundle.noConfusionType	Dregg2.Circuit.EngineSoundOfApex	Dregg2/Circuit/EngineSoundOfApex.lean	0	0	def	threader	other	4	Dregg2.Circuit.StateCommit.compressInjective,Dregg2.Circuit.StateCommit.compressNInjective,Dregg2.Circuit.StateCommit.cellLeafInjective	struct-boiler,auto-name
CARRIER	Dregg2.Circuit.EngineSoundOfApex.ApexLeafBundle.mk.sizeOf_spec	Dregg2.Circuit.EngineSoundOfApex	Dregg2/Circuit/EngineSoundOfApex.lean	0	0	thm	threader	eq	3	Dregg2.Circuit.StateCommit.compressInjective,Dregg2.Circuit.StateCommit.compressNInjective,Dregg2.Circuit.StateCommit.cellLeafInjective	conc-floor,auto-name
CARRIER	Dregg2.Circuit.EngineSoundOfApex.ApexLeafBundle.ctorIdx	Dregg2.Circuit.EngineSoundOfApex	Dregg2/Circuit/EngineSoundOfApex.lean	0	0	def	dead	opaque-pred	0	Dregg2.Circuit.StateCommit.compressInjective,Dregg2.Circuit.StateCommit.compressNInjective,Dregg2.Circuit.StateCommit.cellLeafInjective	struct-boiler
CARRIER	Dregg2.Circuit.EngineSoundOfApex.ApexLeafBundle.mk.inj	Dregg2.Circuit.EngineSoundOfApex	Dregg2/Circuit/EngineSoundOfApex.lean	0	0	thm	threader	and	7	Dregg2.Circuit.StateCommit.compressInjective,Dregg2.Circuit.StateCommit.compressNInjective,Dregg2.Circuit.StateCommit.cellLeafInjective	-
CARRIER	Dregg2.Circuit.EngineSoundOfApex.Surf	Dregg2.Circuit.EngineSoundOfApex	Dregg2/Circuit/EngineSoundOfApex.lean	117	119	def	threader	opaque-pred	2	Dregg2.Circuit.StateCommit.compressInjective,Dregg2.Circuit.StateCommit.compressNInjective,Dregg2.Circuit.StateCommit.cellLeafInjective	-
CARRIER	Dregg2.Circuit.EngineSoundOfApex.ApexLeafBundle.recOn	Dregg2.Circuit.EngineSoundOfApex	Dregg2/Circuit/EngineSoundOfApex.lean	139	159	def	threader	other	1	Dregg2.Circuit.StateCommit.compressInjective,Dregg2.Circuit.StateCommit.compressNInjective,Dregg2.Circuit.StateCommit.cellLeafInjective	struct-boiler
CARRIER	Dregg2.Circuit.EngineSoundOfApex.ApexLeafBundle	Dregg2.Circuit.EngineSoundOfApex	Dregg2/Circuit/EngineSoundOfApex.lean	139	159	induct	no-value	other	0	Dregg2.Circuit.StateCommit.compressInjective,Dregg2.Circuit.StateCommit.compressNInjective,Dregg2.Circuit.StateCommit.cellLeafInjective	-
CARRIER	Dregg2.Circuit.EngineSoundOfApex.ApexLeafBundle.mk	Dregg2.Circuit.EngineSoundOfApex	Dregg2/Circuit/EngineSoundOfApex.lean	139	139	ctor	no-value	opaque-pred	0	Dregg2.Circuit.StateCommit.compressInjective,Dregg2.Circuit.StateCommit.compressNInjective,Dregg2.Circuit.StateCommit.cellLeafInjective	struct-boiler,conc-floor
CARRIER	Dregg2.Circuit.EngineSoundOfApex.ApexLeafBundle.casesOn	Dregg2.Circuit.EngineSoundOfApex	Dregg2/Circuit/EngineSoundOfApex.lean	139	159	def	threader	other	3	Dregg2.Circuit.StateCommit.compressInjective,Dregg2.Circuit.StateCommit.compressNInjective,Dregg2.Circuit.StateCommit.cellLeafInjective	struct-boiler
CARRIER	Dregg2.Circuit.EngineSoundOfApex.ApexLeafBundle.noConfusion	Dregg2.Circuit.EngineSoundOfApex	Dregg2/Circuit/EngineSoundOfApex.lean	139	159	def	threader	opaque-pred	5	Dregg2.Circuit.StateCommit.compressInjective,Dregg2.Circuit.StateCommit.compressNInjective,Dregg2.Circuit.StateCommit.cellLeafInjective	struct-boiler,conc-floor,auto-name,transport
CARRIER	Dregg2.Circuit.EngineSoundOfApex.ApexLeafBundle.rec	Dregg2.Circuit.EngineSoundOfApex	Dregg2/Circuit/EngineSoundOfApex.lean	139	159	rec	no-value	other	0	Dregg2.Circuit.StateCommit.compressInjective,Dregg2.Circuit.StateCommit.compressNInjective,Dregg2.Circuit.StateCommit.cellLeafInjective	-
CARRIER	Dregg2.Circuit.EngineSoundOfApex.ApexLeafBundle.mk.noConfusion	Dregg2.Circuit.EngineSoundOfApex	Dregg2/Circuit/EngineSoundOfApex.lean	139	139	def	threader	other	6	Dregg2.Circuit.StateCommit.compressInjective,Dregg2.Circuit.StateCommit.compressNInjective,Dregg2.Circuit.StateCommit.cellLeafInjective	struct-boiler,auto-name
CARRIER	Dregg2.Circuit.EngineSoundOfApex.ApexLeafBundle.pi	Dregg2.Circuit.EngineSoundOfApex	Dregg2/Circuit/EngineSoundOfApex.lean	141	141	def	dead	opaque-pred	0	Dregg2.Circuit.StateCommit.compressInjective,Dregg2.Circuit.StateCommit.compressNInjective,Dregg2.Circuit.StateCommit.cellLeafInjective	struct-boiler
CARRIER	Dregg2.Circuit.EngineSoundOfApex.ApexLeafBundle.π	Dregg2.Circuit.EngineSoundOfApex	Dregg2/Circuit/EngineSoundOfApex.lean	143	143	def	dead	opaque-pred	0	Dregg2.Circuit.StateCommit.compressInjective,Dregg2.Circuit.StateCommit.compressNInjective,Dregg2.Circuit.StateCommit.cellLeafInjective	struct-boiler
CARRIER	Dregg2.Circuit.EngineSoundOfApex.ApexLeafBundle.accepts	Dregg2.Circuit.EngineSoundOfApex	Dregg2/Circuit/EngineSoundOfApex.lean	145	145	thm	dead	eq	0	Dregg2.Circuit.StateCommit.compressInjective,Dregg2.Circuit.StateCommit.compressNInjective,Dregg2.Circuit.StateCommit.cellLeafInjective	struct-boiler,conc-floor
CARRIER	Dregg2.Circuit.EngineSoundOfApex.ApexLeafBundle.cw	Dregg2.Circuit.EngineSoundOfApex	Dregg2/Circuit/EngineSoundOfApex.lean	148	148	thm	dead	opaque-pred	0	Dregg2.Circuit.StateCommit.compressInjective,Dregg2.Circuit.StateCommit.compressNInjective,Dregg2.Circuit.StateCommit.cellLeafInjective	struct-boiler,conc-floor
CARRIER	Dregg2.Circuit.EngineSoundOfApex.ApexLeafBundle.apexLowers	Dregg2.Circuit.EngineSoundOfApex	Dregg2/Circuit/EngineSoundOfApex.lean	150	150	thm	dead	eq	0	Dregg2.Circuit.StateCommit.compressInjective,Dregg2.Circuit.StateCommit.compressNInjective,Dregg2.Circuit.StateCommit.cellLeafInjective	struct-boiler
CARRIER	Dregg2.Circuit.EngineSoundOfApex.leafStep_of_bundle	Dregg2.Circuit.EngineSoundOfApex	Dregg2/Circuit/EngineSoundOfApex.lean	169	180	thm	threader	eq	3	Dregg2.Circuit.StateCommit.compressInjective,Dregg2.Circuit.StateCommit.compressNInjective,Dregg2.Circuit.StateCommit.cellLeafInjective,Dregg2.Circuit.Poseidon2Binding.Poseidon2SpongeCR	-
CARRIER	Dregg2.Circuit.EngineSoundOfApex.leafSound_of_bundles	Dregg2.Circuit.EngineSoundOfApex	Dregg2/Circuit/EngineSoundOfApex.lean	191	205	thm	threader	opaque-pred	4	Dregg2.Circuit.StateCommit.compressInjective,Dregg2.Circuit.StateCommit.compressNInjective,Dregg2.Circuit.StateCommit.cellLeafInjective,Dregg2.Circuit.Poseidon2Binding.Poseidon2SpongeCR	-
CARRIER	Dregg2.Circuit.EngineSoundOfApex.engineSound_of_apex	Dregg2.Circuit.EngineSoundOfApex	Dregg2/Circuit/EngineSoundOfApex.lean	208	237	thm	threader	opaque-pred	5	Dregg2.Circuit.StateCommit.compressInjective,Dregg2.Circuit.StateCommit.compressNInjective,Dregg2.Circuit.StateCommit.cellLeafInjective,Dregg2.Circuit.Poseidon2Binding.Poseidon2SpongeCR	-
CARRIER	Dregg2.Circuit.EngineSoundOfApex.multiTurn_rests_on_apex	Dregg2.Circuit.EngineSoundOfApex	Dregg2/Circuit/EngineSoundOfApex.lean	261	286	thm	threader	opaque-pred	6	Dregg2.Circuit.StateCommit.compressInjective,Dregg2.Circuit.StateCommit.compressNInjective,Dregg2.Circuit.StateCommit.cellLeafInjective,Dregg2.Circuit.Poseidon2Binding.Poseidon2SpongeCR	-
CARRIER	Dregg2.Circuit.EngineSoundOfApex.finalized_rests_on_apex	Dregg2.Circuit.EngineSoundOfApex	Dregg2/Circuit/EngineSoundOfApex.lean	289	317	thm	threader	opaque-pred	6	Dregg2.Circuit.StateCommit.compressInjective,Dregg2.Circuit.StateCommit.compressNInjective,Dregg2.Circuit.StateCommit.cellLeafInjective,Dregg2.Circuit.Poseidon2Binding.Poseidon2SpongeCR	-
CARRIER	Dregg2.Circuit.FactoryBindingFromFold.factory_binding_from_fold	Dregg2.Circuit.FactoryBindingFromFold	Dregg2/Circuit/FactoryBindingFromFold.lean	134	161	thm	threader	and	1	Dregg2.Circuit.Poseidon2Binding.Poseidon2SpongeCR	simp
CARRIER	Dregg2.Circuit.FactoryBindingFromFold.honest_companion_fires	Dregg2.Circuit.FactoryBindingFromFold	Dregg2/Circuit/FactoryBindingFromFold.lean	208	222	thm	threader	and	2	Dregg2.Circuit.Poseidon2Binding.Poseidon2SpongeCR	-
CARRIER	Dregg2.Circuit.FinBindsKernel.finLeafRealization	Dregg2.Circuit.FinBindsKernel	Dregg2/Circuit/FinBindsKernel.lean	73	83	def	threader	opaque-pred	1	Dregg2.Circuit.Poseidon2Binding.Poseidon2SpongeCR	-
CARRIER	Dregg2.Circuit.FinBindsKernel.CH_fin_injective	Dregg2.Circuit.FinBindsKernel	Dregg2/Circuit/FinBindsKernel.lean	85	89	thm	threader	opaque-pred	2	Dregg2.Circuit.Poseidon2Binding.Poseidon2SpongeCR	bridge
CARRIER	Dregg2.Circuit.FinBindsKernel.cellDigest_binds_cells_fin	Dregg2.Circuit.FinBindsKernel	Dregg2/Circuit/FinBindsKernel.lean	106	148	thm	threader	eq	3	Dregg2.Circuit.Poseidon2Binding.Poseidon2SpongeCR	simp
CARRIER	Dregg2.Circuit.FinBindsKernel.recStateCommit_binds_kernel_fin	Dregg2.Circuit.FinBindsKernel	Dregg2/Circuit/FinBindsKernel.lean	152	185	thm	threader	eq	3	Dregg2.Circuit.Poseidon2Binding.Poseidon2SpongeCR	-
CARRIER	Dregg2.Circuit.FinBindsKernel.recStateCommit_binds_kernel_fin_canon	Dregg2.Circuit.FinBindsKernel	Dregg2/Circuit/FinBindsKernel.lean	187	214	thm	threader	eq	4	Dregg2.Circuit.Poseidon2Binding.Poseidon2SpongeCR	-
CARRIER	Dregg2.Circuit.FinBindsKernel.collapse_breaks_binding_fin	Dregg2.Circuit.FinBindsKernel	Dregg2/Circuit/FinBindsKernel.lean	269	280	thm	embedded	and	0	Dregg2.Circuit.Poseidon2Binding.Poseidon2SpongeCR	emb-conc
CARRIER	Dregg2.Circuit.FinFrameHash.restHashIffFrame_fin	Dregg2.Circuit.FinFrameHash	Dregg2/Circuit/FinFrameHash.lean	220	225	thm	endpoint	eq	0	Dregg2.Circuit.Poseidon2Binding.Poseidon2SpongeCR	-
CARRIER	Dregg2.Circuit.FinFrameHash.restHashIffFrame_of_fin	Dregg2.Circuit.FinFrameHash	Dregg2/Circuit/FinFrameHash.lean	335	363	thm	endpoint	iff	0	Dregg2.Circuit.Poseidon2Binding.Poseidon2SpongeCR	simp
CARRIER	Dregg2.Circuit.FinFrameHash.collapsing_not_CR	Dregg2.Circuit.FinFrameHash	Dregg2/Circuit/FinFrameHash.lean	424	430	thm	embedded	not	0	Dregg2.Circuit.Poseidon2Binding.Poseidon2SpongeCR	neg-conc
CARRIER	Dregg2.Circuit.FinInjectivityCollapse.finCommitSurface	Dregg2.Circuit.FinInjectivityCollapse	Dregg2/Circuit/FinInjectivityCollapse.lean	37	45	def	threader	opaque-pred	2	Dregg2.Circuit.Poseidon2Binding.Poseidon2SpongeCR	-
CARRIER	Dregg2.Circuit.FinInjectivityCollapse.injectivity_collapses_to_poseidon2CR	Dregg2.Circuit.FinInjectivityCollapse	Dregg2/Circuit/FinInjectivityCollapse.lean	47	58	thm	threader	and	3	Dregg2.Circuit.Poseidon2Binding.Poseidon2SpongeCR	conc-floor
CARRIER	Dregg2.Circuit.FinInjectivityCollapse.finCommitSurface_leafInj	Dregg2.Circuit.FinInjectivityCollapse	Dregg2/Circuit/FinInjectivityCollapse.lean	60	63	thm	threader	eq	3	Dregg2.Circuit.Poseidon2Binding.Poseidon2SpongeCR	conc-floor
CARRIER	Dregg2.Circuit.FinInjectivityCollapse.finCommitSurface_compressN	Dregg2.Circuit.FinInjectivityCollapse	Dregg2/Circuit/FinInjectivityCollapse.lean	65	68	thm	threader	eq	3	Dregg2.Circuit.Poseidon2Binding.Poseidon2SpongeCR	conc-floor
CARRIER	Dregg2.Circuit.FinInjectivityCollapse.collapse_fires	Dregg2.Circuit.FinInjectivityCollapse	Dregg2/Circuit/FinInjectivityCollapse.lean	72	76	thm	threader	opaque-pred	4	Dregg2.Circuit.Poseidon2Binding.Poseidon2SpongeCR	bridge,conc-floor
CARRIER	Dregg2.Circuit.FinInjectivityCollapse.collapse_needs_CR	Dregg2.Circuit.FinInjectivityCollapse	Dregg2/Circuit/FinInjectivityCollapse.lean	78	81	thm	embedded	not	0	Dregg2.Circuit.Poseidon2Binding.Poseidon2SpongeCR	neg-conc,refut-witness
CARRIER	Dregg2.Circuit.FinInjectivityCollapse.finCommitSurface_binds	Dregg2.Circuit.FinInjectivityCollapse	Dregg2/Circuit/FinInjectivityCollapse.lean	86	100	thm	threader	eq	3	Dregg2.Circuit.Poseidon2Binding.Poseidon2SpongeCR	-
CARRIER	Dregg2.Circuit.FloorsNonVacuous.encodeSponge_cr	Dregg2.Circuit.FloorsNonVacuous	Dregg2/Circuit/FloorsNonVacuous.lean	72	77	thm	embedded	opaque-pred	0	Dregg2.Circuit.Poseidon2Binding.Poseidon2SpongeCR	emb-conc
CARRIER	Dregg2.Circuit.FloorsNonVacuous.poseidon2SpongeCR_inhabited	Dregg2.Circuit.FloorsNonVacuous	Dregg2/Circuit/FloorsNonVacuous.lean	79	82	thm	embedded	exists	0	Dregg2.Circuit.Poseidon2Binding.Poseidon2SpongeCR	emb-conc
CARRIER	Dregg2.Circuit.FloorsNonVacuous.poseidon2SpongeCR_separates	Dregg2.Circuit.FloorsNonVacuous	Dregg2/Circuit/FloorsNonVacuous.lean	84	93	thm	embedded	exists	0	Dregg2.Circuit.Poseidon2Binding.Poseidon2SpongeCR	emb-conc
CARRIER	Dregg2.Circuit.Freshness.spongeCompress_inj	Dregg2.Circuit.Freshness	Dregg2/Circuit/Freshness.lean	194	202	thm	endpoint	opaque-pred	0	Dregg2.Circuit.Poseidon2Binding.Poseidon2SpongeCR	bridge
CARRIER	Dregg2.Circuit.Freshness.poseidon2CommitSurface	Dregg2.Circuit.Freshness	Dregg2/Circuit/Freshness.lean	204	224	def	threader	opaque-pred	1	Dregg2.Circuit.Poseidon2Binding.Poseidon2SpongeCR	-
CARRIER	Dregg2.Circuit.Freshness.poseidon2_commit_binds_nonce	Dregg2.Circuit.Freshness	Dregg2/Circuit/Freshness.lean	226	237	thm	threader	eq	2	Dregg2.Circuit.Poseidon2Binding.Poseidon2SpongeCR	-
CARRIER	Dregg2.Circuit.Freshness.poseidon2_no_replay	Dregg2.Circuit.Freshness	Dregg2/Circuit/Freshness.lean	239	251	thm	threader	eq	2	Dregg2.Circuit.Poseidon2Binding.Poseidon2SpongeCR	-
CARRIER	Dregg2.Circuit.Freshness.collapse_not_CR	Dregg2.Circuit.Freshness	Dregg2/Circuit/Freshness.lean	255	261	thm	embedded	not	0	Dregg2.Circuit.Poseidon2Binding.Poseidon2SpongeCR	neg-conc
CARRIER	Dregg2.Circuit.FriCompressRegrounded.compressInjective_false_of_finite_range	Dregg2.Circuit.FriCompressRegrounded	Dregg2/Circuit/FriCompressRegrounded.lean	113	126	thm	embedded	not	0	Dregg2.Circuit.FriVerifier.CompressInjective	neg-conc
CARRIER	Dregg2.Circuit.FriCompressRegrounded.compressInjective_false_of_digest_width	Dregg2.Circuit.FriCompressRegrounded	Dregg2/Circuit/FriCompressRegrounded.lean	128	139	thm	embedded	not	0	Dregg2.Circuit.FriVerifier.CompressInjective	neg-conc,refut-witness
CARRIER	Dregg2.Circuit.FriCompressRegrounded.compressInjective_false_poseidon2_digest	Dregg2.Circuit.FriCompressRegrounded	Dregg2/Circuit/FriCompressRegrounded.lean	141	148	thm	embedded	not	0	Dregg2.Circuit.FriVerifier.CompressInjective	neg-conc
CARRIER	Dregg2.Circuit.FriCompressRegrounded.compressFamily_CR_of_compressInjective	Dregg2.Circuit.FriCompressRegrounded	Dregg2/Circuit/FriCompressRegrounded.lean	212	222	thm	embedded	opaque-pred	0	Dregg2.Circuit.FriVerifier.CompressInjective,Dregg2.Circuit.HashFloorHonesty.CollisionResistant	emb-conc,emb-binder
CARRIER	Dregg2.Circuit.FriCompressRegrounded.compressFamily_CR_of_injective	Dregg2.Circuit.FriCompressRegrounded	Dregg2/Circuit/FriCompressRegrounded.lean	549	558	thm	embedded	opaque-pred	0	Dregg2.Circuit.HashFloorHonesty.CollisionResistant	emb-conc
CARRIER	Dregg2.Circuit.FriFsDecodedOodRepair.positiveRadiusTraceDecode_decoded_extCons	Dregg2.Circuit.FriFsDecodedOodRepair	Dregg2/Circuit/FriFsDecodedOodRepair.lean	580	637	thm	threader	opaque-pred	1	Dregg2.Circuit.Poseidon2Binding.Poseidon2SpongeCR	simp
CARRIER	Dregg2.Circuit.FriFsDecodedOodRepair.positiveRadiusTraceDecode_transferV3_extCons	Dregg2.Circuit.FriFsDecodedOodRepair	Dregg2/Circuit/FriFsDecodedOodRepair.lean	639	663	thm	threader	opaque-pred	2	Dregg2.Circuit.Poseidon2Binding.Poseidon2SpongeCR	-
CARRIER	Dregg2.Circuit.FriFsDecodedOodRepair.positiveRadiusTraceDecode_decoded_extChallenges	Dregg2.Circuit.FriFsDecodedOodRepair	Dregg2/Circuit/FriFsDecodedOodRepair.lean	707	764	thm	threader	opaque-pred	1	Dregg2.Circuit.Poseidon2Binding.Poseidon2SpongeCR	simp
CARRIER	Dregg2.Circuit.FriFsDecodedOodRepair.positiveRadiusTraceDecode_transferV3_extChallenges	Dregg2.Circuit.FriFsDecodedOodRepair	Dregg2/Circuit/FriFsDecodedOodRepair.lean	766	789	thm	threader	opaque-pred	2	Dregg2.Circuit.Poseidon2Binding.Poseidon2SpongeCR	-
CARRIER	Dregg2.Circuit.FriFsDecodedOodRepair.positiveRadiusTraceDecode_decoded_cons	Dregg2.Circuit.FriFsDecodedOodRepair	Dregg2/Circuit/FriFsDecodedOodRepair.lean	843	874	thm	threader	opaque-pred	2	Dregg2.Circuit.Poseidon2Binding.Poseidon2SpongeCR	-
CARRIER	Dregg2.Circuit.FriFsDecodedOodRepair.positiveRadiusTraceDecode_transferV3_cons	Dregg2.Circuit.FriFsDecodedOodRepair	Dregg2/Circuit/FriFsDecodedOodRepair.lean	876	900	thm	threader	opaque-pred	3	Dregg2.Circuit.Poseidon2Binding.Poseidon2SpongeCR	-
CARRIER	Dregg2.Circuit.FriLdtExtractDeployed.hood_of_reductions_cons	Dregg2.Circuit.FriLdtExtractDeployed	Dregg2/Circuit/FriLdtExtractDeployed.lean	494	534	thm	threader	eq	0	Dregg2.Circuit.Poseidon2Binding.Poseidon2SpongeCR	simp
CARRIER	Dregg2.Circuit.FriLdtExtractDeployed.mainAirAcceptF_of_floor_cons	Dregg2.Circuit.FriLdtExtractDeployed	Dregg2/Circuit/FriLdtExtractDeployed.lean	536	566	thm	threader	opaque-pred	1	Dregg2.Circuit.Poseidon2Binding.Poseidon2SpongeCR	-
CARRIER	Dregg2.Circuit.FriLdtExtractDeployed.starkSound_of_friLdtExtractFaithful_transferV3	Dregg2.Circuit.FriLdtExtractDeployed	Dregg2/Circuit/FriLdtExtractDeployed.lean	570	626	thm	threader	opaque-pred	2	Dregg2.Circuit.Poseidon2Binding.Poseidon2SpongeCR	-
CARRIER	Dregg2.Circuit.FriLdtExtractDeployed.algoStarkSound_transferV3_cons	Dregg2.Circuit.FriLdtExtractDeployed	Dregg2/Circuit/FriLdtExtractDeployed.lean	628	661	thm	threader	opaque-pred	2	Dregg2.Circuit.Poseidon2Binding.Poseidon2SpongeCR	-
CARRIER	Dregg2.Circuit.FriSoundness.equivocation_breaks_binding	Dregg2.Circuit.FriSoundness	Dregg2/Circuit/FriSoundness.lean	371	377	thm	embedded	not	0	Dregg2.Crypto.HermineHintMLWE.HashCR	neg-conc
CARRIER	Dregg2.Circuit.FriSoundness.badOracle_equivocates	Dregg2.Circuit.FriSoundness	Dregg2/Circuit/FriSoundness.lean	599	607	thm	embedded	not	0	Dregg2.Crypto.HermineHintMLWE.HashCR	neg-conc
CARRIER	Dregg2.Circuit.FriVerifier.merkleRecompute_binds	Dregg2.Circuit.FriVerifier	Dregg2/Circuit/FriVerifier.lean	246	267	thm	endpoint	eq	0	Dregg2.Circuit.FriVerifier.CompressInjective	-
CARRIER	Dregg2.Circuit.FriVerifierBridge.lightclient_unfoolable_via_algo	Dregg2.Circuit.FriVerifierBridge	Dregg2/Circuit/FriVerifierBridge.lean	116	160	thm	threader	exists	2	Dregg2.Circuit.Poseidon2Binding.Poseidon2SpongeCR	uses-propdef
CARRIER	Dregg2.Circuit.GroundedApex.engineSound_grounded	Dregg2.Circuit.GroundedApex	Dregg2/Circuit/GroundedApex.lean	106	136	thm	threader	opaque-pred	5	Dregg2.Circuit.Poseidon2Binding.Poseidon2SpongeCR	-
CARRIER	Dregg2.Circuit.GroundedApex.engineSound_grounded_v2	Dregg2.Circuit.GroundedApex	Dregg2/Circuit/GroundedApex.lean	149	167	thm	threader	opaque-pred	6	Dregg2.Circuit.Poseidon2Binding.Poseidon2SpongeCR	-
CARRIER	Dregg2.Circuit.GroundedApex.light_client_verifies_whole_history_grounded	Dregg2.Circuit.GroundedApex	Dregg2/Circuit/GroundedApex.lean	171	194	thm	threader	opaque-pred	6	Dregg2.Circuit.Poseidon2Binding.Poseidon2SpongeCR	-
CARRIER	Dregg2.Circuit.GroundedApex.light_client_verifies_whole_history_grounded_v2	Dregg2.Circuit.GroundedApex	Dregg2/Circuit/GroundedApex.lean	196	222	thm	threader	opaque-pred	7	Dregg2.Circuit.Poseidon2Binding.Poseidon2SpongeCR	-
CARRIER	Dregg2.Circuit.GroundedApex.lightclient_unfoolable_grounded	Dregg2.Circuit.GroundedApex	Dregg2/Circuit/GroundedApex.lean	226	249	thm	threader	exists	3	Dregg2.Circuit.Poseidon2Binding.Poseidon2SpongeCR	uses-propdef
CARRIER	Dregg2.Circuit.GroundedApex.lightclient_unfoolable_grounded_live	Dregg2.Circuit.GroundedApex	Dregg2/Circuit/GroundedApex.lean	251	295	thm	threader	exists	8	Dregg2.Circuit.StateCommit.compressInjective,Dregg2.Circuit.StateCommit.compressNInjective,Dregg2.Circuit.StateCommit.cellLeafInjective,Dregg2.Circuit.Poseidon2Binding.Poseidon2SpongeCR	conc-floor
CARRIER	Dregg2.Circuit.GroundedApex.engineSound_grounded_constructs	Dregg2.Circuit.GroundedApex	Dregg2/Circuit/GroundedApex.lean	305	322	thm	threader	opaque-pred	6	Dregg2.Circuit.Poseidon2Binding.Poseidon2SpongeCR	-
CARRIER	Dregg2.Circuit.GroundedApex.grounded_light_client_fires	Dregg2.Circuit.GroundedApex	Dregg2/Circuit/GroundedApex.lean	324	355	thm	threader	eq	7	Dregg2.Circuit.Poseidon2Binding.Poseidon2SpongeCR	simp
CARRIER	Dregg2.Circuit.GroundedApex.grounded_light_client_fires_v2	Dregg2.Circuit.GroundedApex	Dregg2/Circuit/GroundedApex.lean	357	389	thm	threader	eq	8	Dregg2.Circuit.Poseidon2Binding.Poseidon2SpongeCR	simp
CARRIER	Dregg2.Circuit.GroundedApex.lightclient_unfoolable_grounded_fires	Dregg2.Circuit.GroundedApex	Dregg2/Circuit/GroundedApex.lean	391	409	thm	threader	exists	4	Dregg2.Circuit.Poseidon2Binding.Poseidon2SpongeCR	uses-propdef
CARRIER	Dregg2.Circuit.HashFloorHonesty.poseidon2SpongeCR_false_of_finite_range	Dregg2.Circuit.HashFloorHonesty	Dregg2/Circuit/HashFloorHonesty.lean	100	106	thm	embedded	not	0	Dregg2.Circuit.Poseidon2Binding.Poseidon2SpongeCR	neg-conc
CARRIER	Dregg2.Circuit.HashFloorHonesty.compressNInjective_false_of_finite_range	Dregg2.Circuit.HashFloorHonesty	Dregg2/Circuit/HashFloorHonesty.lean	108	112	thm	embedded	not	0	Dregg2.Circuit.StateCommit.compressNInjective	neg-conc,refut-witness
CARRIER	Dregg2.Circuit.HashFloorHonesty.poseidon2SpongeCR_false_babyBear	Dregg2.Circuit.HashFloorHonesty	Dregg2/Circuit/HashFloorHonesty.lean	121	127	thm	embedded	not	0	Dregg2.Circuit.Poseidon2Binding.Poseidon2SpongeCR	neg-conc
CARRIER	Dregg2.Circuit.HashFloorHonesty.compressInjective_false_of_finite_range	Dregg2.Circuit.HashFloorHonesty	Dregg2/Circuit/HashFloorHonesty.lean	129	138	thm	embedded	not	0	Dregg2.Circuit.StateCommit.compressInjective	neg-conc,refut-witness
CARRIER	Dregg2.Circuit.HashFloorHonesty.hashCR_false_of_compressing	Dregg2.Circuit.HashFloorHonesty	Dregg2/Circuit/HashFloorHonesty.lean	140	148	thm	embedded	not	0	Dregg2.Crypto.HermineHintMLWE.HashCR	neg-conc
CARRIER	Dregg2.Circuit.HashFloorHonesty.brokenFamily_not_CR	Dregg2.Circuit.HashFloorHonesty	Dregg2/Circuit/HashFloorHonesty.lean	228	241	thm	embedded	not	0	Dregg2.Circuit.HashFloorHonesty.CollisionResistant	neg-conc
CARRIER	Dregg2.Circuit.HashFloorHonesty.idFamily_CR	Dregg2.Circuit.HashFloorHonesty	Dregg2/Circuit/HashFloorHonesty.lean	259	272	thm	embedded	opaque-pred	0	Dregg2.Circuit.HashFloorHonesty.CollisionResistant	emb-conc
CARRIER	Dregg2.Circuit.HashFloorHonesty.injective_family_CR	Dregg2.Circuit.HashFloorHonesty	Dregg2/Circuit/HashFloorHonesty.lean	320	339	thm	embedded	opaque-pred	0	Dregg2.Circuit.HashFloorHonesty.CollisionResistant	emb-conc
CARRIER	Dregg2.Circuit.HashFloorHonesty.equivocation_advantage_negligible	Dregg2.Circuit.HashFloorHonesty	Dregg2/Circuit/HashFloorHonesty.lean	348	355	thm	endpoint	opaque-pred	0	Dregg2.Circuit.HashFloorHonesty.CollisionResistant	-
CARRIER	Dregg2.Circuit.HashFloorHonesty.friFold_advantage_negligible	Dregg2.Circuit.HashFloorHonesty	Dregg2/Circuit/HashFloorHonesty.lean	357	367	thm	endpoint	opaque-pred	0	Dregg2.Circuit.HashFloorHonesty.CollisionResistant	-
CARRIER	Dregg2.Circuit.HatcheryBindingFromFold.hatchery_binding_from_fold	Dregg2.Circuit.HatcheryBindingFromFold	Dregg2/Circuit/HatcheryBindingFromFold.lean	116	137	thm	threader	and	1	Dregg2.Circuit.Poseidon2Binding.Poseidon2SpongeCR	simp
CARRIER	Dregg2.Circuit.HatcheryBindingFromFold.honest_companion_fires	Dregg2.Circuit.HatcheryBindingFromFold	Dregg2/Circuit/HatcheryBindingFromFold.lean	181	194	thm	threader	and	2	Dregg2.Circuit.Poseidon2Binding.Poseidon2SpongeCR	-
CARRIER	Dregg2.Circuit.IndexedMerkleTree.noImtLeafColl_of_CR	Dregg2.Circuit.IndexedMerkleTree	Dregg2/Circuit/IndexedMerkleTree.lean	164	167	thm	endpoint	not	0	Dregg2.Circuit.Poseidon2Binding.Poseidon2SpongeCR	-
CARRIER	Dregg2.Circuit.IndexedMerkleTree.noImtLeafCollIn_of_CR	Dregg2.Circuit.IndexedMerkleTree	Dregg2/Circuit/IndexedMerkleTree.lean	175	179	thm	endpoint	not	0	Dregg2.Circuit.Poseidon2Binding.Poseidon2SpongeCR	-
CARRIER	Dregg2.Circuit.IndexedMerkleTree.aafiGates_force_imtAbsent	Dregg2.Circuit.IndexedMerkleTree	Dregg2/Circuit/IndexedMerkleTree.lean	676	689	thm	threader	opaque-pred	2	Dregg2.Circuit.Poseidon2Binding.Poseidon2SpongeCR	-
CARRIER	Dregg2.Circuit.IndexedMerkleTree.aafiGates_force_sortedKeys	Dregg2.Circuit.IndexedMerkleTree	Dregg2/Circuit/IndexedMerkleTree.lean	691	705	thm	threader	and	3	Dregg2.Circuit.Poseidon2Binding.Poseidon2SpongeCR	-
CARRIER	Dregg2.Circuit.IndexedMerkleTree.aafiGates_force_lowMem_layout	Dregg2.Circuit.IndexedMerkleTree	Dregg2/Circuit/IndexedMerkleTree.lean	712	728	thm	threader	opaque-pred	2	Dregg2.Circuit.Poseidon2Binding.Poseidon2SpongeCR	-
CARRIER	Dregg2.Circuit.IndexedMerkleTree.aafiGates_force_imtAbsent_layout	Dregg2.Circuit.IndexedMerkleTree	Dregg2/Circuit/IndexedMerkleTree.lean	730	744	thm	threader	opaque-pred	3	Dregg2.Circuit.Poseidon2Binding.Poseidon2SpongeCR	-
CARRIER	Dregg2.Circuit.IndexedMerkleTree.aafiGates_force_sortedKeys_layout	Dregg2.Circuit.IndexedMerkleTree	Dregg2/Circuit/IndexedMerkleTree.lean	746	762	thm	threader	and	4	Dregg2.Circuit.Poseidon2Binding.Poseidon2SpongeCR	-
CARRIER	Dregg2.Circuit.IndexedMerkleTree.aafiReachableL_sorted	Dregg2.Circuit.IndexedMerkleTree	Dregg2/Circuit/IndexedMerkleTree.lean	779	788	thm	threader	opaque-pred	4	Dregg2.Circuit.Poseidon2Binding.Poseidon2SpongeCR	-
CARRIER	Dregg2.Circuit.IndexedMerkleTree.aafiChainL_canonicalHeapExtract	Dregg2.Circuit.IndexedMerkleTree	Dregg2/Circuit/IndexedMerkleTree.lean	790	797	thm	threader	opaque-pred	5	Dregg2.Circuit.Poseidon2Binding.Poseidon2SpongeCR	-
CARRIER	Dregg2.Circuit.IndexedMerkleTree.aafiReachable_sorted	Dregg2.Circuit.IndexedMerkleTree	Dregg2/Circuit/IndexedMerkleTree.lean	812	821	thm	threader	opaque-pred	3	Dregg2.Circuit.Poseidon2Binding.Poseidon2SpongeCR	-
CARRIER	Dregg2.Circuit.IndexedMerkleTree.aafiChain_canonicalHeapExtract	Dregg2.Circuit.IndexedMerkleTree	Dregg2/Circuit/IndexedMerkleTree.lean	823	832	thm	threader	opaque-pred	4	Dregg2.Circuit.Poseidon2Binding.Poseidon2SpongeCR	-
CARRIER	Dregg2.Circuit.IndexedMerkleTree.aafiReachableL_toReachable	Dregg2.Circuit.IndexedMerkleTree	Dregg2/Circuit/IndexedMerkleTree.lean	834	844	thm	threader	opaque-pred	3	Dregg2.Circuit.Poseidon2Binding.Poseidon2SpongeCR	-
CARRIER	Dregg2.Circuit.Inst.AttenuateA.attenuateA_full_sound	Dregg2.Circuit.Inst.attenuateA	Dregg2/Circuit/Inst/attenuateA.lean	231	247	thm	threader	opaque-pred	1	Dregg2.Circuit.StateCommit.logHashInjective	inj-spelled
CARRIER	Dregg2.Circuit.Inst.BalanceA.balanceA_full_sound	Dregg2.Circuit.Inst.balanceA	Dregg2/Circuit/Inst/balanceA.lean	196	211	thm	threader	opaque-pred	1	Dregg2.Circuit.StateCommit.logHashInjective	inj-spelled
CARRIER	Dregg2.Circuit.Inst.BridgeMintA.bridgeMintA_full_sound	Dregg2.Circuit.Inst.bridgeMintA	Dregg2/Circuit/Inst/bridgeMintA.lean	182	198	thm	threader	opaque-pred	1	Dregg2.Circuit.StateCommit.logHashInjective	inj-spelled
CARRIER	Dregg2.Circuit.Inst.BurnA.burnA_full_sound	Dregg2.Circuit.Inst.burnA	Dregg2/Circuit/Inst/burnA.lean	188	203	thm	threader	opaque-pred	1	Dregg2.Circuit.StateCommit.logHashInjective	inj-spelled
CARRIER	Dregg2.Circuit.Inst.CellDestroyA.cellDestroyA_full_sound	Dregg2.Circuit.Inst.cellDestroyA	Dregg2/Circuit/Inst/cellDestroyA.lean	160	172	thm	threader	opaque-pred	1	Dregg2.Circuit.StateCommit.logHashInjective	inj-spelled
CARRIER	Dregg2.Circuit.Inst.CellSealA.cellSealA_full_sound	Dregg2.Circuit.Inst.cellSealA	Dregg2/Circuit/Inst/cellSealA.lean	144	153	thm	threader	opaque-pred	1	Dregg2.Circuit.StateCommit.logHashInjective	inj-spelled
CARRIER	Dregg2.Circuit.Inst.CellUnsealA.cellUnsealA_full_sound	Dregg2.Circuit.Inst.cellUnsealA	Dregg2/Circuit/Inst/cellUnsealA.lean	144	153	thm	threader	opaque-pred	1	Dregg2.Circuit.StateCommit.logHashInjective	inj-spelled
CARRIER	Dregg2.Circuit.Inst.CreateCellA.accountsComp	Dregg2.Circuit.Inst.createCellA	Dregg2/Circuit/Inst/createCellA.lean	94	97	def	threader	opaque-pred	2	Dregg2.Circuit.StateCommit.compressNInjective	-
CARRIER	Dregg2.Circuit.Inst.CreateCellA.createCellE	Dregg2.Circuit.Inst.createCellA	Dregg2/Circuit/Inst/createCellA.lean	107	130	def	threader	opaque-pred	3	Dregg2.Circuit.StateCommit.compressNInjective	inj-spelled
CARRIER	Dregg2.Circuit.Inst.CreateCellA.createCellGuardDecodes	Dregg2.Circuit.Inst.createCellA	Dregg2/Circuit/Inst/createCellA.lean	134	144	thm	threader	opaque-pred	4	Dregg2.Circuit.StateCommit.compressNInjective	inj-spelled,conc-floor,simp
CARRIER	Dregg2.Circuit.Inst.CreateCellA.createCellGuardEncodes	Dregg2.Circuit.Inst.createCellA	Dregg2/Circuit/Inst/createCellA.lean	146	157	thm	threader	opaque-pred	4	Dregg2.Circuit.StateCommit.compressNInjective	inj-spelled,conc-floor,simp
CARRIER	Dregg2.Circuit.Inst.CreateCellA.createCellRestFrameDecodes	Dregg2.Circuit.Inst.createCellA	Dregg2/Circuit/Inst/createCellA.lean	159	167	thm	threader	opaque-pred	4	Dregg2.Circuit.StateCommit.compressNInjective	inj-spelled,conc-floor
CARRIER	Dregg2.Circuit.Inst.CreateCellA.createCellRestFrameEncodes	Dregg2.Circuit.Inst.createCellA	Dregg2/Circuit/Inst/createCellA.lean	169	175	thm	threader	opaque-pred	4	Dregg2.Circuit.StateCommit.compressNInjective	inj-spelled,conc-floor
CARRIER	Dregg2.Circuit.Inst.CreateCellA.apex_iff_createCellSpec	Dregg2.Circuit.Inst.createCellA	Dregg2/Circuit/Inst/createCellA.lean	179	196	thm	threader	iff	4	Dregg2.Circuit.StateCommit.compressNInjective	inj-spelled,conc-floor
CARRIER	Dregg2.Circuit.Inst.CreateCellA.createCellA_full_sound	Dregg2.Circuit.Inst.createCellA	Dregg2/Circuit/Inst/createCellA.lean	200	216	thm	threader	opaque-pred	5	Dregg2.Circuit.StateCommit.compressNInjective,Dregg2.Circuit.StateCommit.logHashInjective	inj-spelled
CARRIER	Dregg2.Circuit.Inst.CreateCellFromFactoryA.accountsComp	Dregg2.Circuit.Inst.createCellFromFactoryA	Dregg2/Circuit/Inst/createCellFromFactoryA.lean	137	140	def	threader	opaque-pred	2	Dregg2.Circuit.StateCommit.compressNInjective	-
CARRIER	Dregg2.Circuit.Inst.CreateCellFromFactoryA.createFromFactoryE	Dregg2.Circuit.Inst.createCellFromFactoryA	Dregg2/Circuit/Inst/createCellFromFactoryA.lean	158	185	def	threader	opaque-pred	3	Dregg2.Circuit.StateCommit.compressNInjective	inj-spelled
CARRIER	Dregg2.Circuit.Inst.CreateCellFromFactoryA.createFromFactoryE_guardDecidable	Dregg2.Circuit.Inst.createCellFromFactoryA	Dregg2/Circuit/Inst/createCellFromFactoryA.lean	187	196	def	threader	opaque-pred	4	Dregg2.Circuit.StateCommit.compressNInjective	inj-spelled,conc-floor
CARRIER	Dregg2.Circuit.Inst.CreateCellFromFactoryA.createFromFactoryGuardDecodes	Dregg2.Circuit.Inst.createCellFromFactoryA	Dregg2/Circuit/Inst/createCellFromFactoryA.lean	200	213	thm	threader	opaque-pred	4	Dregg2.Circuit.StateCommit.compressNInjective	inj-spelled,conc-floor,simp
CARRIER	Dregg2.Circuit.Inst.CreateCellFromFactoryA.createFromFactoryGuardEncodes	Dregg2.Circuit.Inst.createCellFromFactoryA	Dregg2/Circuit/Inst/createCellFromFactoryA.lean	215	228	thm	threader	opaque-pred	4	Dregg2.Circuit.StateCommit.compressNInjective	inj-spelled,conc-floor,simp
CARRIER	Dregg2.Circuit.Inst.CreateCellFromFactoryA.createFromFactoryRestFrameDecodes	Dregg2.Circuit.Inst.createCellFromFactoryA	Dregg2/Circuit/Inst/createCellFromFactoryA.lean	230	241	thm	threader	opaque-pred	4	Dregg2.Circuit.StateCommit.compressNInjective	inj-spelled,conc-floor
CARRIER	Dregg2.Circuit.Inst.CreateCellFromFactoryA.apex_iff_createFromFactoryCircuitSpec	Dregg2.Circuit.Inst.createCellFromFactoryA	Dregg2/Circuit/Inst/createCellFromFactoryA.lean	275	299	thm	threader	iff	4	Dregg2.Circuit.StateCommit.compressNInjective	inj-spelled,conc-floor,simp
CARRIER	Dregg2.Circuit.Inst.CreateCellFromFactoryA.createCellFromFactoryA_full_sound	Dregg2.Circuit.Inst.createCellFromFactoryA	Dregg2/Circuit/Inst/createCellFromFactoryA.lean	303	326	thm	threader	opaque-pred	5	Dregg2.Circuit.StateCommit.compressNInjective,Dregg2.Circuit.StateCommit.logHashInjective	inj-spelled
CARRIER	Dregg2.Circuit.Inst.Delegate.delegate_full_sound	Dregg2.Circuit.Inst.delegate	Dregg2/Circuit/Inst/delegate.lean	228	244	thm	threader	opaque-pred	1	Dregg2.Circuit.StateCommit.logHashInjective	inj-spelled
CARRIER	Dregg2.Circuit.Inst.DelegateAttenA.delegateAttenA_full_sound	Dregg2.Circuit.Inst.delegateAttenA	Dregg2/Circuit/Inst/delegateAttenA.lean	238	254	thm	threader	opaque-pred	1	Dregg2.Circuit.StateCommit.logHashInjective	inj-spelled
CARRIER	Dregg2.Circuit.Inst.EmitEventA.emitEventA_full_sound	Dregg2.Circuit.Inst.emitEventA	Dregg2/Circuit/Inst/emitEventA.lean	174	187	thm	threader	opaque-pred	2	Dregg2.Circuit.StateCommit.compressNInjective,Dregg2.Circuit.StateCommit.cellLeafInjective,Dregg2.Circuit.StateCommit.logHashInjective	-
CARRIER	Dregg2.Circuit.Inst.ExerciseA.exerciseA_full_sound	Dregg2.Circuit.Inst.exerciseA	Dregg2/Circuit/Inst/exerciseA.lean	204	218	thm	threader	opaque-pred	2	Dregg2.Circuit.StateCommit.compressNInjective,Dregg2.Circuit.StateCommit.cellLeafInjective,Dregg2.Circuit.StateCommit.logHashInjective	-
CARRIER	Dregg2.Circuit.Inst.ExerciseA.exercise_circuit_refines_hold_spec	Dregg2.Circuit.Inst.exerciseA	Dregg2/Circuit/Inst/exerciseA.lean	240	249	thm	threader	opaque-pred	3	Dregg2.Circuit.StateCommit.compressNInjective,Dregg2.Circuit.StateCommit.cellLeafInjective,Dregg2.Circuit.StateCommit.logHashInjective	-
CARRIER	Dregg2.Circuit.Inst.ExerciseA.exercise_circuit_refines_spec	Dregg2.Circuit.Inst.exerciseA	Dregg2/Circuit/Inst/exerciseA.lean	251	272	thm	threader	opaque-pred	4	Dregg2.Circuit.StateCommit.compressNInjective,Dregg2.Circuit.StateCommit.cellLeafInjective,Dregg2.Circuit.StateCommit.logHashInjective	-
CARRIER	Dregg2.Circuit.Inst.ExerciseA.exercise_circuit_refines_exec	Dregg2.Circuit.Inst.exerciseA	Dregg2/Circuit/Inst/exerciseA.lean	274	291	thm	threader	eq	5	Dregg2.Circuit.StateCommit.compressNInjective,Dregg2.Circuit.StateCommit.cellLeafInjective,Dregg2.Circuit.StateCommit.logHashInjective	-
CARRIER	Dregg2.Circuit.Inst.HeapWriteA.heapWriteA_full_sound	Dregg2.Circuit.Inst.heapWriteA	Dregg2/Circuit/Inst/heapWriteA.lean	188	206	thm	threader	opaque-pred	1	Dregg2.Circuit.StateCommit.logHashInjective	inj-spelled
CARRIER	Dregg2.Circuit.Inst.IncrementNonceA.incrementNonceA_full_sound	Dregg2.Circuit.Inst.incrementNonceA	Dregg2/Circuit/Inst/incrementNonceA.lean	173	187	thm	threader	opaque-pred	2	Dregg2.Circuit.StateCommit.compressNInjective,Dregg2.Circuit.StateCommit.cellLeafInjective,Dregg2.Circuit.StateCommit.logHashInjective	-
CARRIER	Dregg2.Circuit.Inst.IntroduceA.introduceA_full_sound	Dregg2.Circuit.Inst.introduceA	Dregg2/Circuit/Inst/introduceA.lean	234	250	thm	threader	opaque-pred	1	Dregg2.Circuit.StateCommit.logHashInjective	inj-spelled
CARRIER	Dregg2.Circuit.Inst.MakeSovereignA.makeSovereignA_full_sound	Dregg2.Circuit.Inst.makeSovereignA	Dregg2/Circuit/Inst/makeSovereignA.lean	173	187	thm	threader	opaque-pred	2	Dregg2.Circuit.StateCommit.compressNInjective,Dregg2.Circuit.StateCommit.cellLeafInjective,Dregg2.Circuit.StateCommit.logHashInjective	-
CARRIER	Dregg2.Circuit.Inst.MintA.mintA_full_sound	Dregg2.Circuit.Inst.mintA	Dregg2/Circuit/Inst/mintA.lean	187	202	thm	threader	opaque-pred	1	Dregg2.Circuit.StateCommit.logHashInjective	inj-spelled
CARRIER	Dregg2.Circuit.Inst.NoteCreateA.commitsComponent	Dregg2.Circuit.Inst.noteCreateA	Dregg2/Circuit/Inst/noteCreateA.lean	124	131	def	threader	opaque-pred	2	Dregg2.Circuit.StateCommit.compressNInjective	-
CARRIER	Dregg2.Circuit.Inst.NoteCreateA.noteCreateE	Dregg2.Circuit.Inst.noteCreateA	Dregg2/Circuit/Inst/noteCreateA.lean	133	155	def	threader	opaque-pred	3	Dregg2.Circuit.StateCommit.compressNInjective	-
CARRIER	Dregg2.Circuit.Inst.NoteCreateA.noteCreateGuardDecodes	Dregg2.Circuit.Inst.noteCreateA	Dregg2/Circuit/Inst/noteCreateA.lean	159	168	thm	threader	opaque-pred	4	Dregg2.Circuit.StateCommit.compressNInjective	conc-floor,simp
CARRIER	Dregg2.Circuit.Inst.NoteCreateA.noteCreateGuardEncodes	Dregg2.Circuit.Inst.noteCreateA	Dregg2/Circuit/Inst/noteCreateA.lean	170	180	thm	threader	opaque-pred	4	Dregg2.Circuit.StateCommit.compressNInjective	conc-floor,simp
CARRIER	Dregg2.Circuit.Inst.NoteCreateA.noteCreateRestFrameDecodes	Dregg2.Circuit.Inst.noteCreateA	Dregg2/Circuit/Inst/noteCreateA.lean	182	185	thm	dead	opaque-pred	0	Dregg2.Circuit.StateCommit.compressNInjective	conc-floor
CARRIER	Dregg2.Circuit.Inst.NoteCreateA.apex_iff_noteCreateASpec	Dregg2.Circuit.Inst.noteCreateA	Dregg2/Circuit/Inst/noteCreateA.lean	194	216	thm	threader	iff	4	Dregg2.Circuit.StateCommit.compressNInjective	conc-floor
CARRIER	Dregg2.Circuit.Inst.NoteCreateA.noteCreateA_full_sound	Dregg2.Circuit.Inst.noteCreateA	Dregg2/Circuit/Inst/noteCreateA.lean	220	237	thm	threader	opaque-pred	5	Dregg2.Circuit.StateCommit.compressNInjective,Dregg2.Circuit.StateCommit.logHashInjective	-
CARRIER	Dregg2.Circuit.Inst.NoteSpendA.nullsComponent	Dregg2.Circuit.Inst.noteSpendA	Dregg2/Circuit/Inst/noteSpendA.lean	119	126	def	threader	opaque-pred	2	Dregg2.Circuit.StateCommit.compressNInjective	-
CARRIER	Dregg2.Circuit.Inst.NoteSpendA.noteSpendE	Dregg2.Circuit.Inst.noteSpendA	Dregg2/Circuit/Inst/noteSpendA.lean	128	150	def	threader	opaque-pred	3	Dregg2.Circuit.StateCommit.compressNInjective	-
CARRIER	Dregg2.Circuit.Inst.NoteSpendA.noteSpendGuardDecodes	Dregg2.Circuit.Inst.noteSpendA	Dregg2/Circuit/Inst/noteSpendA.lean	154	163	thm	threader	opaque-pred	4	Dregg2.Circuit.StateCommit.compressNInjective	conc-floor,simp
CARRIER	Dregg2.Circuit.Inst.NoteSpendA.noteSpendGuardEncodes	Dregg2.Circuit.Inst.noteSpendA	Dregg2/Circuit/Inst/noteSpendA.lean	165	175	thm	threader	opaque-pred	4	Dregg2.Circuit.StateCommit.compressNInjective	conc-floor,simp
CARRIER	Dregg2.Circuit.Inst.NoteSpendA.noteSpendRestFrameDecodes	Dregg2.Circuit.Inst.noteSpendA	Dregg2/Circuit/Inst/noteSpendA.lean	177	181	thm	dead	opaque-pred	0	Dregg2.Circuit.StateCommit.compressNInjective	conc-floor
CARRIER	Dregg2.Circuit.Inst.NoteSpendA.apex_iff_noteSpendSpec	Dregg2.Circuit.Inst.noteSpendA	Dregg2/Circuit/Inst/noteSpendA.lean	192	214	thm	threader	iff	4	Dregg2.Circuit.StateCommit.compressNInjective	conc-floor
CARRIER	Dregg2.Circuit.Inst.NoteSpendA.noteSpendA_full_sound	Dregg2.Circuit.Inst.noteSpendA	Dregg2/Circuit/Inst/noteSpendA.lean	218	237	thm	threader	opaque-pred	5	Dregg2.Circuit.StateCommit.compressNInjective,Dregg2.Circuit.StateCommit.logHashInjective	-
CARRIER	Dregg2.Circuit.Inst.PipelinedSendA.pipelinedSendA_full_sound	Dregg2.Circuit.Inst.pipelinedSendA	Dregg2/Circuit/Inst/pipelinedSendA.lean	162	176	thm	threader	opaque-pred	2	Dregg2.Circuit.StateCommit.compressNInjective,Dregg2.Circuit.StateCommit.cellLeafInjective,Dregg2.Circuit.StateCommit.logHashInjective	-
CARRIER	Dregg2.Circuit.Inst.ReceiptArchiveA.receiptArchiveA_full_sound	Dregg2.Circuit.Inst.receiptArchiveA	Dregg2/Circuit/Inst/receiptArchiveA.lean	172	186	thm	threader	opaque-pred	2	Dregg2.Circuit.StateCommit.compressNInjective,Dregg2.Circuit.StateCommit.cellLeafInjective,Dregg2.Circuit.StateCommit.logHashInjective	-
CARRIER	Dregg2.Circuit.Inst.ReceiptArchiveLifecycleA.receiptArchiveLifecycleA_full_sound	Dregg2.Circuit.Inst.receiptArchiveLifecycleA	Dregg2/Circuit/Inst/receiptArchiveLifecycleA.lean	157	167	thm	threader	opaque-pred	1	Dregg2.Circuit.StateCommit.logHashInjective	inj-spelled
CARRIER	Dregg2.Circuit.Inst.RefreshDelegationA.refreshDelegationA_full_sound	Dregg2.Circuit.Inst.refreshDelegationA	Dregg2/Circuit/Inst/refreshDelegationA.lean	168	182	thm	threader	opaque-pred	1	Dregg2.Circuit.StateCommit.logHashInjective	inj-spelled
CARRIER	Dregg2.Circuit.Inst.RefusalA.refusalA_full_sound	Dregg2.Circuit.Inst.refusalA	Dregg2/Circuit/Inst/refusalA.lean	178	193	thm	threader	opaque-pred	2	Dregg2.Circuit.StateCommit.compressNInjective,Dregg2.Circuit.StateCommit.cellLeafInjective,Dregg2.Circuit.StateCommit.logHashInjective	-
CARRIER	Dregg2.Circuit.Inst.Revoke.revoke_full_sound	Dregg2.Circuit.Inst.revoke	Dregg2/Circuit/Inst/revoke.lean	234	251	thm	threader	opaque-pred	1	Dregg2.Circuit.StateCommit.logHashInjective	inj-spelled
CARRIER	Dregg2.Circuit.Inst.RevokeDelegationA.revokeDelegationA_full_sound	Dregg2.Circuit.Inst.revokeDelegationA	Dregg2/Circuit/Inst/revokeDelegationA.lean	224	240	thm	threader	opaque-pred	1	Dregg2.Circuit.StateCommit.logHashInjective	inj-spelled
CARRIER	Dregg2.Circuit.Inst.RevokeDelegationFullA.revokeDelegationFull_full_sound	Dregg2.Circuit.Inst.revokeDelegationFullA	Dregg2/Circuit/Inst/revokeDelegationFullA.lean	240	261	thm	threader	opaque-pred	1	Dregg2.Circuit.StateCommit.logHashInjective	inj-spelled
CARRIER	Dregg2.Circuit.Inst.RevokeDelegationFullA.revokeDelegationFull_rejects_frozen_epoch	Dregg2.Circuit.Inst.revokeDelegationFullA	Dregg2/Circuit/Inst/revokeDelegationFullA.lean	263	282	thm	threader	not	2	Dregg2.Circuit.StateCommit.logHashInjective	inj-spelled,simp
CARRIER	Dregg2.Circuit.Inst.SetPermissionsA.setPermissionsA_full_sound	Dregg2.Circuit.Inst.setPermissionsA	Dregg2/Circuit/Inst/setPermissionsA.lean	183	198	thm	threader	opaque-pred	2	Dregg2.Circuit.StateCommit.compressNInjective,Dregg2.Circuit.StateCommit.cellLeafInjective,Dregg2.Circuit.StateCommit.logHashInjective	-
CARRIER	Dregg2.Circuit.Inst.SetProgramA.setProgramA_full_sound	Dregg2.Circuit.Inst.setProgramA	Dregg2/Circuit/Inst/setProgramA.lean	172	187	thm	threader	opaque-pred	2	Dregg2.Circuit.StateCommit.compressNInjective,Dregg2.Circuit.StateCommit.cellLeafInjective,Dregg2.Circuit.StateCommit.logHashInjective	-
CARRIER	Dregg2.Circuit.Inst.SetVKA.setVKA_full_sound	Dregg2.Circuit.Inst.setVKA	Dregg2/Circuit/Inst/setVKA.lean	177	192	thm	threader	opaque-pred	2	Dregg2.Circuit.StateCommit.compressNInjective,Dregg2.Circuit.StateCommit.cellLeafInjective,Dregg2.Circuit.StateCommit.logHashInjective	-
CARRIER	Dregg2.Circuit.Inst.SpawnA.accountsComp	Dregg2.Circuit.Inst.spawnA	Dregg2/Circuit/Inst/spawnA.lean	96	99	def	threader	opaque-pred	2	Dregg2.Circuit.StateCommit.compressNInjective	-
CARRIER	Dregg2.Circuit.Inst.SpawnA.spawnE	Dregg2.Circuit.Inst.spawnA	Dregg2/Circuit/Inst/spawnA.lean	129	155	def	threader	opaque-pred	3	Dregg2.Circuit.StateCommit.compressNInjective	inj-spelled
CARRIER	Dregg2.Circuit.Inst.SpawnA.spawnE_guardDecidable	Dregg2.Circuit.Inst.spawnA	Dregg2/Circuit/Inst/spawnA.lean	157	165	def	threader	opaque-pred	4	Dregg2.Circuit.StateCommit.compressNInjective	inj-spelled,conc-floor
CARRIER	Dregg2.Circuit.Inst.SpawnA.spawnGuardDecodes	Dregg2.Circuit.Inst.spawnA	Dregg2/Circuit/Inst/spawnA.lean	169	180	thm	threader	opaque-pred	4	Dregg2.Circuit.StateCommit.compressNInjective	inj-spelled,conc-floor,simp
CARRIER	Dregg2.Circuit.Inst.SpawnA.spawnGuardEncodes	Dregg2.Circuit.Inst.spawnA	Dregg2/Circuit/Inst/spawnA.lean	182	195	thm	threader	opaque-pred	4	Dregg2.Circuit.StateCommit.compressNInjective	inj-spelled,conc-floor,simp
CARRIER	Dregg2.Circuit.Inst.SpawnA.spawnRestFrameDecodes	Dregg2.Circuit.Inst.spawnA	Dregg2/Circuit/Inst/spawnA.lean	197	207	thm	threader	opaque-pred	4	Dregg2.Circuit.StateCommit.compressNInjective	inj-spelled,conc-floor
CARRIER	Dregg2.Circuit.Inst.SpawnA.apex_iff_spawnCircuitSpec	Dregg2.Circuit.Inst.spawnA	Dregg2/Circuit/Inst/spawnA.lean	242	259	thm	threader	iff	4	Dregg2.Circuit.StateCommit.compressNInjective	inj-spelled,conc-floor
CARRIER	Dregg2.Circuit.Inst.SpawnA.apex_iff_spawnSpec	Dregg2.Circuit.Inst.spawnA	Dregg2/Circuit/Inst/spawnA.lean	263	294	thm	threader	iff	4	Dregg2.Circuit.StateCommit.compressNInjective	inj-spelled,conc-floor,simp
CARRIER	Dregg2.Circuit.Inst.SpawnA.spawnA_full_sound	Dregg2.Circuit.Inst.spawnA	Dregg2/Circuit/Inst/spawnA.lean	298	316	thm	threader	opaque-pred	5	Dregg2.Circuit.StateCommit.compressNInjective,Dregg2.Circuit.StateCommit.logHashInjective	inj-spelled
CARRIER	Dregg2.Circuit.Inst.Transfer.transfer_full_sound	Dregg2.Circuit.Inst.transfer	Dregg2/Circuit/Inst/transfer.lean	209	224	thm	threader	opaque-pred	1	Dregg2.Circuit.StateCommit.logHashInjective	inj-spelled
CARRIER	Dregg2.Circuit.KernelConfigSoundness.kernelConfigSound	Dregg2.Circuit.KernelConfigSoundness	Dregg2/Circuit/KernelConfigSoundness.lean	119	192	thm	threader	exists	7	Dregg2.Circuit.StateCommit.compressInjective,Dregg2.Circuit.StateCommit.compressNInjective,Dregg2.Circuit.StateCommit.cellLeafInjective,Dregg2.Circuit.Poseidon2Binding.Poseidon2SpongeCR	conc-floor
CARRIER	Dregg2.Circuit.KernelConfigSoundnessAvail.kernelConfigSoundAvail	Dregg2.Circuit.KernelConfigSoundnessAvail	Dregg2/Circuit/KernelConfigSoundnessAvail.lean	98	207	thm	threader	exists	8	Dregg2.Circuit.StateCommit.compressInjective,Dregg2.Circuit.StateCommit.compressNInjective,Dregg2.Circuit.StateCommit.cellLeafInjective,Dregg2.Circuit.Poseidon2Binding.Poseidon2SpongeCR	conc-floor
CARRIER	Dregg2.Circuit.KeyedCommit.KeyedDigestBindsKeys	Dregg2.Circuit.KeyedCommit	Dregg2/Circuit/KeyedCommit.lean	30	42	thm	endpoint	eq	0	Dregg2.Circuit.StateCommit.compressNInjective	-
CARRIER	Dregg2.Circuit.LightClientFusion.deployed_SatBindsProduced	Dregg2.Circuit.LightClientFusion	Dregg2/Circuit/LightClientFusion.lean	120	138	thm	threader	opaque-pred	1	Dregg2.Circuit.Poseidon2Binding.Poseidon2SpongeCR	uses-propdef,ho-thread
CARRIER	Dregg2.Circuit.LightClientFusion.deployed_unfoolable	Dregg2.Circuit.LightClientFusion	Dregg2/Circuit/LightClientFusion.lean	145	159	thm	threader	opaque-pred	2	Dregg2.Circuit.Poseidon2Binding.Poseidon2SpongeCR	uses-propdef
CARRIER	Dregg2.Circuit.LightClientFusion.deployed_accept_produces	Dregg2.Circuit.LightClientFusion	Dregg2/Circuit/LightClientFusion.lean	161	173	thm	threader	opaque-pred	3	Dregg2.Circuit.Poseidon2Binding.Poseidon2SpongeCR	uses-propdef
CARRIER	Dregg2.Circuit.LightClientFusion.deployed_fooling_breaks_floor	Dregg2.Circuit.LightClientFusion	Dregg2/Circuit/LightClientFusion.lean	206	218	thm	threader	not	2	Dregg2.Circuit.Poseidon2Binding.Poseidon2SpongeCR	uses-propdef
CARRIER	Dregg2.Circuit.LightClientFusion.deployed_not_foolable	Dregg2.Circuit.LightClientFusion	Dregg2/Circuit/LightClientFusion.lean	220	231	thm	threader	not	3	Dregg2.Circuit.Poseidon2Binding.Poseidon2SpongeCR	uses-propdef,simp
CARRIER	Dregg2.Circuit.ListCommit.ListDigestBindsList	Dregg2.Circuit.ListCommit	Dregg2/Circuit/ListCommit.lean	40	50	thm	endpoint	eq	0	Dregg2.Circuit.StateCommit.compressNInjective	-
CARRIER	Dregg2.Circuit.ListCommitRegrounded.listDigest_binds_of_noLeafColl	Dregg2.Circuit.ListCommitRegrounded	Dregg2/Circuit/ListCommitRegrounded.lean	139	147	thm	endpoint	eq	0	Dregg2.Circuit.StateCommit.compressNInjective	-
CARRIER	Dregg2.Circuit.ListCommitRegrounded.noColl_of_carriers	Dregg2.Circuit.ListCommitRegrounded	Dregg2/Circuit/ListCommitRegrounded.lean	151	157	thm	endpoint	not	0	Dregg2.Circuit.StateCommit.compressNInjective	-
CARRIER	Dregg2.Circuit.ListCommitRegrounded.listDigest_binds_of_carriers	Dregg2.Circuit.ListCommitRegrounded	Dregg2/Circuit/ListCommitRegrounded.lean	159	165	thm	threader	eq	1	Dregg2.Circuit.StateCommit.compressNInjective	-
CARRIER	Dregg2.Circuit.ListCommitRegrounded.noCNColl_of_inj	Dregg2.Circuit.ListCommitRegrounded	Dregg2/Circuit/ListCommitRegrounded.lean	175	179	thm	endpoint	not	0	Dregg2.Circuit.StateCommit.compressNInjective	-
CARRIER	Dregg2.Circuit.LogCommitRegrounded.noLogColl_of_inj	Dregg2.Circuit.LogCommitRegrounded	Dregg2/Circuit/LogCommitRegrounded.lean	159	166	thm	endpoint	not	0	Dregg2.Circuit.StateCommit.logHashInjective	-
CARRIER	Dregg2.Circuit.LogCommitRegrounded.logHash_binds_of_carrier	Dregg2.Circuit.LogCommitRegrounded	Dregg2/Circuit/LogCommitRegrounded.lean	174	179	thm	threader	eq	1	Dregg2.Circuit.StateCommit.logHashInjective	-
CARRIER	Dregg2.Circuit.LogCommitRegroundedRom.logColl_width_note	Dregg2.Circuit.LogCommitRegroundedRom	Dregg2/Circuit/LogCommitRegroundedRom.lean	78	85	thm	embedded	not	0	Dregg2.Circuit.StateCommit.logHashInjective	neg-conc,refut-witness
CARRIER	Dregg2.Circuit.MapAbsentImtGate.absentImtGates_bind_low	Dregg2.Circuit.MapAbsentImtGate	Dregg2/Circuit/MapAbsentImtGate.lean	149	167	thm	threader	exists	1	Dregg2.Circuit.Poseidon2Binding.Poseidon2SpongeCR	simp
CARRIER	Dregg2.Circuit.MapAbsentImtGate.absentImtGates_force_absence	Dregg2.Circuit.MapAbsentImtGate	Dregg2/Circuit/MapAbsentImtGate.lean	179	213	thm	threader	and	3	Dregg2.Circuit.Poseidon2Binding.Poseidon2SpongeCR	simp
CARRIER	Dregg2.Circuit.MapAbsentImtGate.adjacentBracket_forces_committed_pair	Dregg2.Circuit.MapAbsentImtGate	Dregg2/Circuit/MapAbsentImtGate.lean	232	265	thm	threader	exists	1	Dregg2.Circuit.Poseidon2Binding.Poseidon2SpongeCR	simp
CARRIER	Dregg2.Circuit.MapAbsentImtGate.adjacentBracket_unsat_above_max	Dregg2.Circuit.MapAbsentImtGate	Dregg2/Circuit/MapAbsentImtGate.lean	267	283	thm	threader	not	2	Dregg2.Circuit.Poseidon2Binding.Poseidon2SpongeCR	-
CARRIER	Dregg2.Circuit.MapAbsentImtGate.imtLeafHash_ne_heapLeafOf	Dregg2.Circuit.MapAbsentImtGate	Dregg2/Circuit/MapAbsentImtGate.lean	351	361	thm	endpoint	ne	0	Dregg2.Circuit.Poseidon2Binding.Poseidon2SpongeCR	-
CARRIER	Dregg2.Circuit.MapAbsentImtGateWide.absentImtGatesW_bind_low	Dregg2.Circuit.MapAbsentImtGateWide	Dregg2/Circuit/MapAbsentImtGateWide.lean	213	231	thm	threader	exists	1	Dregg2.Circuit.Poseidon2Binding.Poseidon2SpongeCR	simp
CARRIER	Dregg2.Circuit.MapAbsentImtGateWide.absentImtGatesW_force_absence	Dregg2.Circuit.MapAbsentImtGateWide	Dregg2/Circuit/MapAbsentImtGateWide.lean	244	279	thm	threader	and	3	Dregg2.Circuit.Poseidon2Binding.Poseidon2SpongeCR	simp
CARRIER	Dregg2.Circuit.MapAbsentImtGateWide.imtLeafHash8Of_ne_leafOfW	Dregg2.Circuit.MapAbsentImtGateWide	Dregg2/Circuit/MapAbsentImtGateWide.lean	290	307	thm	endpoint	ne	0	Dregg2.Circuit.Poseidon2Binding.Poseidon2SpongeCR	-
CARRIER	Dregg2.Circuit.MapAbsentImtGateWide.adjacentBracketW_forces_committed_pair	Dregg2.Circuit.MapAbsentImtGateWide	Dregg2/Circuit/MapAbsentImtGateWide.lean	334	366	thm	threader	exists	1	Dregg2.Circuit.Poseidon2Binding.Poseidon2SpongeCR	simp
CARRIER	Dregg2.Circuit.MapAbsentImtGateWide.adjacentBracketW_unsat_above_max	Dregg2.Circuit.MapAbsentImtGateWide	Dregg2/Circuit/MapAbsentImtGateWide.lean	368	383	thm	threader	not	2	Dregg2.Circuit.Poseidon2Binding.Poseidon2SpongeCR	-
CARRIER	Dregg2.Circuit.MapAbsentImtGateWide.absentImtGatesW_force_keysOfW_absence	Dregg2.Circuit.MapAbsentImtGateWide	Dregg2/Circuit/MapAbsentImtGateWide.lean	421	442	thm	threader	and	6	Dregg2.Circuit.Poseidon2Binding.Poseidon2SpongeCR	-
CARRIER	Dregg2.Circuit.MapAbsentImtGateWide.imtGates_force_holdsKindW_absent	Dregg2.Circuit.MapAbsentImtGateWide	Dregg2/Circuit/MapAbsentImtGateWide.lean	444	457	thm	threader	opaque-pred	7	Dregg2.Circuit.Poseidon2Binding.Poseidon2SpongeCR	-
CARRIER	Dregg2.Circuit.MapAbsentImtGateWide.absentImtGatesW_force_row_absence	Dregg2.Circuit.MapAbsentImtGateWide	Dregg2/Circuit/MapAbsentImtGateWide.lean	459	470	thm	threader	and	4	Dregg2.Circuit.Poseidon2Binding.Poseidon2SpongeCR	-
CARRIER	Dregg2.Circuit.MapAbsentImtGateWide.absentImtRow_of_lexBlocks_forces_absence	Dregg2.Circuit.MapAbsentImtGateWide	Dregg2/Circuit/MapAbsentImtGateWide.lean	523	555	thm	threader	and	5	Dregg2.Circuit.Poseidon2Binding.Poseidon2SpongeCR	simp
CARRIER	Dregg2.Circuit.MapAbsentImtGateWide.absentImtGate_forces_residue_absence	Dregg2.Circuit.MapAbsentImtGateWide	Dregg2/Circuit/MapAbsentImtGateWide.lean	557	578	thm	threader	ne	5	Dregg2.Circuit.Poseidon2Binding.Poseidon2SpongeCR	simp
CARRIER	Dregg2.Circuit.MapAbsentImtGateWide.aafiInsertW_then_absentImtW_unsat	Dregg2.Circuit.MapAbsentImtGateWide	Dregg2/Circuit/MapAbsentImtGateWide.lean	580	604	thm	tooth	False	4	Dregg2.Circuit.Poseidon2Binding.Poseidon2SpongeCR	was-threader
CARRIER	Dregg2.Circuit.MapMerkleRoot.mapNode_injective	Dregg2.Circuit.MapMerkleRoot	Dregg2/Circuit/MapMerkleRoot.lean	85	91	thm	endpoint	and	0	Dregg2.Circuit.Poseidon2Binding.Poseidon2SpongeCR	-
CARRIER	Dregg2.Circuit.MapMerkleRoot.foldLevel_injective	Dregg2.Circuit.MapMerkleRoot	Dregg2/Circuit/MapMerkleRoot.lean	128	152	thm	threader	eq	1	Dregg2.Circuit.Poseidon2Binding.Poseidon2SpongeCR	simp
CARRIER	Dregg2.Circuit.MapMerkleRoot.perfectRoot_injective	Dregg2.Circuit.MapMerkleRoot	Dregg2/Circuit/MapMerkleRoot.lean	154	180	thm	threader	eq	2	Dregg2.Circuit.Poseidon2Binding.Poseidon2SpongeCR	simp
CARRIER	Dregg2.Circuit.MapMerkleRoot.mapRoot_injective	Dregg2.Circuit.MapMerkleRoot	Dregg2/Circuit/MapMerkleRoot.lean	215	227	thm	threader	eq	3	Dregg2.Circuit.Poseidon2Binding.Poseidon2SpongeCR	simp
CARRIER	Dregg2.Circuit.MapMerkleRoot.opensToMerkle_functional	Dregg2.Circuit.MapMerkleRoot	Dregg2/Circuit/MapMerkleRoot.lean	248	257	thm	threader	eq	4	Dregg2.Circuit.Poseidon2Binding.Poseidon2SpongeCR	simp
CARRIER	Dregg2.Circuit.MapMerkleRoot.opensToMerkle_some_excludes_none	Dregg2.Circuit.MapMerkleRoot	Dregg2/Circuit/MapMerkleRoot.lean	259	264	thm	tooth	False	5	Dregg2.Circuit.Poseidon2Binding.Poseidon2SpongeCR	was-threader
CARRIER	Dregg2.Circuit.MapMerkleRoot.writesToMerkle_functional	Dregg2.Circuit.MapMerkleRoot	Dregg2/Circuit/MapMerkleRoot.lean	266	274	thm	threader	eq	4	Dregg2.Circuit.Poseidon2Binding.Poseidon2SpongeCR	simp
CARRIER	Dregg2.Circuit.MapMerkleRoot.mapRootColl_refutable_of_injective	Dregg2.Circuit.MapMerkleRoot	Dregg2/Circuit/MapMerkleRoot.lean	647	650	thm	threader	not	1	Dregg2.Circuit.DeployedCapTree.Compress8CR	-
CARRIER	Dregg2.Circuit.MapMerkleRoot.mapRoot8_injective_of_injective	Dregg2.Circuit.MapMerkleRoot	Dregg2/Circuit/MapMerkleRoot.lean	652	659	thm	threader	eq	2	Dregg2.Circuit.DeployedCapTree.Compress8CR	-
CARRIER	Dregg2.Circuit.MapMerkleRoot.opensToMerkle8_functional_of_injective	Dregg2.Circuit.MapMerkleRoot	Dregg2/Circuit/MapMerkleRoot.lean	661	670	thm	threader	eq	2	Dregg2.Circuit.DeployedCapTree.Compress8CR	-
CARRIER	Dregg2.Circuit.MapMerkleRoot.opensToMerkle8_some_excludes_none_of_injective	Dregg2.Circuit.MapMerkleRoot	Dregg2/Circuit/MapMerkleRoot.lean	672	677	thm	tooth	False	3	Dregg2.Circuit.DeployedCapTree.Compress8CR	was-threader
CARRIER	Dregg2.Circuit.MapMerkleRoot.writesToMerkle8_functional_of_injective	Dregg2.Circuit.MapMerkleRoot	Dregg2/Circuit/MapMerkleRoot.lean	679	687	thm	threader	eq	2	Dregg2.Circuit.DeployedCapTree.Compress8CR	-
CARRIER	Dregg2.Circuit.MapOpWideKey.imtLeafHash8_injective	Dregg2.Circuit.MapOpWideKey	Dregg2/Circuit/MapOpWideKey.lean	280	292	thm	endpoint	and	0	Dregg2.Circuit.Poseidon2Binding.Poseidon2SpongeCR	-
CARRIER	Dregg2.Circuit.MapOpWideKey.wideLeaf_separates	Dregg2.Circuit.MapOpWideKey	Dregg2/Circuit/MapOpWideKey.lean	308	314	thm	threader	ne	1	Dregg2.Circuit.Poseidon2Binding.Poseidon2SpongeCR	-
CARRIER	Dregg2.Circuit.MapOpWideKeyGate.leafOfW_injective	Dregg2.Circuit.MapOpWideKeyGate	Dregg2/Circuit/MapOpWideKeyGate.lean	227	238	thm	endpoint	eq	0	Dregg2.Circuit.Poseidon2Binding.Poseidon2SpongeCR	simp
CARRIER	Dregg2.Circuit.MapOpWideKeyGate.map_leafOfW_injective	Dregg2.Circuit.MapOpWideKeyGate	Dregg2/Circuit/MapOpWideKeyGate.lean	240	257	thm	threader	eq	1	Dregg2.Circuit.Poseidon2Binding.Poseidon2SpongeCR	simp
CARRIER	Dregg2.Circuit.MapOpWideKeyGate.mapRootW_injective	Dregg2.Circuit.MapOpWideKeyGate	Dregg2/Circuit/MapOpWideKeyGate.lean	269	276	thm	threader	eq	3	Dregg2.Circuit.Poseidon2Binding.Poseidon2SpongeCR	simp
CARRIER	Dregg2.Circuit.MapOpWideKeyGate.opensToMerkleW_functional	Dregg2.Circuit.MapOpWideKeyGate	Dregg2/Circuit/MapOpWideKeyGate.lean	304	311	thm	threader	eq	4	Dregg2.Circuit.Poseidon2Binding.Poseidon2SpongeCR	simp
CARRIER	Dregg2.Circuit.MapOpWideKeyGate.opensToMerkleW_some_excludes_none	Dregg2.Circuit.MapOpWideKeyGate	Dregg2/Circuit/MapOpWideKeyGate.lean	313	320	thm	tooth	False	5	Dregg2.Circuit.Poseidon2Binding.Poseidon2SpongeCR	was-threader
CARRIER	Dregg2.Circuit.MapOpWideKeyGate.writesToMerkleW_functional	Dregg2.Circuit.MapOpWideKeyGate	Dregg2/Circuit/MapOpWideKeyGate.lean	322	330	thm	threader	eq	4	Dregg2.Circuit.Poseidon2Binding.Poseidon2SpongeCR	simp
CARRIER	Dregg2.Circuit.MapOpWideKeyGate.opensToMerkleW_of_path	Dregg2.Circuit.MapOpWideKeyGate	Dregg2/Circuit/MapOpWideKeyGate.lean	403	424	thm	threader	opaque-pred	1	Dregg2.Circuit.Poseidon2Binding.Poseidon2SpongeCR	simp
CARRIER	Dregg2.Circuit.MapOpWideKeyGate.opensToMerkleW_none_of_bracket	Dregg2.Circuit.MapOpWideKeyGate	Dregg2/Circuit/MapOpWideKeyGate.lean	426	466	thm	threader	opaque-pred	1	Dregg2.Circuit.Poseidon2Binding.Poseidon2SpongeCR	simp
CARRIER	Dregg2.Circuit.MapOpWideKeyGate.writesToMerkleW_of_path	Dregg2.Circuit.MapOpWideKeyGate	Dregg2/Circuit/MapOpWideKeyGate.lean	468	501	thm	threader	opaque-pred	1	Dregg2.Circuit.Poseidon2Binding.Poseidon2SpongeCR	simp
CARRIER	Dregg2.Circuit.MapOpWideKeyGate.reconcileGatesW_force_openingW	Dregg2.Circuit.MapOpWideKeyGate	Dregg2/Circuit/MapOpWideKeyGate.lean	554	579	thm	threader	opaque-pred	2	Dregg2.Circuit.Poseidon2Binding.Poseidon2SpongeCR	-
CARRIER	Dregg2.Circuit.MapOpWideKeyGate.deployed_bracket_opener_is_instance	Dregg2.Circuit.MapOpWideKeyGate	Dregg2/Circuit/MapOpWideKeyGate.lean	589	602	thm	threader	opaque-pred	2	Dregg2.Circuit.Poseidon2Binding.Poseidon2SpongeCR	-
CARRIER	Dregg2.Circuit.MapOpWideKeyGate.deployed_read_opener_is_instance	Dregg2.Circuit.MapOpWideKeyGate	Dregg2/Circuit/MapOpWideKeyGate.lean	604	611	thm	threader	opaque-pred	2	Dregg2.Circuit.Poseidon2Binding.Poseidon2SpongeCR	-
CARRIER	Dregg2.Circuit.MapOpWideKeyGate.deployed_write_opener_is_instance	Dregg2.Circuit.MapOpWideKeyGate	Dregg2/Circuit/MapOpWideKeyGate.lean	613	621	thm	threader	opaque-pred	2	Dregg2.Circuit.Poseidon2Binding.Poseidon2SpongeCR	-
CARRIER	Dregg2.Circuit.MapOpWideKeyGate.mapOpW_gates_force_holds	Dregg2.Circuit.MapOpWideKeyGate	Dregg2/Circuit/MapOpWideKeyGate.lean	656	661	thm	threader	opaque-pred	3	Dregg2.Circuit.Poseidon2Binding.Poseidon2SpongeCR	-
CARRIER	Dregg2.Circuit.MapOpWideKeyGate.imtLeafHash8Of_injective	Dregg2.Circuit.MapOpWideKeyGate	Dregg2/Circuit/MapOpWideKeyGate.lean	709	718	thm	threader	eq	1	Dregg2.Circuit.Poseidon2Binding.Poseidon2SpongeCR	simp
CARRIER	Dregg2.Circuit.MapOpWideKeyGate.wideLeaf_kills_the_pointer_forgery	Dregg2.Circuit.MapOpWideKeyGate	Dregg2/Circuit/MapOpWideKeyGate.lean	785	793	thm	threader	ne	1	Dregg2.Circuit.Poseidon2Binding.Poseidon2SpongeCR	-
CARRIER	Dregg2.Circuit.MapOpWideKeyGate.wideLeaf_slot_binds	Dregg2.Circuit.MapOpWideKeyGate	Dregg2/Circuit/MapOpWideKeyGate.lean	795	801	thm	threader	eq	2	Dregg2.Circuit.Poseidon2Binding.Poseidon2SpongeCR	-
CARRIER	Dregg2.Circuit.MapOpWideKeyGate.aafiInsertW_forces_imtInsertW	Dregg2.Circuit.MapOpWideKeyGate	Dregg2/Circuit/MapOpWideKeyGate.lean	830	873	thm	threader	exists	1	Dregg2.Circuit.Poseidon2Binding.Poseidon2SpongeCR	simp
CARRIER	Dregg2.Circuit.MapOpWideKeyGate.aafiGatesW_force_imtAbsentW	Dregg2.Circuit.MapOpWideKeyGate	Dregg2/Circuit/MapOpWideKeyGate.lean	875	886	thm	threader	opaque-pred	2	Dregg2.Circuit.Poseidon2Binding.Poseidon2SpongeCR	-
CARRIER	Dregg2.Circuit.MapOpWideKeyGate.demoAbsentGateW_forces_absence	Dregg2.Circuit.MapOpWideKeyGate	Dregg2/Circuit/MapOpWideKeyGate.lean	1026	1031	thm	threader	opaque-pred	3	Dregg2.Circuit.Poseidon2Binding.Poseidon2SpongeCR	-
CARRIER	Dregg2.Circuit.MapOpWideKeyGate.demoAbsentGateW_rejects_present	Dregg2.Circuit.MapOpWideKeyGate	Dregg2/Circuit/MapOpWideKeyGate.lean	1038	1042	thm	threader	not	6	Dregg2.Circuit.Poseidon2Binding.Poseidon2SpongeCR	-
CARRIER	Dregg2.Circuit.MapOpWideKeyRowBoundary.absentGatesW_force_row_absence	Dregg2.Circuit.MapOpWideKeyRowBoundary	Dregg2/Circuit/MapOpWideKeyRowBoundary.lean	309	316	thm	threader	and	8	Dregg2.Circuit.Poseidon2Binding.Poseidon2SpongeCR	-
CARRIER	Dregg2.Circuit.MapOpWideKeyRowBoundary.gates_force_holdsKindW_absent_row	Dregg2.Circuit.MapOpWideKeyRowBoundary	Dregg2/Circuit/MapOpWideKeyRowBoundary.lean	318	323	thm	threader	opaque-pred	9	Dregg2.Circuit.Poseidon2Binding.Poseidon2SpongeCR	-
CARRIER	Dregg2.Circuit.MapOpWideKeyRowBoundary.gates_force_holdsKindW_read_row	Dregg2.Circuit.MapOpWideKeyRowBoundary	Dregg2/Circuit/MapOpWideKeyRowBoundary.lean	325	330	thm	threader	opaque-pred	4	Dregg2.Circuit.Poseidon2Binding.Poseidon2SpongeCR	-
CARRIER	Dregg2.Circuit.MapOpWideKeyRowBoundary.gates_force_holdsKindW_insert_row	Dregg2.Circuit.MapOpWideKeyRowBoundary	Dregg2/Circuit/MapOpWideKeyRowBoundary.lean	332	337	thm	threader	opaque-pred	8	Dregg2.Circuit.Poseidon2Binding.Poseidon2SpongeCR	-
CARRIER	Dregg2.Circuit.MapOpWideKeyRowBoundary.gates_force_holdsKindW_aafiInsert_row	Dregg2.Circuit.MapOpWideKeyRowBoundary	Dregg2/Circuit/MapOpWideKeyRowBoundary.lean	339	344	thm	threader	opaque-pred	8	Dregg2.Circuit.Poseidon2Binding.Poseidon2SpongeCR	-
CARRIER	Dregg2.Circuit.MapOpWideKeyRowBoundary.mapOpW_gatesCanon_force_holdsCanon	Dregg2.Circuit.MapOpWideKeyRowBoundary	Dregg2/Circuit/MapOpWideKeyRowBoundary.lean	346	370	thm	threader	opaque-pred	10	Dregg2.Circuit.Poseidon2Binding.Poseidon2SpongeCR	-
CARRIER	Dregg2.Circuit.MapOpWideKeyRowBoundary.gates_insertW_absentW_jointly_unsat_row	Dregg2.Circuit.MapOpWideKeyRowBoundary	Dregg2/Circuit/MapOpWideKeyRowBoundary.lean	372	384	thm	tooth	False	8	Dregg2.Circuit.Poseidon2Binding.Poseidon2SpongeCR	was-threader
CARRIER	Dregg2.Circuit.MapOpWideKeyRowBoundary.gates_aafiInsertW_absentW_jointly_unsat_row	Dregg2.Circuit.MapOpWideKeyRowBoundary	Dregg2/Circuit/MapOpWideKeyRowBoundary.lean	386	395	thm	tooth	False	8	Dregg2.Circuit.Poseidon2Binding.Poseidon2SpongeCR	was-threader
CARRIER	Dregg2.Circuit.MapOpWideKeyRowBoundary.gates_jointly_unsat_via_abstract_row'	Dregg2.Circuit.MapOpWideKeyRowBoundary	Dregg2/Circuit/MapOpWideKeyRowBoundary.lean	397	406	thm	tooth	False	10	Dregg2.Circuit.Poseidon2Binding.Poseidon2SpongeCR	was-threader
CARRIER	Dregg2.Circuit.MapOpWideKeyRowBoundary.gates_jointly_unsat_via_abstract_row	Dregg2.Circuit.MapOpWideKeyRowBoundary	Dregg2/Circuit/MapOpWideKeyRowBoundary.lean	408	416	thm	tooth	False	10	Dregg2.Circuit.Poseidon2Binding.Poseidon2SpongeCR	was-threader
CARRIER	Dregg2.Circuit.MapOpWideKeyRowBoundary.aafiGatesW_no_rewitnessW_row	Dregg2.Circuit.MapOpWideKeyRowBoundary	Dregg2/Circuit/MapOpWideKeyRowBoundary.lean	418	429	thm	threader	not	5	Dregg2.Circuit.Poseidon2Binding.Poseidon2SpongeCR	-
CARRIER	Dregg2.Circuit.MapOpWideKeyRowBoundary.absentRow_of_lexBlocks_forces_absence	Dregg2.Circuit.MapOpWideKeyRowBoundary	Dregg2/Circuit/MapOpWideKeyRowBoundary.lean	440	462	thm	threader	not	9	Dregg2.Circuit.Poseidon2Binding.Poseidon2SpongeCR	simp
CARRIER	Dregg2.Circuit.MapOpWideKeyRowBoundary.row_absence_is_residue_absence_of_canonHeap	Dregg2.Circuit.MapOpWideKeyRowBoundary	Dregg2/Circuit/MapOpWideKeyRowBoundary.lean	556	570	thm	threader	ne	6	Dregg2.Circuit.Poseidon2Binding.Poseidon2SpongeCR	simp
CARRIER	Dregg2.Circuit.MapOpWideKeyRowBoundary.absentGate_forces_residue_absence	Dregg2.Circuit.MapOpWideKeyRowBoundary	Dregg2/Circuit/MapOpWideKeyRowBoundary.lean	572	584	thm	threader	ne	9	Dregg2.Circuit.Poseidon2Binding.Poseidon2SpongeCR	-
CARRIER	Dregg2.Circuit.MapOpWideKeyRowBoundary.aliasRoot_admits_no_gate	Dregg2.Circuit.MapOpWideKeyRowBoundary	Dregg2/Circuit/MapOpWideKeyRowBoundary.lean	623	634	thm	threader	not	4	Dregg2.Circuit.Poseidon2Binding.Poseidon2SpongeCR	-
CARRIER	Dregg2.Circuit.MapOpWideKeyRowBoundary.aliasAbsentGate_refused	Dregg2.Circuit.MapOpWideKeyRowBoundary	Dregg2/Circuit/MapOpWideKeyRowBoundary.lean	636	643	thm	threader	not	5	Dregg2.Circuit.Poseidon2Binding.Poseidon2SpongeCR	-
CARRIER	Dregg2.Circuit.MapOpWideKeyRowBoundary.canonAliasRoot_refuses_absence_of_five	Dregg2.Circuit.MapOpWideKeyRowBoundary	Dregg2/Circuit/MapOpWideKeyRowBoundary.lean	694	700	thm	threader	not	6	Dregg2.Circuit.Poseidon2Binding.Poseidon2SpongeCR	-
CARRIER	Dregg2.Circuit.MapOpWideKeyRowBoundary.demoRowE_absence	Dregg2.Circuit.MapOpWideKeyRowBoundary	Dregg2/Circuit/MapOpWideKeyRowBoundary.lean	729	734	thm	threader	not	9	Dregg2.Circuit.Poseidon2Binding.Poseidon2SpongeCR	simp
CARRIER	Dregg2.Circuit.MapOpWideKeyRowBoundary.demoRowE_holdsKindW	Dregg2.Circuit.MapOpWideKeyRowBoundary	Dregg2/Circuit/MapOpWideKeyRowBoundary.lean	736	741	thm	threader	opaque-pred	10	Dregg2.Circuit.Poseidon2Binding.Poseidon2SpongeCR	simp
CARRIER	Dregg2.Circuit.MapOpWideKeyRowBoundary.demoRowE_absence_via_keystone	Dregg2.Circuit.MapOpWideKeyRowBoundary	Dregg2/Circuit/MapOpWideKeyRowBoundary.lean	743	749	thm	threader	not	7	Dregg2.Circuit.Poseidon2Binding.Poseidon2SpongeCR	simp
CARRIER	Dregg2.Circuit.MapOpWideKeyRowBoundary.demoRowE_absence_post_write	Dregg2.Circuit.MapOpWideKeyRowBoundary	Dregg2/Circuit/MapOpWideKeyRowBoundary.lean	751	757	thm	threader	not	9	Dregg2.Circuit.Poseidon2Binding.Poseidon2SpongeCR	simp
CARRIER	Dregg2.Circuit.MapOpWideKeyRowBoundary.demoRow_insert_then_absent_unsat	Dregg2.Circuit.MapOpWideKeyRowBoundary	Dregg2/Circuit/MapOpWideKeyRowBoundary.lean	759	771	thm	threader	not	9	Dregg2.Circuit.Poseidon2Binding.Poseidon2SpongeCR	simp
CARRIER	Dregg2.Circuit.MapOpWideKeyRowBoundary.demoRow_insert_then_absent_unsat_via_abstract	Dregg2.Circuit.MapOpWideKeyRowBoundary	Dregg2/Circuit/MapOpWideKeyRowBoundary.lean	773	783	thm	threader	not	11	Dregg2.Circuit.Poseidon2Binding.Poseidon2SpongeCR	simp
CARRIER	Dregg2.Circuit.MapOpWideKeyRowBoundary.demoRowE_aafi_no_rewitness	Dregg2.Circuit.MapOpWideKeyRowBoundary	Dregg2/Circuit/MapOpWideKeyRowBoundary.lean	785	792	thm	threader	not	6	Dregg2.Circuit.Poseidon2Binding.Poseidon2SpongeCR	simp
CARRIER	Dregg2.Circuit.MapOpWideKeyRowBoundary.demoRowE_aafi_preserves_sorted	Dregg2.Circuit.MapOpWideKeyRowBoundary	Dregg2/Circuit/MapOpWideKeyRowBoundary.lean	794	802	thm	threader	and	4	Dregg2.Circuit.Poseidon2Binding.Poseidon2SpongeCR	simp
CARRIER	Dregg2.Circuit.MapOpWideKeyRowBoundary.narrowAliasGate_forces_absence	Dregg2.Circuit.MapOpWideKeyRowBoundary	Dregg2/Circuit/MapOpWideKeyRowBoundary.lean	915	921	thm	threader	opaque-pred	2	Dregg2.Circuit.Poseidon2Binding.Poseidon2SpongeCR	-
CARRIER	Dregg2.Circuit.MapOpWideKeyRowBoundary.narrow_deployed_alias_hole	Dregg2.Circuit.MapOpWideKeyRowBoundary	Dregg2/Circuit/MapOpWideKeyRowBoundary.lean	933	945	thm	threader	and	3	Dregg2.Circuit.Poseidon2Binding.Poseidon2SpongeCR	-
CARRIER	Dregg2.Circuit.MapOpWideKeyRowBoundary.narrowCanonRoot_refuses_absence_of_five	Dregg2.Circuit.MapOpWideKeyRowBoundary	Dregg2/Circuit/MapOpWideKeyRowBoundary.lean	974	981	thm	threader	not	5	Dregg2.Circuit.Poseidon2Binding.Poseidon2SpongeCR	-
CARRIER	Dregg2.Circuit.MapOpWideKeyRowBoundary.residueBlind_refutes_spongeCR	Dregg2.Circuit.MapOpWideKeyRowBoundary	Dregg2/Circuit/MapOpWideKeyRowBoundary.lean	1013	1032	thm	embedded	not	0	Dregg2.Circuit.Poseidon2Binding.Poseidon2SpongeCR	neg-conc
CARRIER	Dregg2.Circuit.MapOpWideKeyWeld.spineCommitsW_of_heap	Dregg2.Circuit.MapOpWideKeyWeld	Dregg2/Circuit/MapOpWideKeyWeld.lean	148	171	thm	threader	opaque-pred	4	Dregg2.Circuit.Poseidon2Binding.Poseidon2SpongeCR	simp
CARRIER	Dregg2.Circuit.MapOpWideKeyWeld.keysOfW_opensAtW	Dregg2.Circuit.MapOpWideKeyWeld	Dregg2/Circuit/MapOpWideKeyWeld.lean	173	179	thm	threader	iff	5	Dregg2.Circuit.Poseidon2Binding.Poseidon2SpongeCR	-
CARRIER	Dregg2.Circuit.MapOpWideKeyWeld.notMem_keysOfW_of_opensNone	Dregg2.Circuit.MapOpWideKeyWeld	Dregg2/Circuit/MapOpWideKeyWeld.lean	181	190	thm	threader	not	6	Dregg2.Circuit.Poseidon2Binding.Poseidon2SpongeCR	-
CARRIER	Dregg2.Circuit.MapOpWideKeyWeld.concrete_nonMembership_soundW	Dregg2.Circuit.MapOpWideKeyWeld	Dregg2/Circuit/MapOpWideKeyWeld.lean	201	211	thm	threader	not	5	Dregg2.Circuit.Poseidon2Binding.Poseidon2SpongeCR	-
CARRIER	Dregg2.Circuit.MapOpWideKeyWeld.concrete_gap_forces_opensNone	Dregg2.Circuit.MapOpWideKeyWeld	Dregg2/Circuit/MapOpWideKeyWeld.lean	213	224	thm	threader	opaque-pred	6	Dregg2.Circuit.Poseidon2Binding.Poseidon2SpongeCR	-
CARRIER	Dregg2.Circuit.MapOpWideKeyWeld.absentGatesW_force_keysOfW_absence	Dregg2.Circuit.MapOpWideKeyWeld	Dregg2/Circuit/MapOpWideKeyWeld.lean	228	239	thm	threader	and	7	Dregg2.Circuit.Poseidon2Binding.Poseidon2SpongeCR	-
CARRIER	Dregg2.Circuit.MapOpWideKeyWeld.gates_force_holdsKindW_absent	Dregg2.Circuit.MapOpWideKeyWeld	Dregg2/Circuit/MapOpWideKeyWeld.lean	241	248	thm	threader	opaque-pred	8	Dregg2.Circuit.Poseidon2Binding.Poseidon2SpongeCR	-
CARRIER	Dregg2.Circuit.MapOpWideKeyWeld.gates_force_holdsKindW_read	Dregg2.Circuit.MapOpWideKeyWeld	Dregg2/Circuit/MapOpWideKeyWeld.lean	250	258	thm	threader	opaque-pred	3	Dregg2.Circuit.Poseidon2Binding.Poseidon2SpongeCR	-
CARRIER	Dregg2.Circuit.MapOpWideKeyWeld.writesToMerkleW_forces_keysOfW_membership	Dregg2.Circuit.MapOpWideKeyWeld	Dregg2/Circuit/MapOpWideKeyWeld.lean	278	283	thm	threader	opaque-pred	6	Dregg2.Circuit.Poseidon2Binding.Poseidon2SpongeCR	-
CARRIER	Dregg2.Circuit.MapOpWideKeyWeld.writesToMerkleW_forces_growth	Dregg2.Circuit.MapOpWideKeyWeld	Dregg2/Circuit/MapOpWideKeyWeld.lean	285	302	thm	threader	iff	6	Dregg2.Circuit.Poseidon2Binding.Poseidon2SpongeCR	simp
CARRIER	Dregg2.Circuit.MapOpWideKeyWeld.gates_force_holdsKindW_insert	Dregg2.Circuit.MapOpWideKeyWeld	Dregg2/Circuit/MapOpWideKeyWeld.lean	304	310	thm	threader	opaque-pred	7	Dregg2.Circuit.Poseidon2Binding.Poseidon2SpongeCR	-
CARRIER	Dregg2.Circuit.MapOpWideKeyWeld.gates_force_holdsKindW_aafiInsert	Dregg2.Circuit.MapOpWideKeyWeld	Dregg2/Circuit/MapOpWideKeyWeld.lean	312	318	thm	threader	opaque-pred	7	Dregg2.Circuit.Poseidon2Binding.Poseidon2SpongeCR	-
CARRIER	Dregg2.Circuit.MapOpWideKeyWeld.writeW_then_absentW_unsat	Dregg2.Circuit.MapOpWideKeyWeld	Dregg2/Circuit/MapOpWideKeyWeld.lean	322	333	thm	tooth	False	6	Dregg2.Circuit.Poseidon2Binding.Poseidon2SpongeCR	simp,was-threader
CARRIER	Dregg2.Circuit.MapOpWideKeyWeld.gates_insertW_absentW_jointly_unsat	Dregg2.Circuit.MapOpWideKeyWeld	Dregg2/Circuit/MapOpWideKeyWeld.lean	335	345	thm	tooth	False	7	Dregg2.Circuit.Poseidon2Binding.Poseidon2SpongeCR	was-threader
CARRIER	Dregg2.Circuit.MapOpWideKeyWeld.gates_aafiInsertW_absentW_jointly_unsat	Dregg2.Circuit.MapOpWideKeyWeld	Dregg2/Circuit/MapOpWideKeyWeld.lean	347	354	thm	tooth	False	7	Dregg2.Circuit.Poseidon2Binding.Poseidon2SpongeCR	was-threader
CARRIER	Dregg2.Circuit.MapOpWideKeyWeld.gates_jointly_unsat_via_abstract	Dregg2.Circuit.MapOpWideKeyWeld	Dregg2/Circuit/MapOpWideKeyWeld.lean	356	367	thm	tooth	False	9	Dregg2.Circuit.Poseidon2Binding.Poseidon2SpongeCR	was-threader
CARRIER	Dregg2.Circuit.MapOpWideKeyWeld.gates_jointly_unsat_via_abstract'	Dregg2.Circuit.MapOpWideKeyWeld	Dregg2/Circuit/MapOpWideKeyWeld.lean	369	376	thm	tooth	False	9	Dregg2.Circuit.Poseidon2Binding.Poseidon2SpongeCR	was-threader
CARRIER	Dregg2.Circuit.MapOpWideKeyWeld.demoSpineCommitsW	Dregg2.Circuit.MapOpWideKeyWeld	Dregg2/Circuit/MapOpWideKeyWeld.lean	385	391	thm	threader	opaque-pred	5	Dregg2.Circuit.Poseidon2Binding.Poseidon2SpongeCR	-
CARRIER	Dregg2.Circuit.MapOpWideKeyWeld.demo_concrete_excludes	Dregg2.Circuit.MapOpWideKeyWeld	Dregg2/Circuit/MapOpWideKeyWeld.lean	411	416	thm	threader	not	6	Dregg2.Circuit.Poseidon2Binding.Poseidon2SpongeCR	-
CARRIER	Dregg2.Circuit.MapOpWideKeyWeld.demoAbsentGateW_forces_keysOfW_absence	Dregg2.Circuit.MapOpWideKeyWeld	Dregg2/Circuit/MapOpWideKeyWeld.lean	418	425	thm	threader	not	8	Dregg2.Circuit.Poseidon2Binding.Poseidon2SpongeCR	-
CARRIER	Dregg2.Circuit.MapOpWideKeyWeld.demoAbsentGateW_forces_holdsKindW	Dregg2.Circuit.MapOpWideKeyWeld	Dregg2/Circuit/MapOpWideKeyWeld.lean	427	433	thm	threader	opaque-pred	9	Dregg2.Circuit.Poseidon2Binding.Poseidon2SpongeCR	-
CARRIER	Dregg2.Circuit.MapOpWideKeyWeld.demoInsert_then_absent_unsat	Dregg2.Circuit.MapOpWideKeyWeld	Dregg2/Circuit/MapOpWideKeyWeld.lean	469	477	thm	threader	not	8	Dregg2.Circuit.Poseidon2Binding.Poseidon2SpongeCR	-
CARRIER	Dregg2.Circuit.MapOpWideKeyWeld.demoInsert_then_absent_unsat_via_abstract	Dregg2.Circuit.MapOpWideKeyWeld	Dregg2/Circuit/MapOpWideKeyWeld.lean	479	486	thm	threader	not	10	Dregg2.Circuit.Poseidon2Binding.Poseidon2SpongeCR	-
CARRIER	Dregg2.Circuit.MapOpWideKeyWeld.demoAbsentGateW2_forces_absence	Dregg2.Circuit.MapOpWideKeyWeld	Dregg2/Circuit/MapOpWideKeyWeld.lean	499	503	thm	threader	not	8	Dregg2.Circuit.Poseidon2Binding.Poseidon2SpongeCR	-
CARRIER	Dregg2.Circuit.MapOpWideKeyWeld.demoWeldedRows_indistinguishable_narrowly	Dregg2.Circuit.MapOpWideKeyWeld	Dregg2/Circuit/MapOpWideKeyWeld.lean	505	515	thm	threader	and	7	Dregg2.Circuit.Poseidon2Binding.Poseidon2SpongeCR	-
CARRIER	Dregg2.Circuit.MapOpWideKeyWeld.aafiGatesW_force_sortedChainW	Dregg2.Circuit.MapOpWideKeyWeld	Dregg2/Circuit/MapOpWideKeyWeld.lean	564	579	thm	threader	and	3	Dregg2.Circuit.Poseidon2Binding.Poseidon2SpongeCR	-
CARRIER	Dregg2.Circuit.MapOpWideKeyWeld.aafiGatesW_force_spine_growthW	Dregg2.Circuit.MapOpWideKeyWeld	Dregg2/Circuit/MapOpWideKeyWeld.lean	581	589	thm	threader	iff	3	Dregg2.Circuit.Poseidon2Binding.Poseidon2SpongeCR	-
CARRIER	Dregg2.Circuit.MapOpWideKeyWeld.aafiGatesW_no_rewitnessW	Dregg2.Circuit.MapOpWideKeyWeld	Dregg2/Circuit/MapOpWideKeyWeld.lean	591	606	thm	threader	not	4	Dregg2.Circuit.Poseidon2Binding.Poseidon2SpongeCR	-
CARRIER	Dregg2.Circuit.MapOpWideKeyWeld.aafiGatesW_post_chain_commitsW	Dregg2.Circuit.MapOpWideKeyWeld	Dregg2/Circuit/MapOpWideKeyWeld.lean	608	625	thm	threader	opaque-pred	5	Dregg2.Circuit.Poseidon2Binding.Poseidon2SpongeCR	-
CARRIER	Dregg2.Circuit.MapOpWideKeyWeld.demoAafiGateW_forces_absentW	Dregg2.Circuit.MapOpWideKeyWeld	Dregg2/Circuit/MapOpWideKeyWeld.lean	665	668	thm	threader	opaque-pred	3	Dregg2.Circuit.Poseidon2Binding.Poseidon2SpongeCR	-
CARRIER	Dregg2.Circuit.MapOpWideKeyWeld.demoAafiGateW_preserves_sortedW	Dregg2.Circuit.MapOpWideKeyWeld	Dregg2/Circuit/MapOpWideKeyWeld.lean	670	676	thm	threader	and	4	Dregg2.Circuit.Poseidon2Binding.Poseidon2SpongeCR	-
CARRIER	Dregg2.Circuit.MapOpWideKeyWeld.demoAafiGateW_no_rewitnessW	Dregg2.Circuit.MapOpWideKeyWeld	Dregg2/Circuit/MapOpWideKeyWeld.lean	678	683	thm	threader	not	5	Dregg2.Circuit.Poseidon2Binding.Poseidon2SpongeCR	-
CARRIER	Dregg2.Circuit.MapOpWideKeyWeld.demoAafiGateW_spine_growthW	Dregg2.Circuit.MapOpWideKeyWeld	Dregg2/Circuit/MapOpWideKeyWeld.lean	685	688	thm	threader	iff	4	Dregg2.Circuit.Poseidon2Binding.Poseidon2SpongeCR	-
CARRIER	Dregg2.Circuit.MapOpsColumnLayout.noPathColl_of_CR	Dregg2.Circuit.MapOpsColumnLayout	Dregg2/Circuit/MapOpsColumnLayout.lean	499	505	thm	endpoint	not	0	Dregg2.Circuit.Poseidon2Binding.Poseidon2SpongeCR	-
CARRIER	Dregg2.Circuit.MapOpsColumnLayout.noLeafColl_of_CR	Dregg2.Circuit.MapOpsColumnLayout	Dregg2/Circuit/MapOpsColumnLayout.lean	580	583	thm	endpoint	not	0	Dregg2.Circuit.Poseidon2Binding.Poseidon2SpongeCR	-
CARRIER	Dregg2.Circuit.MapOpsColumnLayout.reconcileGates_force_opening	Dregg2.Circuit.MapOpsColumnLayout	Dregg2/Circuit/MapOpsColumnLayout.lean	860	910	thm	threader	opaque-pred	1	Dregg2.Circuit.Poseidon2Binding.Poseidon2SpongeCR	-
CARRIER	Dregg2.Circuit.MapOpsColumnLayout.mapOp_holds_of_mapReconcile	Dregg2.Circuit.MapOpsColumnLayout	Dregg2/Circuit/MapOpsColumnLayout.lean	912	923	thm	threader	opaque-pred	2	Dregg2.Circuit.Poseidon2Binding.Poseidon2SpongeCR	-
CARRIER	Dregg2.Circuit.MapOpsColumnLayout.mapOpsArm_of_modeler	Dregg2.Circuit.MapOpsColumnLayout	Dregg2/Circuit/MapOpsColumnLayout.lean	932	943	thm	threader	opaque-pred	3	Dregg2.Circuit.Poseidon2Binding.Poseidon2SpongeCR	-
CARRIER	Dregg2.Circuit.MapOpsColumnLayout.hbus_of_busModels_and_mapModel	Dregg2.Circuit.MapOpsColumnLayout	Dregg2/Circuit/MapOpsColumnLayout.lean	948	969	thm	threader	opaque-pred	4	Dregg2.Circuit.Poseidon2Binding.Poseidon2SpongeCR	-
CARRIER	Dregg2.Circuit.MapOpsColumnLayout.airAccept_forces_satisfied2_of_modelers	Dregg2.Circuit.MapOpsColumnLayout	Dregg2/Circuit/MapOpsColumnLayout.lean	979	1018	thm	threader	opaque-pred	5	Dregg2.Circuit.Poseidon2Binding.Poseidon2SpongeCR	simp
CARRIER	Dregg2.Circuit.MapOpsColumnLayout.aafiLeafHash_injective	Dregg2.Circuit.MapOpsColumnLayout	Dregg2/Circuit/MapOpsColumnLayout.lean	1309	1318	thm	endpoint	and	0	Dregg2.Circuit.Poseidon2Binding.Poseidon2SpongeCR	-
CARRIER	Dregg2.Circuit.MapOpsColumnLayout.aafiInsert_forces_imtInsert	Dregg2.Circuit.MapOpsColumnLayout	Dregg2/Circuit/MapOpsColumnLayout.lean	1346	1391	thm	threader	exists	1	Dregg2.Circuit.Poseidon2Binding.Poseidon2SpongeCR	simp
CARRIER	Dregg2.Circuit.MapReconcileImtRepoint.imtRoot_ne_mapRoot	Dregg2.Circuit.MapReconcileImtRepoint	Dregg2/Circuit/MapReconcileImtRepoint.lean	134	153	thm	threader	ne	3	Dregg2.Circuit.Poseidon2Binding.Poseidon2SpongeCR	simp
CARRIER	Dregg2.Circuit.MapReconcileImtRepoint.opensToMerkle_unsat_at_imtRoot	Dregg2.Circuit.MapReconcileImtRepoint	Dregg2/Circuit/MapReconcileImtRepoint.lean	155	161	thm	threader	not	4	Dregg2.Circuit.Poseidon2Binding.Poseidon2SpongeCR	-
CARRIER	Dregg2.Circuit.MapReconcileImtRepoint.writesToMerkle_unsat_at_imtRoot	Dregg2.Circuit.MapReconcileImtRepoint	Dregg2/Circuit/MapReconcileImtRepoint.lean	163	168	thm	threader	not	4	Dregg2.Circuit.Poseidon2Binding.Poseidon2SpongeCR	-
CARRIER	Dregg2.Circuit.MapReconcileImtRepoint.reconcileGatesAt_unsat_at_imtRoot	Dregg2.Circuit.MapReconcileImtRepoint	Dregg2/Circuit/MapReconcileImtRepoint.lean	170	181	thm	threader	not	4	Dregg2.Circuit.Poseidon2Binding.Poseidon2SpongeCR	-
CARRIER	Dregg2.Circuit.MapReconcileImtRepoint.mapOpHoldsAt_unsat_at_imtRoot	Dregg2.Circuit.MapReconcileImtRepoint	Dregg2/Circuit/MapReconcileImtRepoint.lean	183	213	thm	threader	not	5	Dregg2.Circuit.Poseidon2Binding.Poseidon2SpongeCR	-
CARRIER	Dregg2.Circuit.MapReconcileImtRepoint.mapReconcileModelOk_forbids_imtRootedRows	Dregg2.Circuit.MapReconcileImtRepoint	Dregg2/Circuit/MapReconcileImtRepoint.lean	215	230	thm	threader	ne	5	Dregg2.Circuit.Poseidon2Binding.Poseidon2SpongeCR	-
CARRIER	Dregg2.Circuit.MapReconcileImtRepoint.absentRowImt_force_imtOpensNone	Dregg2.Circuit.MapReconcileImtRepoint	Dregg2/Circuit/MapReconcileImtRepoint.lean	285	295	thm	threader	and	4	Dregg2.Circuit.Poseidon2Binding.Poseidon2SpongeCR	-
CARRIER	Dregg2.Circuit.MapReconcileImtRepoint.imtOpensNone_gives_projected_opening	Dregg2.Circuit.MapReconcileImtRepoint	Dregg2/Circuit/MapReconcileImtRepoint.lean	297	313	thm	threader	exists	4	Dregg2.Circuit.Poseidon2Binding.Poseidon2SpongeCR	simp
CARRIER	Dregg2.Circuit.MapReconcileImtRepoint.imtRootedRow_wire_does_not_reach_the_heap_slot	Dregg2.Circuit.MapReconcileImtRepoint	Dregg2/Circuit/MapReconcileImtRepoint.lean	315	332	thm	threader	and	5	Dregg2.Circuit.Poseidon2Binding.Poseidon2SpongeCR	simp
CARRIER	Dregg2.Circuit.MapReconcileImtRepoint.mapOpsArmImt_of_modeler	Dregg2.Circuit.MapReconcileImtRepoint	Dregg2/Circuit/MapReconcileImtRepoint.lean	343	361	thm	threader	opaque-pred	5	Dregg2.Circuit.Poseidon2Binding.Poseidon2SpongeCR	-
CARRIER	Dregg2.Circuit.MapReconcileImtRepoint.imtRow_old_model_false	Dregg2.Circuit.MapReconcileImtRepoint	Dregg2/Circuit/MapReconcileImtRepoint.lean	601	614	thm	threader	not	5	Dregg2.Circuit.Poseidon2Binding.Poseidon2SpongeCR	simp
CARRIER	Dregg2.Circuit.MapReconcileImtRepoint.oldModel_empties_deployedImtRows	Dregg2.Circuit.MapReconcileImtRepoint	Dregg2/Circuit/MapReconcileImtRepoint.lean	767	774	thm	threader	opaque-pred	6	Dregg2.Circuit.Poseidon2Binding.Poseidon2SpongeCR	-
CARRIER	Dregg2.Circuit.MembershipBindingFromFold.membership_binding_from_fold	Dregg2.Circuit.MembershipBindingFromFold	Dregg2/Circuit/MembershipBindingFromFold.lean	129	150	thm	threader	and	1	Dregg2.Circuit.Poseidon2Binding.Poseidon2SpongeCR	simp
CARRIER	Dregg2.Circuit.MembershipBindingFromFold.honest_companion_fires	Dregg2.Circuit.MembershipBindingFromFold	Dregg2/Circuit/MembershipBindingFromFold.lean	196	208	thm	threader	and	2	Dregg2.Circuit.Poseidon2Binding.Poseidon2SpongeCR	-
CARRIER	Dregg2.Circuit.OodColumnLayout.hood_of_oodColumnLayout	Dregg2.Circuit.OodColumnLayout	Dregg2/Circuit/OodColumnLayout.lean	213	240	thm	threader	eq	1	Dregg2.Circuit.Poseidon2Binding.Poseidon2SpongeCR	-
CARRIER	Dregg2.Circuit.OodCommitmentBinding.opening_equivocation_breaks_cr	Dregg2.Circuit.OodCommitmentBinding	Dregg2/Circuit/OodCommitmentBinding.lean	307	318	thm	embedded	not	0	Dregg2.Circuit.Poseidon2Binding.Poseidon2SpongeCR	neg-conc
CARRIER	Dregg2.Circuit.OodCommitmentBinding.constant_sponge_equivocates	Dregg2.Circuit.OodCommitmentBinding	Dregg2/Circuit/OodCommitmentBinding.lean	344	352	thm	embedded	not	0	Dregg2.Circuit.Poseidon2Binding.Poseidon2SpongeCR	neg-conc
CARRIER	Dregg2.Circuit.OodExtChallengeLayout.hood_of_oodColumnLayoutExt	Dregg2.Circuit.OodExtChallengeLayout	Dregg2/Circuit/OodExtChallengeLayout.lean	639	672	thm	threader	eq	0	Dregg2.Circuit.Poseidon2Binding.Poseidon2SpongeCR	simp
CARRIER	Dregg2.Circuit.OodExtChallengeLayout.mainAirAcceptF_of_decodedLdtLinkExt	Dregg2.Circuit.OodExtChallengeLayout	Dregg2/Circuit/OodExtChallengeLayout.lean	674	706	thm	threader	opaque-pred	0	Dregg2.Circuit.Poseidon2Binding.Poseidon2SpongeCR	simp
CARRIER	Dregg2.Circuit.OodExtChallengeLayout.mainAirAcceptF_of_decodedLdtLinkExt_extAntecedent	Dregg2.Circuit.OodExtChallengeLayout	Dregg2/Circuit/OodExtChallengeLayout.lean	844	864	thm	threader	opaque-pred	1	Dregg2.Circuit.Poseidon2Binding.Poseidon2SpongeCR	-
CARRIER	Dregg2.Circuit.OodSingletonRepair.hood_of_oodColumnLayoutCons	Dregg2.Circuit.OodSingletonRepair	Dregg2/Circuit/OodSingletonRepair.lean	197	224	thm	threader	eq	1	Dregg2.Circuit.Poseidon2Binding.Poseidon2SpongeCR	-
CARRIER	Dregg2.Circuit.OodSingletonRepair.hood_of_oodColumnLayoutCons_subsumes_landed	Dregg2.Circuit.OodSingletonRepair	Dregg2/Circuit/OodSingletonRepair.lean	226	253	thm	threader	eq	2	Dregg2.Circuit.Poseidon2Binding.Poseidon2SpongeCR	-
CARRIER	Dregg2.Circuit.OodSingletonRepair.hood_of_oodColumnLayout_noOod	Dregg2.Circuit.OodSingletonRepair	Dregg2/Circuit/OodSingletonRepair.lean	255	284	thm	threader	eq	2	Dregg2.Circuit.Poseidon2Binding.Poseidon2SpongeCR	-
CARRIER	Dregg2.Circuit.OodSingletonRepair.hood_of_oodColumnLayoutExtCons	Dregg2.Circuit.OodSingletonRepair	Dregg2/Circuit/OodSingletonRepair.lean	288	322	thm	threader	eq	0	Dregg2.Circuit.Poseidon2Binding.Poseidon2SpongeCR	simp
CARRIER	Dregg2.Circuit.OodSingletonRepair.hood_of_oodColumnLayoutExt_noOod	Dregg2.Circuit.OodSingletonRepair	Dregg2/Circuit/OodSingletonRepair.lean	324	352	thm	threader	eq	1	Dregg2.Circuit.Poseidon2Binding.Poseidon2SpongeCR	-
CARRIER	Dregg2.Circuit.OodSingletonRepair.mainAirAcceptF_of_decodedLdtLinkExtCons	Dregg2.Circuit.OodSingletonRepair	Dregg2/Circuit/OodSingletonRepair.lean	501	531	thm	threader	opaque-pred	0	Dregg2.Circuit.Poseidon2Binding.Poseidon2SpongeCR	simp
CARRIER	Dregg2.Circuit.Poseidon2Binding.LogRealization.mk.sizeOf_spec	Dregg2.Circuit.Poseidon2Binding	Dregg2/Circuit/Poseidon2Binding.lean	0	0	thm	dead	eq	0	Dregg2.Circuit.Poseidon2Binding.Poseidon2SpongeCR	conc-floor,auto-name
CARRIER	Dregg2.Circuit.Poseidon2Binding.LogRealization.mk.injEq	Dregg2.Circuit.Poseidon2Binding	Dregg2/Circuit/Poseidon2Binding.lean	0	0	thm	threader	eq	3	Dregg2.Circuit.Poseidon2Binding.Poseidon2SpongeCR	conc-floor,auto-name,transport
CARRIER	Dregg2.Circuit.Poseidon2Binding.LeafRealization.mk.inj	Dregg2.Circuit.Poseidon2Binding	Dregg2/Circuit/Poseidon2Binding.lean	0	0	thm	threader	and	2	Dregg2.Circuit.Poseidon2Binding.Poseidon2SpongeCR	-
CARRIER	Dregg2.Circuit.Poseidon2Binding.LogRealization.mk.inj	Dregg2.Circuit.Poseidon2Binding	Dregg2/Circuit/Poseidon2Binding.lean	0	0	thm	threader	and	2	Dregg2.Circuit.Poseidon2Binding.Poseidon2SpongeCR	-
CARRIER	Dregg2.Circuit.Poseidon2Binding.LeafRealization.mk.injEq	Dregg2.Circuit.Poseidon2Binding	Dregg2/Circuit/Poseidon2Binding.lean	0	0	thm	threader	eq	3	Dregg2.Circuit.Poseidon2Binding.Poseidon2SpongeCR	conc-floor,auto-name,transport
CARRIER	Dregg2.Circuit.Poseidon2Binding.Poseidon2RealizedSponge.mk.injEq	Dregg2.Circuit.Poseidon2Binding	Dregg2/Circuit/Poseidon2Binding.lean	0	0	thm	threader	eq	3	Dregg2.Circuit.Poseidon2Binding.Poseidon2SpongeCR	conc-floor,auto-name
CARRIER	Dregg2.Circuit.Poseidon2Binding.Poseidon2RealizedSponge.mk.inj	Dregg2.Circuit.Poseidon2Binding	Dregg2/Circuit/Poseidon2Binding.lean	0	0	thm	threader	eq	2	Dregg2.Circuit.Poseidon2Binding.Poseidon2SpongeCR	-
CARRIER	Dregg2.Circuit.Poseidon2Binding.LeafRealization.mk.sizeOf_spec	Dregg2.Circuit.Poseidon2Binding	Dregg2/Circuit/Poseidon2Binding.lean	0	0	thm	dead	eq	0	Dregg2.Circuit.Poseidon2Binding.Poseidon2SpongeCR	conc-floor,auto-name
CARRIER	Dregg2.Circuit.Poseidon2Binding.Poseidon2RealizedSponge.mk.sizeOf_spec	Dregg2.Circuit.Poseidon2Binding	Dregg2/Circuit/Poseidon2Binding.lean	0	0	thm	dead	eq	0	Dregg2.Circuit.Poseidon2Binding.Poseidon2SpongeCR	conc-floor,auto-name
CARRIER	Dregg2.Circuit.Poseidon2Binding.Poseidon2RealizedSponge.casesOn	Dregg2.Circuit.Poseidon2Binding	Dregg2/Circuit/Poseidon2Binding.lean	180	190	def	embedded	other	0	Dregg2.Circuit.Poseidon2Binding.Poseidon2SpongeCR	struct-boiler,emb-binder
CARRIER	Dregg2.Circuit.Poseidon2Binding.Poseidon2RealizedSponge.rec	Dregg2.Circuit.Poseidon2Binding	Dregg2/Circuit/Poseidon2Binding.lean	180	190	rec	embedded	other	0	Dregg2.Circuit.Poseidon2Binding.Poseidon2SpongeCR	emb-binder
CARRIER	Dregg2.Circuit.Poseidon2Binding.Poseidon2RealizedSponge.recOn	Dregg2.Circuit.Poseidon2Binding	Dregg2/Circuit/Poseidon2Binding.lean	180	190	def	embedded	other	0	Dregg2.Circuit.Poseidon2Binding.Poseidon2SpongeCR	struct-boiler,emb-binder
CARRIER	Dregg2.Circuit.Poseidon2Binding.Poseidon2RealizedSponge.mk	Dregg2.Circuit.Poseidon2Binding	Dregg2/Circuit/Poseidon2Binding.lean	184	184	ctor	no-value	opaque-pred	0	Dregg2.Circuit.Poseidon2Binding.Poseidon2SpongeCR	struct-boiler
CARRIER	Dregg2.Circuit.Poseidon2Binding.Poseidon2RealizedSponge.mk.noConfusion	Dregg2.Circuit.Poseidon2Binding	Dregg2/Circuit/Poseidon2Binding.lean	184	184	def	threader	other	1	Dregg2.Circuit.Poseidon2Binding.Poseidon2SpongeCR	struct-boiler,auto-name
CARRIER	Dregg2.Circuit.Poseidon2Binding.Poseidon2RealizedSponge.spongeCR	Dregg2.Circuit.Poseidon2Binding	Dregg2/Circuit/Poseidon2Binding.lean	190	190	thm	embedded	opaque-pred	0	Dregg2.Circuit.Poseidon2Binding.Poseidon2SpongeCR	struct-boiler,emb-conc
CARRIER	Dregg2.Circuit.Poseidon2Binding.Poseidon2RealizedSponge.toCR	Dregg2.Circuit.Poseidon2Binding	Dregg2/Circuit/Poseidon2Binding.lean	192	195	thm	embedded	opaque-pred	0	Dregg2.Circuit.Poseidon2Binding.Poseidon2SpongeCR	emb-conc
CARRIER	Dregg2.Circuit.Poseidon2Binding.compressNInjective_iff_poseidon2CR	Dregg2.Circuit.Poseidon2Binding	Dregg2/Circuit/Poseidon2Binding.lean	199	204	thm	embedded	iff	0	Dregg2.Circuit.StateCommit.compressNInjective,Dregg2.Circuit.Poseidon2Binding.Poseidon2SpongeCR	emb-conc
CARRIER	Dregg2.Circuit.Poseidon2Binding.compressNInjective_of_poseidon2CR	Dregg2.Circuit.Poseidon2Binding	Dregg2/Circuit/Poseidon2Binding.lean	206	211	thm	threader	opaque-pred	0	Dregg2.Circuit.Poseidon2Binding.Poseidon2SpongeCR	bridge
CARRIER	Dregg2.Circuit.Poseidon2Binding.LeafRealization.casesOn	Dregg2.Circuit.Poseidon2Binding	Dregg2/Circuit/Poseidon2Binding.lean	220	236	def	embedded	other	0	Dregg2.Circuit.Poseidon2Binding.Poseidon2SpongeCR	struct-boiler,emb-binder
CARRIER	Dregg2.Circuit.Poseidon2Binding.LeafRealization.recOn	Dregg2.Circuit.Poseidon2Binding	Dregg2/Circuit/Poseidon2Binding.lean	220	236	def	embedded	other	0	Dregg2.Circuit.Poseidon2Binding.Poseidon2SpongeCR	struct-boiler,emb-binder
CARRIER	Dregg2.Circuit.Poseidon2Binding.LeafRealization.rec	Dregg2.Circuit.Poseidon2Binding	Dregg2/Circuit/Poseidon2Binding.lean	220	236	rec	embedded	other	0	Dregg2.Circuit.Poseidon2Binding.Poseidon2SpongeCR	emb-binder
CARRIER	Dregg2.Circuit.Poseidon2Binding.LeafRealization.mk	Dregg2.Circuit.Poseidon2Binding	Dregg2/Circuit/Poseidon2Binding.lean	225	225	ctor	no-value	opaque-pred	0	Dregg2.Circuit.Poseidon2Binding.Poseidon2SpongeCR	struct-boiler
CARRIER	Dregg2.Circuit.Poseidon2Binding.LeafRealization.mk.noConfusion	Dregg2.Circuit.Poseidon2Binding	Dregg2/Circuit/Poseidon2Binding.lean	225	225	def	threader	other	1	Dregg2.Circuit.Poseidon2Binding.Poseidon2SpongeCR	struct-boiler,auto-name
CARRIER	Dregg2.Circuit.Poseidon2Binding.LeafRealization.spongeCR	Dregg2.Circuit.Poseidon2Binding	Dregg2/Circuit/Poseidon2Binding.lean	236	236	thm	embedded	opaque-pred	0	Dregg2.Circuit.Poseidon2Binding.Poseidon2SpongeCR	struct-boiler,emb-conc
CARRIER	Dregg2.Circuit.Poseidon2Binding.cellLeafInjective_of_realization	Dregg2.Circuit.Poseidon2Binding	Dregg2/Circuit/Poseidon2Binding.lean	238	246	thm	embedded	opaque-pred	0	Dregg2.Circuit.StateCommit.cellLeafInjective	emb-conc
CARRIER	Dregg2.Circuit.Poseidon2Binding.LogRealization.recOn	Dregg2.Circuit.Poseidon2Binding	Dregg2/Circuit/Poseidon2Binding.lean	248	261	def	embedded	other	0	Dregg2.Circuit.Poseidon2Binding.Poseidon2SpongeCR	struct-boiler,emb-binder
CARRIER	Dregg2.Circuit.Poseidon2Binding.LogRealization.casesOn	Dregg2.Circuit.Poseidon2Binding	Dregg2/Circuit/Poseidon2Binding.lean	248	261	def	embedded	other	0	Dregg2.Circuit.Poseidon2Binding.Poseidon2SpongeCR	struct-boiler,emb-binder
CARRIER	Dregg2.Circuit.Poseidon2Binding.LogRealization.rec	Dregg2.Circuit.Poseidon2Binding	Dregg2/Circuit/Poseidon2Binding.lean	248	261	rec	embedded	other	0	Dregg2.Circuit.Poseidon2Binding.Poseidon2SpongeCR	emb-binder
CARRIER	Dregg2.Circuit.Poseidon2Binding.LogRealization.mk.noConfusion	Dregg2.Circuit.Poseidon2Binding	Dregg2/Circuit/Poseidon2Binding.lean	251	251	def	threader	other	1	Dregg2.Circuit.Poseidon2Binding.Poseidon2SpongeCR	struct-boiler,auto-name
CARRIER	Dregg2.Circuit.Poseidon2Binding.LogRealization.mk	Dregg2.Circuit.Poseidon2Binding	Dregg2/Circuit/Poseidon2Binding.lean	251	251	ctor	no-value	opaque-pred	0	Dregg2.Circuit.Poseidon2Binding.Poseidon2SpongeCR	struct-boiler
CARRIER	Dregg2.Circuit.Poseidon2Binding.LogRealization.spongeCR	Dregg2.Circuit.Poseidon2Binding	Dregg2/Circuit/Poseidon2Binding.lean	261	261	thm	embedded	opaque-pred	0	Dregg2.Circuit.Poseidon2Binding.Poseidon2SpongeCR	struct-boiler,emb-conc
CARRIER	Dregg2.Circuit.Poseidon2Binding.logHashInjective_of_realization	Dregg2.Circuit.Poseidon2Binding	Dregg2/Circuit/Poseidon2Binding.lean	263	269	thm	embedded	opaque-pred	0	Dregg2.Circuit.StateCommit.logHashInjective	emb-conc
CARRIER	Dregg2.Circuit.Poseidon2Binding.Reference.refSponge_CR	Dregg2.Circuit.Poseidon2Binding	Dregg2/Circuit/Poseidon2Binding.lean	284	287	thm	embedded	opaque-pred	0	Dregg2.Circuit.Poseidon2Binding.Poseidon2SpongeCR	emb-conc
CARRIER	Dregg2.Circuit.Poseidon2Binding.group4_of_injective	Dregg2.Circuit.Poseidon2Binding	Dregg2/Circuit/Poseidon2Binding.lean	501	513	thm	endpoint	and	0	Dregg2.Circuit.Poseidon2Binding.Poseidon2SpongeCR	-
CARRIER	Dregg2.Circuit.Poseidon2Binding.spongeColl_refutable_of_injective	Dregg2.Circuit.Poseidon2Binding	Dregg2/Circuit/Poseidon2Binding.lean	515	523	thm	endpoint	not	0	Dregg2.Circuit.Poseidon2Binding.Poseidon2SpongeCR	-
CARRIER	Dregg2.Circuit.Poseidon2Emit.state_commit_sponge_binding	Dregg2.Circuit.Poseidon2Emit	Dregg2/Circuit/Poseidon2Emit.lean	150	156	thm	threader	opaque-pred	1	Dregg2.Circuit.Poseidon2Binding.Poseidon2SpongeCR	bridge
CARRIER	Dregg2.Circuit.Poseidon2Emit.log_hash_sponge_binding	Dregg2.Circuit.Poseidon2Emit	Dregg2/Circuit/Poseidon2Emit.lean	158	163	thm	embedded	opaque-pred	0	Dregg2.Circuit.StateCommit.logHashInjective	emb-conc
CARRIER	Dregg2.Circuit.Poseidon2KeyedBridge.DomainSeparatedCR	Dregg2.Circuit.Poseidon2KeyedBridge	Dregg2/Circuit/Poseidon2KeyedBridge.lean	143	179	def	prop-body	other	0	Dregg2.Circuit.HashFloorHonesty.CollisionResistant	direct
CARRIER	Dregg2.Circuit.Poseidon2KeyedBridge.domainSeparatedCR_of_injective_sponge	Dregg2.Circuit.Poseidon2KeyedBridge	Dregg2/Circuit/Poseidon2KeyedBridge.lean	188	196	thm	propdef-user	opaque-pred	1	Dregg2.Circuit.HashFloorHonesty.CollisionResistant	uses-propdef
CARRIER	Dregg2.Circuit.Poseidon2KeyedBridge.domainSeparatedCR_of_poseidon2SpongeCR	Dregg2.Circuit.Poseidon2KeyedBridge	Dregg2/Circuit/Poseidon2KeyedBridge.lean	198	204	thm	endpoint	opaque-pred	1	Dregg2.Circuit.Poseidon2Binding.Poseidon2SpongeCR	uses-propdef
CARRIER	Dregg2.Circuit.Poseidon2KeyedBridge.brokenDomainSep_not_CR	Dregg2.Circuit.Poseidon2KeyedBridge	Dregg2/Circuit/Poseidon2KeyedBridge.lean	226	243	thm	propdef-user	not	1	Dregg2.Circuit.HashFloorHonesty.CollisionResistant	uses-propdef
CARRIER	Dregg2.Circuit.Poseidon2KeyedBridge.refDomainSep_CR	Dregg2.Circuit.Poseidon2KeyedBridge	Dregg2/Circuit/Poseidon2KeyedBridge.lean	259	260	thm	propdef-user	opaque-pred	1	Dregg2.Circuit.HashFloorHonesty.CollisionResistant	uses-propdef
CARRIER	Dregg2.Circuit.Poseidon2Surface.p2sponge_compressNInjective	Dregg2.Circuit.Poseidon2Surface	Dregg2/Circuit/Poseidon2Surface.lean	89	92	thm	threader	opaque-pred	1	Dregg2.Circuit.Poseidon2Binding.Poseidon2SpongeCR	bridge
CARRIER	Dregg2.Circuit.RecursiveAggregation.conserves_from_verification	Dregg2.Circuit.RecursiveAggregation	Dregg2/Circuit/RecursiveAggregation.lean	327	354	thm	threader	eq	6	Dregg2.Circuit.StateCommit.compressInjective,Dregg2.Circuit.StateCommit.compressNInjective,Dregg2.Circuit.StateCommit.cellLeafInjective	-
CARRIER	Dregg2.Circuit.RecursiveAggregation.anchored_conserves_from_verification	Dregg2.Circuit.RecursiveAggregation	Dregg2/Circuit/RecursiveAggregation.lean	356	380	thm	threader	and	7	Dregg2.Circuit.StateCommit.compressInjective,Dregg2.Circuit.StateCommit.compressNInjective,Dregg2.Circuit.StateCommit.cellLeafInjective	simp
CARRIER	Dregg2.Circuit.RecursiveAggregation.non_omission_from_verification	Dregg2.Circuit.RecursiveAggregation	Dregg2/Circuit/RecursiveAggregation.lean	382	403	thm	threader	opaque-pred	5	Dregg2.Circuit.StateCommit.compressNInjective	-
CARRIER	Dregg2.Circuit.Refinement.circuit_refines_spec	Dregg2.Circuit.Refinement	Dregg2/Circuit/Refinement.lean	101	113	thm	threader	opaque-pred	2	Dregg2.Circuit.StateCommit.compressInjective,Dregg2.Circuit.StateCommit.compressNInjective,Dregg2.Circuit.StateCommit.cellLeafInjective	-
CARRIER	Dregg2.Circuit.Refinement.circuit_refines_exec	Dregg2.Circuit.Refinement	Dregg2/Circuit/Refinement.lean	122	132	thm	threader	opaque-pred	3	Dregg2.Circuit.StateCommit.compressInjective,Dregg2.Circuit.StateCommit.compressNInjective,Dregg2.Circuit.StateCommit.cellLeafInjective	-
CARRIER	Dregg2.Circuit.Refinement.circuit_conserves	Dregg2.Circuit.Refinement	Dregg2/Circuit/Refinement.lean	151	163	thm	threader	opaque-pred	3	Dregg2.Circuit.StateCommit.compressInjective,Dregg2.Circuit.StateCommit.compressNInjective,Dregg2.Circuit.StateCommit.cellLeafInjective	-
CARRIER	Dregg2.Circuit.Refinement.circuitL_refines_spec	Dregg2.Circuit.Refinement	Dregg2/Circuit/Refinement.lean	216	228	thm	threader	opaque-pred	3	Dregg2.Circuit.StateCommit.compressInjective,Dregg2.Circuit.StateCommit.compressNInjective,Dregg2.Circuit.StateCommit.cellLeafInjective	-
CARRIER	Dregg2.Circuit.RotatedCommitDifferential.rotatedCommit_binds_limbs	Dregg2.Circuit.RotatedCommitDifferential	Dregg2/Circuit/RotatedCommitDifferential.lean	180	188	thm	threader	and	2	Dregg2.Circuit.Poseidon2Binding.Poseidon2SpongeCR	-
CARRIER	Dregg2.Circuit.RotatedCommitDifferential.rotatedCommit_binds_authority_digest	Dregg2.Circuit.RotatedCommitDifferential	Dregg2/Circuit/RotatedCommitDifferential.lean	190	223	thm	threader	eq	3	Dregg2.Circuit.Poseidon2Binding.Poseidon2SpongeCR	simp
CARRIER	Dregg2.Circuit.RotatedCommitDifferential.rotatedCommit_binds_cap_root	Dregg2.Circuit.RotatedCommitDifferential	Dregg2/Circuit/RotatedCommitDifferential.lean	225	253	thm	threader	eq	3	Dregg2.Circuit.Poseidon2Binding.Poseidon2SpongeCR	simp
CARRIER	Dregg2.Circuit.RotatedCommitDifferential.rotated_and_perCell_both_bind_authority_residue	Dregg2.Circuit.RotatedCommitDifferential	Dregg2/Circuit/RotatedCommitDifferential.lean	266	310	thm	threader	and	4	Dregg2.Circuit.Poseidon2Binding.Poseidon2SpongeCR	-
CARRIER	Dregg2.Circuit.RotatedCommitDifferential.rotatedCommit_binds_commitments_root	Dregg2.Circuit.RotatedCommitDifferential	Dregg2/Circuit/RotatedCommitDifferential.lean	312	342	thm	threader	eq	3	Dregg2.Circuit.Poseidon2Binding.Poseidon2SpongeCR	simp
CARRIER	Dregg2.Circuit.RotatedKernelForestCohortChain.chainForcesEveryCohort	Dregg2.Circuit.RotatedKernelForestCohortChain	Dregg2/Circuit/RotatedKernelForestCohortChain.lean	135	149	thm	threader	exists	2	Dregg2.Circuit.Poseidon2Binding.Poseidon2SpongeCR	uses-propdef
CARRIER	Dregg2.Circuit.RotatedKernelForestCohortChain.cohort_chain_forces_tail	Dregg2.Circuit.RotatedKernelForestCohortChain	Dregg2/Circuit/RotatedKernelForestCohortChain.lean	151	163	thm	threader	exists	3	Dregg2.Circuit.Poseidon2Binding.Poseidon2SpongeCR	uses-propdef
CARRIER	Dregg2.Circuit.RotatedKernelForestCohortChain.lightclient_cohort_chain_forces_full_turn	Dregg2.Circuit.RotatedKernelForestCohortChain	Dregg2/Circuit/RotatedKernelForestCohortChain.lean	172	189	thm	threader	exists	3	Dregg2.Circuit.Poseidon2Binding.Poseidon2SpongeCR	uses-propdef
CARRIER	Dregg2.Circuit.RotatedKernelForestFacet.lightclient_turn_unfoolable_forest_facet	Dregg2.Circuit.RotatedKernelForestFacet	Dregg2/Circuit/RotatedKernelForestFacet.lean	133	185	thm	threader	exists	1	Dregg2.Circuit.Poseidon2Binding.Poseidon2SpongeCR	uses-propdef,simp,ho-thread
CARRIER	Dregg2.Circuit.RotatedKernelRefinementBirth.createCell_accounts_forced	Dregg2.Circuit.RotatedKernelRefinementBirth	Dregg2/Circuit/RotatedKernelRefinementBirth.lean	229	237	thm	threader	eq	1	Dregg2.Circuit.StateCommit.compressNInjective	-
CARRIER	Dregg2.Circuit.RotatedKernelRefinementBirth.createCell_descriptorRefines	Dregg2.Circuit.RotatedKernelRefinementBirth	Dregg2/Circuit/RotatedKernelRefinementBirth.lean	239	252	thm	threader	opaque-pred	2	Dregg2.Circuit.StateCommit.compressNInjective	-
CARRIER	Dregg2.Circuit.RotatedKernelRefinementBirth.createCell_descriptorRefines_execFullA	Dregg2.Circuit.RotatedKernelRefinementBirth	Dregg2/Circuit/RotatedKernelRefinementBirth.lean	254	263	thm	threader	eq	3	Dregg2.Circuit.StateCommit.compressNInjective	-
CARRIER	Dregg2.Circuit.RotatedKernelRefinementBirth.createCell_descriptorRefines_rejects_wrong_accounts	Dregg2.Circuit.RotatedKernelRefinementBirth	Dregg2/Circuit/RotatedKernelRefinementBirth.lean	265	275	thm	tooth	False	2	Dregg2.Circuit.StateCommit.compressNInjective	was-threader
CARRIER	Dregg2.Circuit.RotatedKernelRefinementBirth.createFromFactory_accounts_forced	Dregg2.Circuit.RotatedKernelRefinementBirth	Dregg2/Circuit/RotatedKernelRefinementBirth.lean	320	327	thm	threader	eq	1	Dregg2.Circuit.StateCommit.compressNInjective	-
CARRIER	Dregg2.Circuit.RotatedKernelRefinementBirth.createCellFromFactory_descriptorRefines	Dregg2.Circuit.RotatedKernelRefinementBirth	Dregg2/Circuit/RotatedKernelRefinementBirth.lean	329	342	thm	threader	opaque-pred	2	Dregg2.Circuit.StateCommit.compressNInjective	-
CARRIER	Dregg2.Circuit.RotatedKernelRefinementBirth.createCellFromFactory_descriptorRefines_execFullA	Dregg2.Circuit.RotatedKernelRefinementBirth	Dregg2/Circuit/RotatedKernelRefinementBirth.lean	344	354	thm	threader	eq	3	Dregg2.Circuit.StateCommit.compressNInjective	simp
CARRIER	Dregg2.Circuit.RotatedKernelRefinementBirth.createCellFromFactory_descriptorRefines_rejects_wrong_accounts	Dregg2.Circuit.RotatedKernelRefinementBirth	Dregg2/Circuit/RotatedKernelRefinementBirth.lean	356	363	thm	tooth	False	2	Dregg2.Circuit.StateCommit.compressNInjective	was-threader
CARRIER	Dregg2.Circuit.RotatedKernelRefinementBirth.spawn_accounts_forced	Dregg2.Circuit.RotatedKernelRefinementBirth	Dregg2/Circuit/RotatedKernelRefinementBirth.lean	421	430	thm	threader	eq	1	Dregg2.Circuit.StateCommit.compressNInjective	-
CARRIER	Dregg2.Circuit.RotatedKernelRefinementBirth.spawn_descriptorRefines	Dregg2.Circuit.RotatedKernelRefinementBirth	Dregg2/Circuit/RotatedKernelRefinementBirth.lean	432	446	thm	threader	opaque-pred	2	Dregg2.Circuit.StateCommit.compressNInjective	-
CARRIER	Dregg2.Circuit.RotatedKernelRefinementBirth.spawn_descriptorRefines_execFullA	Dregg2.Circuit.RotatedKernelRefinementBirth	Dregg2/Circuit/RotatedKernelRefinementBirth.lean	448	457	thm	threader	eq	3	Dregg2.Circuit.StateCommit.compressNInjective	simp
CARRIER	Dregg2.Circuit.RotatedKernelRefinementBirth.spawn_descriptorRefines_rejects_wrong_accounts	Dregg2.Circuit.RotatedKernelRefinementBirth	Dregg2/Circuit/RotatedKernelRefinementBirth.lean	459	468	thm	tooth	False	2	Dregg2.Circuit.StateCommit.compressNInjective	was-threader
CARRIER	Dregg2.Circuit.RotatedKernelRefinementCellSeal.lifecycleSealForced	Dregg2.Circuit.RotatedKernelRefinementCellSeal	Dregg2/Circuit/RotatedKernelRefinementCellSeal.lean	162	182	thm	threader	eq	1	Dregg2.Circuit.StateCommit.compressNInjective	simp
CARRIER	Dregg2.Circuit.RotatedKernelRefinementCellSeal.lifecycleMapForced	Dregg2.Circuit.RotatedKernelRefinementCellSeal	Dregg2/Circuit/RotatedKernelRefinementCellSeal.lean	192	209	thm	threader	eq	2	Dregg2.Circuit.StateCommit.compressNInjective	simp
CARRIER	Dregg2.Circuit.RotatedKernelRefinementCellSeal.cellSeal_lifecycle_forced	Dregg2.Circuit.RotatedKernelRefinementCellSeal	Dregg2/Circuit/RotatedKernelRefinementCellSeal.lean	270	280	thm	threader	eq	3	Dregg2.Circuit.StateCommit.compressNInjective	-
CARRIER	Dregg2.Circuit.RotatedKernelRefinementCellSeal.cellSeal_descriptorRefines	Dregg2.Circuit.RotatedKernelRefinementCellSeal	Dregg2/Circuit/RotatedKernelRefinementCellSeal.lean	287	302	thm	threader	opaque-pred	4	Dregg2.Circuit.StateCommit.compressNInjective	-
CARRIER	Dregg2.Circuit.RotatedKernelRefinementCellSeal.cellSeal_descriptorRefines_execFullA	Dregg2.Circuit.RotatedKernelRefinementCellSeal	Dregg2/Circuit/RotatedKernelRefinementCellSeal.lean	304	313	thm	threader	eq	5	Dregg2.Circuit.StateCommit.compressNInjective	-
CARRIER	Dregg2.Circuit.RotatedKernelRefinementCellSeal.cellSeal_descriptorRefines_rejects_unsealed	Dregg2.Circuit.RotatedKernelRefinementCellSeal	Dregg2/Circuit/RotatedKernelRefinementCellSeal.lean	322	334	thm	tooth	False	2	Dregg2.Circuit.StateCommit.compressNInjective	was-threader
CARRIER	Dregg2.Circuit.RotatedKernelRefinementCellSeal.cellSeal_descriptorRefines_rejects_wrong_map	Dregg2.Circuit.RotatedKernelRefinementCellSeal	Dregg2/Circuit/RotatedKernelRefinementCellSeal.lean	336	345	thm	tooth	False	4	Dregg2.Circuit.StateCommit.compressNInjective	was-threader
CARRIER	Dregg2.Circuit.RotatedKernelRefinementExercise.heapWrite_sat_rejects_wrong_splice_root	Dregg2.Circuit.RotatedKernelRefinementExercise	Dregg2/Circuit/RotatedKernelRefinementExercise.lean	421	460	thm	threader	eq	6	Dregg2.Circuit.Poseidon2Binding.Poseidon2SpongeCR	-
CARRIER	Dregg2.Circuit.RotatedKernelRefinementExercise.heapWrite_sat_rejects_forged_root	Dregg2.Circuit.RotatedKernelRefinementExercise	Dregg2/Circuit/RotatedKernelRefinementExercise.lean	491	518	thm	tooth	False	4	Dregg2.Circuit.Poseidon2Binding.Poseidon2SpongeCR	was-threader
CARRIER	Dregg2.Circuit.RotatedKernelRefinementFacet.lightclient_transfer_faithful	Dregg2.Circuit.RotatedKernelRefinementFacet	Dregg2/Circuit/RotatedKernelRefinementFacet.lean	759	780	thm	threader	exists	2	Dregg2.Circuit.Poseidon2Binding.Poseidon2SpongeCR	uses-propdef
CARRIER	Dregg2.Circuit.RotatedKernelRefinementFacetTurnBound.descriptorRefinesTB	Dregg2.Circuit.RotatedKernelRefinementFacetTurnBound	Dregg2/Circuit/RotatedKernelRefinementFacetTurnBound.lean	249	261	def	prop-body	other	0	Dregg2.Circuit.Poseidon2Binding.Poseidon2SpongeCR	direct
CARRIER	Dregg2.Circuit.RotatedKernelRefinementFacetTurnBound.descriptorRefinesTB_to_descriptorRefines	Dregg2.Circuit.RotatedKernelRefinementFacetTurnBound	Dregg2/Circuit/RotatedKernelRefinementFacetTurnBound.lean	263	272	thm	propdef-user	opaque-pred	1	Dregg2.Circuit.Poseidon2Binding.Poseidon2SpongeCR	uses-propdef
CARRIER	Dregg2.Circuit.RotatedKernelRefinementFacetTurnBound.lightclient_transfer_faithful_turnbound	Dregg2.Circuit.RotatedKernelRefinementFacetTurnBound	Dregg2/Circuit/RotatedKernelRefinementFacetTurnBound.lean	274	302	thm	threader	exists	1	Dregg2.Circuit.Poseidon2Binding.Poseidon2SpongeCR	uses-propdef,ho-thread
CARRIER	Dregg2.Circuit.RotatedKernelRefinementLifecycle.lifecycleSetForced	Dregg2.Circuit.RotatedKernelRefinementLifecycle	Dregg2/Circuit/RotatedKernelRefinementLifecycle.lean	104	119	thm	threader	eq	1	Dregg2.Circuit.StateCommit.compressNInjective	simp
CARRIER	Dregg2.Circuit.RotatedKernelRefinementLifecycle.unsealMapForced	Dregg2.Circuit.RotatedKernelRefinementLifecycle	Dregg2/Circuit/RotatedKernelRefinementLifecycle.lean	121	137	thm	threader	eq	2	Dregg2.Circuit.StateCommit.compressNInjective	simp
CARRIER	Dregg2.Circuit.RotatedKernelRefinementLifecycle.cellUnseal_lifecycle_forced	Dregg2.Circuit.RotatedKernelRefinementLifecycle	Dregg2/Circuit/RotatedKernelRefinementLifecycle.lean	170	177	thm	threader	eq	3	Dregg2.Circuit.StateCommit.compressNInjective	-
CARRIER	Dregg2.Circuit.RotatedKernelRefinementLifecycle.cellUnseal_descriptorRefines	Dregg2.Circuit.RotatedKernelRefinementLifecycle	Dregg2/Circuit/RotatedKernelRefinementLifecycle.lean	179	189	thm	threader	opaque-pred	4	Dregg2.Circuit.StateCommit.compressNInjective	-
CARRIER	Dregg2.Circuit.RotatedKernelRefinementLifecycle.cellUnseal_descriptorRefines_execFullA	Dregg2.Circuit.RotatedKernelRefinementLifecycle	Dregg2/Circuit/RotatedKernelRefinementLifecycle.lean	191	198	thm	threader	eq	5	Dregg2.Circuit.StateCommit.compressNInjective	-
CARRIER	Dregg2.Circuit.RotatedKernelRefinementLifecycle.cellUnseal_descriptorRefines_rejects_unrevived	Dregg2.Circuit.RotatedKernelRefinementLifecycle	Dregg2/Circuit/RotatedKernelRefinementLifecycle.lean	200	209	thm	tooth	False	2	Dregg2.Circuit.StateCommit.compressNInjective	was-threader
CARRIER	Dregg2.Circuit.RotatedKernelRefinementLifecycle.cellUnseal_descriptorRefines_rejects_wrong_map	Dregg2.Circuit.RotatedKernelRefinementLifecycle	Dregg2/Circuit/RotatedKernelRefinementLifecycle.lean	211	218	thm	tooth	False	4	Dregg2.Circuit.StateCommit.compressNInjective	was-threader
CARRIER	Dregg2.Circuit.RotatedKernelRefinementLifecycle.deathCertSetForced	Dregg2.Circuit.RotatedKernelRefinementLifecycle	Dregg2/Circuit/RotatedKernelRefinementLifecycle.lean	251	267	thm	threader	eq	1	Dregg2.Circuit.StateCommit.compressNInjective	simp
CARRIER	Dregg2.Circuit.RotatedKernelRefinementLifecycle.cellDestroy_lifecycle_forced	Dregg2.Circuit.RotatedKernelRefinementLifecycle	Dregg2/Circuit/RotatedKernelRefinementLifecycle.lean	305	319	thm	threader	eq	2	Dregg2.Circuit.StateCommit.compressNInjective	simp
CARRIER	Dregg2.Circuit.RotatedKernelRefinementLifecycle.cellDestroy_deathCert_forced	Dregg2.Circuit.RotatedKernelRefinementLifecycle	Dregg2/Circuit/RotatedKernelRefinementLifecycle.lean	321	335	thm	threader	eq	2	Dregg2.Circuit.StateCommit.compressNInjective	simp
CARRIER	Dregg2.Circuit.RotatedKernelRefinementLifecycle.cellDestroy_descriptorRefines	Dregg2.Circuit.RotatedKernelRefinementLifecycle	Dregg2/Circuit/RotatedKernelRefinementLifecycle.lean	337	350	thm	threader	opaque-pred	3	Dregg2.Circuit.StateCommit.compressNInjective	-
CARRIER	Dregg2.Circuit.RotatedKernelRefinementLifecycle.cellDestroy_descriptorRefines_execFullA	Dregg2.Circuit.RotatedKernelRefinementLifecycle	Dregg2/Circuit/RotatedKernelRefinementLifecycle.lean	352	359	thm	threader	eq	4	Dregg2.Circuit.StateCommit.compressNInjective	-
CARRIER	Dregg2.Circuit.RotatedKernelRefinementLifecycle.cellDestroy_descriptorRefines_rejects_undestroyed	Dregg2.Circuit.RotatedKernelRefinementLifecycle	Dregg2/Circuit/RotatedKernelRefinementLifecycle.lean	361	370	thm	tooth	False	2	Dregg2.Circuit.StateCommit.compressNInjective	was-threader
CARRIER	Dregg2.Circuit.RotatedKernelRefinementLifecycle.cellDestroy_descriptorRefines_rejects_wrong_cert	Dregg2.Circuit.RotatedKernelRefinementLifecycle	Dregg2/Circuit/RotatedKernelRefinementLifecycle.lean	372	382	thm	tooth	False	2	Dregg2.Circuit.StateCommit.compressNInjective	was-threader
CARRIER	Dregg2.Circuit.RotatedKernelRefinementLifecycle.audit_slot_forced	Dregg2.Circuit.RotatedKernelRefinementLifecycle	Dregg2/Circuit/RotatedKernelRefinementLifecycle.lean	473	481	thm	threader	eq	1	Dregg2.Circuit.StateCommit.compressNInjective	-
CARRIER	Dregg2.Circuit.RotatedKernelRefinementLifecycle.refusal_descriptorRefines	Dregg2.Circuit.RotatedKernelRefinementLifecycle	Dregg2/Circuit/RotatedKernelRefinementLifecycle.lean	483	494	thm	dead	opaque-pred	0	Dregg2.Circuit.StateCommit.compressNInjective	-
CARRIER	Dregg2.Circuit.RotatedKernelRefinementLifecycle.refusal_descriptorRefines_execFullA	Dregg2.Circuit.RotatedKernelRefinementLifecycle	Dregg2/Circuit/RotatedKernelRefinementLifecycle.lean	496	503	thm	threader	eq	1	Dregg2.Circuit.StateCommit.compressNInjective	-
CARRIER	Dregg2.Circuit.RotatedKernelRefinementLifecycle.receiptArchive_descriptorRefines	Dregg2.Circuit.RotatedKernelRefinementLifecycle	Dregg2/Circuit/RotatedKernelRefinementLifecycle.lean	505	517	thm	dead	opaque-pred	0	Dregg2.Circuit.StateCommit.compressNInjective	-
CARRIER	Dregg2.Circuit.RotatedKernelRefinementLifecycle.receiptArchive_descriptorRefines_recordStep	Dregg2.Circuit.RotatedKernelRefinementLifecycle	Dregg2/Circuit/RotatedKernelRefinementLifecycle.lean	519	528	thm	threader	eq	1	Dregg2.Circuit.StateCommit.compressNInjective	-
CARRIER	Dregg2.Circuit.RotatedKernelRefinementLifecycle.audit_descriptorRefines_rejects_unwritten	Dregg2.Circuit.RotatedKernelRefinementLifecycle	Dregg2/Circuit/RotatedKernelRefinementLifecycle.lean	530	539	thm	tooth	False	2	Dregg2.Circuit.StateCommit.compressNInjective	was-threader
CARRIER	Dregg2.Circuit.RotatedKernelRefinementLifecycle.cellDestroy_dc_forced	Dregg2.Circuit.RotatedKernelRefinementLifecycle	Dregg2/Circuit/RotatedKernelRefinementLifecycle.lean	845	885	thm	threader	eq	1	Dregg2.Circuit.StateCommit.compressNInjective	simp
CARRIER	Dregg2.Circuit.RotatedKernelRefinementLifecycle.cellDestroy_descriptorRefines_sat	Dregg2.Circuit.RotatedKernelRefinementLifecycle	Dregg2/Circuit/RotatedKernelRefinementLifecycle.lean	887	919	thm	threader	opaque-pred	2	Dregg2.Circuit.StateCommit.compressNInjective	simp
CARRIER	Dregg2.Circuit.RotatedKernelRefinementLifecycle.cellDestroy_sat_rejects_wrong_cert	Dregg2.Circuit.RotatedKernelRefinementLifecycle	Dregg2/Circuit/RotatedKernelRefinementLifecycle.lean	933	944	thm	tooth	False	2	Dregg2.Circuit.StateCommit.compressNInjective	was-threader
CARRIER	Dregg2.Circuit.RotatedKernelRefinementLifecycle.refusal_descriptorRefines_sat	Dregg2.Circuit.RotatedKernelRefinementLifecycle	Dregg2/Circuit/RotatedKernelRefinementLifecycle.lean	1066	1086	thm	dead	opaque-pred	0	Dregg2.Circuit.StateCommit.compressNInjective	-
CARRIER	Dregg2.Circuit.RotatedKernelRefinementLifecycle.refusal_sat_rejects_unwritten	Dregg2.Circuit.RotatedKernelRefinementLifecycle	Dregg2/Circuit/RotatedKernelRefinementLifecycle.lean	1088	1099	thm	tooth	False	1	Dregg2.Circuit.StateCommit.compressNInjective	was-threader
CARRIER	Dregg2.Circuit.RotatedKernelRefinementLifecycleDisc.discBeforeForced	Dregg2.Circuit.RotatedKernelRefinementLifecycleDisc	Dregg2/Circuit/RotatedKernelRefinementLifecycleDisc.lean	136	151	thm	threader	eq	1	Dregg2.Circuit.StateCommit.compressNInjective	simp
CARRIER	Dregg2.Circuit.RotatedKernelRefinementLifecycleDisc.discAfterForced	Dregg2.Circuit.RotatedKernelRefinementLifecycleDisc	Dregg2/Circuit/RotatedKernelRefinementLifecycleDisc.lean	153	169	thm	threader	eq	1	Dregg2.Circuit.StateCommit.compressNInjective	simp
CARRIER	Dregg2.Circuit.RotatedKernelRefinementLifecycleDisc.discMover_before_forced	Dregg2.Circuit.RotatedKernelRefinementLifecycleDisc	Dregg2/Circuit/RotatedKernelRefinementLifecycleDisc.lean	190	197	thm	threader	eq	2	Dregg2.Circuit.StateCommit.compressNInjective	-
CARRIER	Dregg2.Circuit.RotatedKernelRefinementLifecycleDisc.discMover_after_forced	Dregg2.Circuit.RotatedKernelRefinementLifecycleDisc	Dregg2/Circuit/RotatedKernelRefinementLifecycleDisc.lean	199	207	thm	threader	eq	2	Dregg2.Circuit.StateCommit.compressNInjective	-
CARRIER	Dregg2.Circuit.RotatedKernelRefinementLifecycleDisc.cellSeal_disc_forced	Dregg2.Circuit.RotatedKernelRefinementLifecycleDisc	Dregg2/Circuit/RotatedKernelRefinementLifecycleDisc.lean	236	242	thm	threader	and	3	Dregg2.Circuit.StateCommit.compressNInjective	-
CARRIER	Dregg2.Circuit.RotatedKernelRefinementLifecycleDisc.cellUnseal_disc_forced	Dregg2.Circuit.RotatedKernelRefinementLifecycleDisc	Dregg2/Circuit/RotatedKernelRefinementLifecycleDisc.lean	244	250	thm	threader	and	3	Dregg2.Circuit.StateCommit.compressNInjective	-
CARRIER	Dregg2.Circuit.RotatedKernelRefinementLifecycleDisc.cellDestroy_disc_forced	Dregg2.Circuit.RotatedKernelRefinementLifecycleDisc	Dregg2/Circuit/RotatedKernelRefinementLifecycleDisc.lean	252	257	thm	threader	eq	3	Dregg2.Circuit.StateCommit.compressNInjective	-
CARRIER	Dregg2.Circuit.RotatedKernelRefinementLifecycleDisc.receiptArchive_disc_forced	Dregg2.Circuit.RotatedKernelRefinementLifecycleDisc	Dregg2/Circuit/RotatedKernelRefinementLifecycleDisc.lean	259	265	thm	threader	eq	3	Dregg2.Circuit.StateCommit.compressNInjective	-
CARRIER	Dregg2.Circuit.RotatedKernelRefinementLifecycleDisc.cellSeal_disc_rejects_frozen	Dregg2.Circuit.RotatedKernelRefinementLifecycleDisc	Dregg2/Circuit/RotatedKernelRefinementLifecycleDisc.lean	273	284	thm	tooth	False	4	Dregg2.Circuit.StateCommit.compressNInjective	was-threader
CARRIER	Dregg2.Circuit.RotatedKernelRefinementLifecycleDisc.cellSeal_disc_rejects_wrong_after	Dregg2.Circuit.RotatedKernelRefinementLifecycleDisc	Dregg2/Circuit/RotatedKernelRefinementLifecycleDisc.lean	286	293	thm	tooth	False	4	Dregg2.Circuit.StateCommit.compressNInjective	was-threader
CARRIER	Dregg2.Circuit.RotatedKernelRefinementLifecycleDisc.cellUnseal_disc_rejects_unrevived	Dregg2.Circuit.RotatedKernelRefinementLifecycleDisc	Dregg2/Circuit/RotatedKernelRefinementLifecycleDisc.lean	295	302	thm	tooth	False	4	Dregg2.Circuit.StateCommit.compressNInjective	was-threader
CARRIER	Dregg2.Circuit.RotatedKernelRefinementLifecycleDisc.cellDestroy_disc_rejects_resurrection	Dregg2.Circuit.RotatedKernelRefinementLifecycleDisc	Dregg2/Circuit/RotatedKernelRefinementLifecycleDisc.lean	304	315	thm	tooth	False	4	Dregg2.Circuit.StateCommit.compressNInjective	was-threader
CARRIER	Dregg2.Circuit.RotatedKernelRefinementLifecycleDisc.cellDestroy_disc_before_forced	Dregg2.Circuit.RotatedKernelRefinementLifecycleDisc	Dregg2/Circuit/RotatedKernelRefinementLifecycleDisc.lean	317	325	thm	threader	eq	3	Dregg2.Circuit.StateCommit.compressNInjective	-
CARRIER	Dregg2.Circuit.RotatedKernelRefinementLifecycleDisc.receiptArchive_disc_rejects_wrong_after	Dregg2.Circuit.RotatedKernelRefinementLifecycleDisc	Dregg2/Circuit/RotatedKernelRefinementLifecycleDisc.lean	327	334	thm	tooth	False	4	Dregg2.Circuit.StateCommit.compressNInjective	was-threader
CARRIER	Dregg2.Circuit.RotatedKernelRefinementMisc.makeSovereign_commit_forced	Dregg2.Circuit.RotatedKernelRefinementMisc	Dregg2/Circuit/RotatedKernelRefinementMisc.lean	172	183	thm	threader	eq	1	Dregg2.Circuit.StateCommit.compressNInjective	-
CARRIER	Dregg2.Circuit.RotatedKernelRefinementMisc.makeSovereign_descriptorRefines_rejects_wrong_commitment	Dregg2.Circuit.RotatedKernelRefinementMisc	Dregg2/Circuit/RotatedKernelRefinementMisc.lean	206	217	thm	tooth	False	2	Dregg2.Circuit.StateCommit.compressNInjective	was-threader
CARRIER	Dregg2.Circuit.RotatedKernelRefinementMisc.dynFieldSetForced	Dregg2.Circuit.RotatedKernelRefinementMisc	Dregg2/Circuit/RotatedKernelRefinementMisc.lean	250	257	thm	threader	eq	1	Dregg2.Circuit.StateCommit.compressNInjective	-
CARRIER	Dregg2.Circuit.RotatedKernelRefinementMisc.setFieldDyn_slot_forced	Dregg2.Circuit.RotatedKernelRefinementMisc	Dregg2/Circuit/RotatedKernelRefinementMisc.lean	290	296	thm	threader	eq	2	Dregg2.Circuit.StateCommit.compressNInjective	-
CARRIER	Dregg2.Circuit.RotatedKernelRefinementMisc.setFieldDyn_descriptorRefines_rejects_wrong_value	Dregg2.Circuit.RotatedKernelRefinementMisc	Dregg2/Circuit/RotatedKernelRefinementMisc.lean	325	334	thm	tooth	False	3	Dregg2.Circuit.StateCommit.compressNInjective	was-threader
CARRIER	Dregg2.Circuit.RotatedKernelRefinementNotes.noteGrowForced	Dregg2.Circuit.RotatedKernelRefinementNotes	Dregg2/Circuit/RotatedKernelRefinementNotes.lean	163	176	thm	threader	eq	1	Dregg2.Circuit.StateCommit.compressNInjective	simp
CARRIER	Dregg2.Circuit.RotatedKernelRefinementNotes.noteSpend_nullifiers_forced	Dregg2.Circuit.RotatedKernelRefinementNotes	Dregg2/Circuit/RotatedKernelRefinementNotes.lean	228	236	thm	threader	eq	2	Dregg2.Circuit.StateCommit.compressNInjective	-
CARRIER	Dregg2.Circuit.RotatedKernelRefinementNotes.noteSpend_descriptorRefines	Dregg2.Circuit.RotatedKernelRefinementNotes	Dregg2/Circuit/RotatedKernelRefinementNotes.lean	238	253	thm	threader	opaque-pred	3	Dregg2.Circuit.StateCommit.compressNInjective	-
CARRIER	Dregg2.Circuit.RotatedKernelRefinementNotes.noteSpend_descriptorRefines_execFullA	Dregg2.Circuit.RotatedKernelRefinementNotes	Dregg2/Circuit/RotatedKernelRefinementNotes.lean	255	264	thm	threader	eq	4	Dregg2.Circuit.StateCommit.compressNInjective	-
CARRIER	Dregg2.Circuit.RotatedKernelRefinementNotes.noteSpend_descriptorRefines_rejects_wrong_nullifiers	Dregg2.Circuit.RotatedKernelRefinementNotes	Dregg2/Circuit/RotatedKernelRefinementNotes.lean	266	276	thm	tooth	False	3	Dregg2.Circuit.StateCommit.compressNInjective	was-threader
CARRIER	Dregg2.Circuit.RotatedKernelRefinementNotes.noteCreate_commitments_forced	Dregg2.Circuit.RotatedKernelRefinementNotes	Dregg2/Circuit/RotatedKernelRefinementNotes.lean	331	339	thm	threader	eq	2	Dregg2.Circuit.StateCommit.compressNInjective	-
CARRIER	Dregg2.Circuit.RotatedKernelRefinementNotes.noteCreate_descriptorRefines	Dregg2.Circuit.RotatedKernelRefinementNotes	Dregg2/Circuit/RotatedKernelRefinementNotes.lean	341	355	thm	threader	opaque-pred	3	Dregg2.Circuit.StateCommit.compressNInjective	-
CARRIER	Dregg2.Circuit.RotatedKernelRefinementNotes.noteCreate_descriptorRefines_execFullA	Dregg2.Circuit.RotatedKernelRefinementNotes	Dregg2/Circuit/RotatedKernelRefinementNotes.lean	357	366	thm	threader	eq	4	Dregg2.Circuit.StateCommit.compressNInjective	-
CARRIER	Dregg2.Circuit.RotatedKernelRefinementNotes.noteCreate_descriptorRefines_rejects_wrong_commitments	Dregg2.Circuit.RotatedKernelRefinementNotes	Dregg2/Circuit/RotatedKernelRefinementNotes.lean	368	379	thm	tooth	False	3	Dregg2.Circuit.StateCommit.compressNInjective	was-threader
CARRIER	Dregg2.Circuit.RotatedKernelRefinementNotesFresh.noteSpendFresh_descriptorRefines	Dregg2.Circuit.RotatedKernelRefinementNotesFresh	Dregg2/Circuit/RotatedKernelRefinementNotesFresh.lean	214	226	thm	threader	opaque-pred	4	Dregg2.Circuit.StateCommit.compressNInjective	-
CARRIER	Dregg2.Circuit.RotatedKernelRefinementNotesFresh.noteSpendFresh_descriptorRefines_execFullA	Dregg2.Circuit.RotatedKernelRefinementNotesFresh	Dregg2/Circuit/RotatedKernelRefinementNotesFresh.lean	228	236	thm	threader	eq	5	Dregg2.Circuit.StateCommit.compressNInjective	-
CARRIER	Dregg2.Circuit.RotatedKernelRefinementNotesFreshBridge.noteSpendFresh_bridge	Dregg2.Circuit.RotatedKernelRefinementNotesFreshBridge	Dregg2/Circuit/RotatedKernelRefinementNotesFreshBridge.lean	274	315	thm	threader	and	5	Dregg2.Circuit.StateCommit.compressNInjective	-
CARRIER	Dregg2.Circuit.RotatedKernelRefinementPermsVK.setPermissions_slot_forced	Dregg2.Circuit.RotatedKernelRefinementPermsVK	Dregg2/Circuit/RotatedKernelRefinementPermsVK.lean	144	151	thm	threader	eq	1	Dregg2.Circuit.StateCommit.compressNInjective	-
CARRIER	Dregg2.Circuit.RotatedKernelRefinementPermsVK.setPermissions_descriptorRefines	Dregg2.Circuit.RotatedKernelRefinementPermsVK	Dregg2/Circuit/RotatedKernelRefinementPermsVK.lean	153	165	thm	dead	opaque-pred	0	Dregg2.Circuit.StateCommit.compressNInjective	-
CARRIER	Dregg2.Circuit.RotatedKernelRefinementPermsVK.setPermissions_descriptorRefines_execFullA	Dregg2.Circuit.RotatedKernelRefinementPermsVK	Dregg2/Circuit/RotatedKernelRefinementPermsVK.lean	167	174	thm	threader	eq	1	Dregg2.Circuit.StateCommit.compressNInjective	-
CARRIER	Dregg2.Circuit.RotatedKernelRefinementPermsVK.setPermissions_descriptorRefines_rejects_wrong_value	Dregg2.Circuit.RotatedKernelRefinementPermsVK	Dregg2/Circuit/RotatedKernelRefinementPermsVK.lean	176	184	thm	tooth	False	2	Dregg2.Circuit.StateCommit.compressNInjective	was-threader
CARRIER	Dregg2.Circuit.RotatedKernelRefinementPermsVK.setPermissions_descriptorRefines_rejects_wrong_map	Dregg2.Circuit.RotatedKernelRefinementPermsVK	Dregg2/Circuit/RotatedKernelRefinementPermsVK.lean	186	194	thm	tooth	False	0	Dregg2.Circuit.StateCommit.compressNInjective	was-dead
CARRIER	Dregg2.Circuit.RotatedKernelRefinementPermsVK.setVK_slot_forced	Dregg2.Circuit.RotatedKernelRefinementPermsVK	Dregg2/Circuit/RotatedKernelRefinementPermsVK.lean	227	234	thm	threader	eq	1	Dregg2.Circuit.StateCommit.compressNInjective	-
CARRIER	Dregg2.Circuit.RotatedKernelRefinementPermsVK.setVK_descriptorRefines	Dregg2.Circuit.RotatedKernelRefinementPermsVK	Dregg2/Circuit/RotatedKernelRefinementPermsVK.lean	236	247	thm	dead	opaque-pred	0	Dregg2.Circuit.StateCommit.compressNInjective	-
CARRIER	Dregg2.Circuit.RotatedKernelRefinementPermsVK.setVK_descriptorRefines_execFullA	Dregg2.Circuit.RotatedKernelRefinementPermsVK	Dregg2/Circuit/RotatedKernelRefinementPermsVK.lean	249	256	thm	threader	eq	1	Dregg2.Circuit.StateCommit.compressNInjective	-
CARRIER	Dregg2.Circuit.RotatedKernelRefinementPermsVK.setVK_descriptorRefines_rejects_wrong_value	Dregg2.Circuit.RotatedKernelRefinementPermsVK	Dregg2/Circuit/RotatedKernelRefinementPermsVK.lean	258	266	thm	tooth	False	2	Dregg2.Circuit.StateCommit.compressNInjective	was-threader
CARRIER	Dregg2.Circuit.RotatedKernelRefinementPermsVK.setVK_descriptorRefines_rejects_wrong_map	Dregg2.Circuit.RotatedKernelRefinementPermsVK	Dregg2/Circuit/RotatedKernelRefinementPermsVK.lean	268	275	thm	tooth	False	0	Dregg2.Circuit.StateCommit.compressNInjective	was-dead
CARRIER	Dregg2.Circuit.RotatedKernelRefinementProgram.setProgram_descriptorRefines_sat	Dregg2.Circuit.RotatedKernelRefinementProgram	Dregg2/Circuit/RotatedKernelRefinementProgram.lean	159	175	thm	dead	opaque-pred	0	Dregg2.Circuit.StateCommit.compressNInjective	-
CARRIER	Dregg2.Circuit.RotatedKernelRefinementProgram.setProgram_sat_rejects_unwritten	Dregg2.Circuit.RotatedKernelRefinementProgram	Dregg2/Circuit/RotatedKernelRefinementProgram.lean	177	190	thm	tooth	False	1	Dregg2.Circuit.StateCommit.compressNInjective	was-threader
CARRIER	Dregg2.Circuit.RotatedKernelRefinementSpawnHandoff.spawn_descriptorRefines_handoff	Dregg2.Circuit.RotatedKernelRefinementSpawnHandoff	Dregg2/Circuit/RotatedKernelRefinementSpawnHandoff.lean	126	140	thm	threader	opaque-pred	3	Dregg2.Circuit.StateCommit.compressNInjective	-
CARRIER	Dregg2.Circuit.RotatedKernelRefinementSpawnHandoff.spawn_descriptorRefines_handoff_execFullA	Dregg2.Circuit.RotatedKernelRefinementSpawnHandoff	Dregg2/Circuit/RotatedKernelRefinementSpawnHandoff.lean	142	151	thm	threader	eq	4	Dregg2.Circuit.StateCommit.compressNInjective	-
CARRIER	Dregg2.Circuit.RotatedKernelRefinementSpawnHandoff.spawn_handoff_rejects_wrong_accounts	Dregg2.Circuit.RotatedKernelRefinementSpawnHandoff	Dregg2/Circuit/RotatedKernelRefinementSpawnHandoff.lean	177	186	thm	tooth	False	2	Dregg2.Circuit.StateCommit.compressNInjective	was-threader
CARRIER	Dregg2.Circuit.RotationLayout.rotatedCommit_binds	Dregg2.Circuit.RotationLayout	Dregg2/Circuit/RotationLayout.lean	138	151	thm	endpoint	and	2	Dregg2.Circuit.Poseidon2Binding.Poseidon2SpongeCR	simp
CARRIER	Dregg2.Circuit.RotationLayout.rotatedCommit_binds_heapRoot	Dregg2.Circuit.RotationLayout	Dregg2/Circuit/RotationLayout.lean	153	158	thm	threader	eq	3	Dregg2.Circuit.Poseidon2Binding.Poseidon2SpongeCR	-
CARRIER	Dregg2.Circuit.RotationLayout.rotatedCommit_binds_reg	Dregg2.Circuit.RotationLayout	Dregg2/Circuit/RotationLayout.lean	160	166	thm	threader	eq	3	Dregg2.Circuit.Poseidon2Binding.Poseidon2SpongeCR	-
CARRIER	Dregg2.Circuit.RotationLayout.rotatedCommit_binds_log	Dregg2.Circuit.RotationLayout	Dregg2/Circuit/RotationLayout.lean	168	173	thm	threader	eq	3	Dregg2.Circuit.Poseidon2Binding.Poseidon2SpongeCR	-
CARRIER	Dregg2.Circuit.RotationLayout.rotatedCommit_binds_named_field	Dregg2.Circuit.RotationLayout	Dregg2/Circuit/RotationLayout.lean	304	313	thm	threader	eq	4	Dregg2.Circuit.Poseidon2Binding.Poseidon2SpongeCR	-
CARRIER	Dregg2.Circuit.RotationLayout.PiV3.committed_height_not_prover_chosen	Dregg2.Circuit.RotationLayout	Dregg2/Circuit/RotationLayout.lean	375	384	thm	threader	eq	3	Dregg2.Circuit.Poseidon2Binding.Poseidon2SpongeCR	simp
CARRIER	Dregg2.Circuit.S5Closure.deployed_collision_refutes_domainSepCR	Dregg2.Circuit.S5Closure	Dregg2/Circuit/S5Closure.lean	116	125	thm	propdef-user	False	1	Dregg2.Circuit.HashFloorHonesty.CollisionResistant	uses-propdef
CARRIER	Dregg2.Circuit.S5Closure.deployed_unfoolable_of_domainSepCR	Dregg2.Circuit.S5Closure	Dregg2/Circuit/S5Closure.lean	136	152	thm	propdef-user	not	1	Dregg2.Circuit.HashFloorHonesty.CollisionResistant	uses-propdef
CARRIER	Dregg2.Circuit.S5Closure.domainSepCR_forces_injective	Dregg2.Circuit.S5Closure	Dregg2/Circuit/S5Closure.lean	176	183	thm	propdef-user	opaque-pred	1	Dregg2.Circuit.HashFloorHonesty.CollisionResistant	uses-propdef
CARRIER	Dregg2.Circuit.S5Closure.domainSepCR_false_of_finite_range	Dregg2.Circuit.S5Closure	Dregg2/Circuit/S5Closure.lean	185	191	thm	propdef-user	not	1	Dregg2.Circuit.HashFloorHonesty.CollisionResistant	uses-propdef
CARRIER	Dregg2.Circuit.S5Closure.domainSepCR_false_babyBear	Dregg2.Circuit.S5Closure	Dregg2/Circuit/S5Closure.lean	193	200	thm	propdef-user	not	1	Dregg2.Circuit.HashFloorHonesty.CollisionResistant	uses-propdef
CARRIER	Dregg2.Circuit.SetFieldCommit.setfield_circuit_full_sound	Dregg2.Circuit.SetFieldCommit	Dregg2/Circuit/SetFieldCommit.lean	409	493	thm	endpoint	opaque-pred	1	Dregg2.Circuit.StateCommit.compressNInjective,Dregg2.Circuit.StateCommit.cellLeafInjective	simp
CARRIER	Dregg2.Circuit.SetFieldCommit.recSetFieldCommit_binds	Dregg2.Circuit.SetFieldCommit	Dregg2/Circuit/SetFieldCommit.lean	499	510	thm	endpoint	and	0	Dregg2.Circuit.StateCommit.compressInjective	-
CARRIER	Dregg2.Circuit.SetFieldCommit.setFieldCircuit_rejects_third_cell	Dregg2.Circuit.SetFieldCommit	Dregg2/Circuit/SetFieldCommit.lean	602	624	thm	threader	not	1	Dregg2.Circuit.StateCommit.compressNInjective,Dregg2.Circuit.StateCommit.cellLeafInjective	simp
CARRIER	Dregg2.Circuit.SetFieldCommit.setFieldCircuit_rejects_wrong_target	Dregg2.Circuit.SetFieldCommit	Dregg2/Circuit/SetFieldCommit.lean	628	643	thm	endpoint	not	0	Dregg2.Circuit.StateCommit.cellLeafInjective	simp
CARRIER	Dregg2.Circuit.SettlementSoundness.finalized_commit_binds_revoked	Dregg2.Circuit.SettlementSoundness	Dregg2/Circuit/SettlementSoundness.lean	164	182	thm	threader	eq	3	Dregg2.Circuit.StateCommit.compressInjective,Dregg2.Circuit.StateCommit.compressNInjective,Dregg2.Circuit.StateCommit.cellLeafInjective	simp
CARRIER	Dregg2.Circuit.SettlementSoundness.settlement_soundness	Dregg2.Circuit.SettlementSoundness	Dregg2/Circuit/SettlementSoundness.lean	193	242	thm	threader	and	3	Dregg2.Circuit.StateCommit.compressInjective,Dregg2.Circuit.StateCommit.compressNInjective,Dregg2.Circuit.StateCommit.cellLeafInjective,Dregg2.Circuit.Poseidon2Binding.Poseidon2SpongeCR	conc-floor
CARRIER	Dregg2.Circuit.SettlementSoundness.settlement_soundness_single_machine	Dregg2.Circuit.SettlementSoundness	Dregg2/Circuit/SettlementSoundness.lean	246	280	thm	threader	and	3	Dregg2.Circuit.StateCommit.compressInjective,Dregg2.Circuit.StateCommit.compressNInjective,Dregg2.Circuit.StateCommit.cellLeafInjective,Dregg2.Circuit.Poseidon2Binding.Poseidon2SpongeCR	conc-floor
CARRIER	Dregg2.Circuit.SovereignBindingFromFold.sovereign_binding_from_fold	Dregg2.Circuit.SovereignBindingFromFold	Dregg2/Circuit/SovereignBindingFromFold.lean	137	163	thm	threader	and	1	Dregg2.Circuit.Poseidon2Binding.Poseidon2SpongeCR	simp
CARRIER	Dregg2.Circuit.SovereignBindingFromFold.honest_companion_fires	Dregg2.Circuit.SovereignBindingFromFold	Dregg2/Circuit/SovereignBindingFromFold.lean	210	223	thm	threader	and	2	Dregg2.Circuit.Poseidon2Binding.Poseidon2SpongeCR	-
CARRIER	Dregg2.Circuit.SpongeCollisionShirk.noSpongeColl_of_spongeCR	Dregg2.Circuit.SpongeCollisionShirk	Dregg2/Circuit/SpongeCollisionShirk.lean	123	129	thm	endpoint	not	0	Dregg2.Circuit.Poseidon2Binding.Poseidon2SpongeCR	-
CARRIER	Dregg2.Circuit.SpongeCollisionShirk.spongeBinds_of_carrier	Dregg2.Circuit.SpongeCollisionShirk	Dregg2/Circuit/SpongeCollisionShirk.lean	143	147	thm	threader	eq	1	Dregg2.Circuit.Poseidon2Binding.Poseidon2SpongeCR	-
CARRIER	Dregg2.Circuit.StarkSoundFriLdt.starkSound_of_friLdtExtract_transferV3	Dregg2.Circuit.StarkSoundFriLdt	Dregg2/Circuit/StarkSoundFriLdt.lean	69	82	thm	threader	opaque-pred	3	Dregg2.Circuit.Poseidon2Binding.Poseidon2SpongeCR	-
CARRIER	Dregg2.Circuit.StarkSoundFriLdt.starkSound_of_friLdtExtract_transferV3_noOodShape	Dregg2.Circuit.StarkSoundFriLdt	Dregg2/Circuit/StarkSoundFriLdt.lean	84	96	thm	threader	opaque-pred	4	Dregg2.Circuit.Poseidon2Binding.Poseidon2SpongeCR	-
CARRIER	Dregg2.Circuit.StarkSoundFriLdtCorrected.starkSound_of_friLdtExtractFaithful_deployed	Dregg2.Circuit.StarkSoundFriLdtCorrected	Dregg2/Circuit/StarkSoundFriLdtCorrected.lean	122	133	thm	threader	opaque-pred	3	Dregg2.Circuit.Poseidon2Binding.Poseidon2SpongeCR	-
CARRIER	Dregg2.Circuit.StarkSoundFriLdtCorrected.starkSound_of_friLdtExtractCons_transferV3	Dregg2.Circuit.StarkSoundFriLdtCorrected	Dregg2/Circuit/StarkSoundFriLdtCorrected.lean	135	147	thm	threader	opaque-pred	4	Dregg2.Circuit.Poseidon2Binding.Poseidon2SpongeCR	-
CARRIER	Dregg2.Circuit.StarkSoundFriLdtCorrected.starkSound_of_friLdtExtract_transferV3_via_corrected	Dregg2.Circuit.StarkSoundFriLdtCorrected	Dregg2/Circuit/StarkSoundFriLdtCorrected.lean	149	161	thm	threader	opaque-pred	5	Dregg2.Circuit.Poseidon2Binding.Poseidon2SpongeCR	-
CARRIER	Dregg2.Circuit.StarkSoundFriLdtCorrected.starkSound_of_noOodShape_transferV3	Dregg2.Circuit.StarkSoundFriLdtCorrected	Dregg2/Circuit/StarkSoundFriLdtCorrected.lean	243	253	thm	threader	opaque-pred	4	Dregg2.Circuit.Poseidon2Binding.Poseidon2SpongeCR	-
CARRIER	Dregg2.Circuit.StarkSoundReduction.lightclient_unfoolable_of_core	Dregg2.Circuit.StarkSoundReduction	Dregg2/Circuit/StarkSoundReduction.lean	160	179	thm	threader	exists	2	Dregg2.Circuit.Poseidon2Binding.Poseidon2SpongeCR	uses-propdef
CARRIER	Dregg2.Circuit.StateCommit.MovedDigestBindsCells	Dregg2.Circuit.StateCommit	Dregg2/Circuit/StateCommit.lean	287	298	thm	endpoint	and	0	Dregg2.Circuit.StateCommit.compressInjective,Dregg2.Circuit.StateCommit.cellLeafInjective	-
CARRIER	Dregg2.Circuit.StateCommit.FrameDigestBindsCells	Dregg2.Circuit.StateCommit	Dregg2/Circuit/StateCommit.lean	300	319	thm	endpoint	eq	0	Dregg2.Circuit.StateCommit.compressNInjective,Dregg2.Circuit.StateCommit.cellLeafInjective	-
CARRIER	Dregg2.Circuit.StateCommit.CombineInjective	Dregg2.Circuit.StateCommit	Dregg2/Circuit/StateCommit.lean	321	325	thm	endpoint	and	0	Dregg2.Circuit.StateCommit.compressInjective	-
CARRIER	Dregg2.Circuit.StateCommit.transfer_circuit_full_sound	Dregg2.Circuit.StateCommit	Dregg2/Circuit/StateCommit.lean	477	570	thm	threader	opaque-pred	1	Dregg2.Circuit.StateCommit.compressInjective,Dregg2.Circuit.StateCommit.compressNInjective,Dregg2.Circuit.StateCommit.cellLeafInjective	simp
CARRIER	Dregg2.Circuit.StateCommit.recStateCommit_binds	Dregg2.Circuit.StateCommit	Dregg2/Circuit/StateCommit.lean	582	590	thm	threader	and	1	Dregg2.Circuit.StateCommit.compressInjective	-
CARRIER	Dregg2.Circuit.StateCommit.cellDigest_binds_cells	Dregg2.Circuit.StateCommit	Dregg2/Circuit/StateCommit.lean	605	639	thm	endpoint	eq	1	Dregg2.Circuit.StateCommit.compressInjective,Dregg2.Circuit.StateCommit.compressNInjective,Dregg2.Circuit.StateCommit.cellLeafInjective	simp
CARRIER	Dregg2.Circuit.StateCommit.recStateCommit_binds_kernel	Dregg2.Circuit.StateCommit	Dregg2/Circuit/StateCommit.lean	643	672	thm	threader	eq	2	Dregg2.Circuit.StateCommit.compressInjective,Dregg2.Circuit.StateCommit.compressNInjective,Dregg2.Circuit.StateCommit.cellLeafInjective	simp
CARRIER	Dregg2.Circuit.StateCommit.stateCircuit_rejects_third_cell	Dregg2.Circuit.StateCommit	Dregg2/Circuit/StateCommit.lean	782	805	thm	threader	not	1	Dregg2.Circuit.StateCommit.compressNInjective,Dregg2.Circuit.StateCommit.cellLeafInjective	simp
CARRIER	Dregg2.Circuit.StateCommitFloorRegrounded.cellLeafInjective_false_of_finite_range	Dregg2.Circuit.StateCommitFloorRegrounded	Dregg2/Circuit/StateCommitFloorRegrounded.lean	150	155	thm	embedded	not	0	Dregg2.Circuit.StateCommit.cellLeafInjective	neg-conc,refut-witness
CARRIER	Dregg2.Circuit.StateCommitFloorRegrounded.cellLeafInjective_false_babyBear	Dregg2.Circuit.StateCommitFloorRegrounded	Dregg2/Circuit/StateCommitFloorRegrounded.lean	157	165	thm	embedded	not	0	Dregg2.Circuit.StateCommit.cellLeafInjective	neg-conc
CARRIER	Dregg2.Circuit.StateCommitFloorRegrounded.logHashInjective_false_of_finite_range	Dregg2.Circuit.StateCommitFloorRegrounded	Dregg2/Circuit/StateCommitFloorRegrounded.lean	167	171	thm	embedded	not	0	Dregg2.Circuit.StateCommit.logHashInjective	neg-conc
CARRIER	Dregg2.Circuit.StateCommitFloorRegrounded.logHashInjective_false_babyBear	Dregg2.Circuit.StateCommitFloorRegrounded	Dregg2/Circuit/StateCommitFloorRegrounded.lean	173	178	thm	embedded	not	0	Dregg2.Circuit.StateCommit.logHashInjective	neg-conc
CARRIER	Dregg2.Circuit.StateCommitFloorRegrounded.scLogFamily_CR_of_logHashInjective	Dregg2.Circuit.StateCommitFloorRegrounded	Dregg2/Circuit/StateCommitFloorRegrounded.lean	648	657	thm	embedded	opaque-pred	0	Dregg2.Circuit.StateCommit.logHashInjective,Dregg2.Circuit.HashFloorHonesty.CollisionResistant	emb-conc,emb-binder
CARRIER	Dregg2.Circuit.StateCommitLeafCutoverCheck.stateCommit_binds_cells_and_rest_of_injective	Dregg2.Circuit.StateCommitLeafCutoverCheck	Dregg2/Circuit/StateCommitLeafCutoverCheck.lean	58	68	def	threader	and	3	Dregg2.Circuit.StateCommit.compressInjective,Dregg2.Circuit.StateCommit.compressNInjective,Dregg2.Circuit.StateCommit.cellLeafInjective	-
CARRIER	Dregg2.Circuit.StateCommitLeafCutoverCheck.setFieldCommit_binds_all_of_injective	Dregg2.Circuit.StateCommitLeafCutoverCheck	Dregg2/Circuit/StateCommitLeafCutoverCheck.lean	76	87	def	threader	and	2	Dregg2.Circuit.StateCommit.compressInjective,Dregg2.Circuit.StateCommit.compressNInjective,Dregg2.Circuit.StateCommit.cellLeafInjective,Dregg2.Circuit.StateCommit.logHashInjective	-
CARRIER	Dregg2.Circuit.StateCommitLeafCutoverCheck.crossbind_cells_agree_of_injective	Dregg2.Circuit.StateCommitLeafCutoverCheck	Dregg2/Circuit/StateCommitLeafCutoverCheck.lean	95	102	def	threader	eq	2	Dregg2.Circuit.StateCommit.compressNInjective,Dregg2.Circuit.StateCommit.cellLeafInjective	-
CARRIER	Dregg2.Circuit.StateCommitLeafCutoverCheck.crossbind_circuit_exec_same_state_of_injective	Dregg2.Circuit.StateCommitLeafCutoverCheck	Dregg2/Circuit/StateCommitLeafCutoverCheck.lean	109	119	def	threader	and	3	Dregg2.Circuit.StateCommit.compressNInjective,Dregg2.Circuit.StateCommit.cellLeafInjective	-
CARRIER	Dregg2.Circuit.StateCommitLeafCutoverCheck.stateCommit_binds_cellCommit_of_injective	Dregg2.Circuit.StateCommitLeafCutoverCheck	Dregg2/Circuit/StateCommitLeafCutoverCheck.lean	126	138	def	threader	and	4	Dregg2.Circuit.StateCommit.compressInjective,Dregg2.Circuit.StateCommit.compressNInjective,Dregg2.Circuit.StateCommit.cellLeafInjective	-
CARRIER	Dregg2.Circuit.StateCommitLeafCutoverCheck.setFieldCommit_binds_cellCommit_of_injective	Dregg2.Circuit.StateCommitLeafCutoverCheck	Dregg2/Circuit/StateCommitLeafCutoverCheck.lean	146	159	def	threader	and	3	Dregg2.Circuit.StateCommit.compressInjective,Dregg2.Circuit.StateCommit.compressNInjective,Dregg2.Circuit.StateCommit.cellLeafInjective,Dregg2.Circuit.StateCommit.logHashInjective	-
CARRIER	Dregg2.Circuit.StateCommitLeafCutoverCheck.argus_circuit_pins_receipt_of_injective	Dregg2.Circuit.StateCommitLeafCutoverCheck	Dregg2/Circuit/StateCommitLeafCutoverCheck.lean	212	228	def	threader	eq	5	Dregg2.Circuit.StateCommit.compressInjective,Dregg2.Circuit.StateCommit.compressNInjective,Dregg2.Circuit.StateCommit.cellLeafInjective	-
CARRIER	Dregg2.Circuit.StateCommitLeafRegrounded.movedDigest_binds_of_noCompressColl	Dregg2.Circuit.StateCommitLeafRegrounded	Dregg2/Circuit/StateCommitLeafRegrounded.lean	173	185	thm	endpoint	and	0	Dregg2.Circuit.StateCommit.cellLeafInjective	-
CARRIER	Dregg2.Circuit.StateCommitLeafRegrounded.movedDigest_binds_of_noLeafColl	Dregg2.Circuit.StateCommitLeafRegrounded	Dregg2/Circuit/StateCommitLeafRegrounded.lean	187	197	thm	endpoint	and	0	Dregg2.Circuit.StateCommit.compressInjective	-
CARRIER	Dregg2.Circuit.StateCommitLeafRegrounded.frameDigest_binds_of_noLeafColl	Dregg2.Circuit.StateCommitLeafRegrounded	Dregg2/Circuit/StateCommitLeafRegrounded.lean	263	274	thm	endpoint	eq	0	Dregg2.Circuit.StateCommit.compressNInjective	-
CARRIER	Dregg2.Circuit.StateCommitLeafRegrounded.frameDigest_binds_of_noCNColl	Dregg2.Circuit.StateCommitLeafRegrounded	Dregg2/Circuit/StateCommitLeafRegrounded.lean	276	285	thm	endpoint	eq	0	Dregg2.Circuit.StateCommit.cellLeafInjective	-
CARRIER	Dregg2.Circuit.StateCommitLeafRegrounded.cellDigest_binds_cells_of_noLeafColl	Dregg2.Circuit.StateCommitLeafRegrounded	Dregg2/Circuit/StateCommitLeafRegrounded.lean	302	335	thm	endpoint	eq	1	Dregg2.Circuit.StateCommit.compressInjective,Dregg2.Circuit.StateCommit.compressNInjective	simp
CARRIER	Dregg2.Circuit.StateCommitLeafRegrounded.recStateCommit_binds_kernel_of_noLeafColl	Dregg2.Circuit.StateCommitLeafRegrounded	Dregg2/Circuit/StateCommitLeafRegrounded.lean	337	358	thm	threader	eq	2	Dregg2.Circuit.StateCommit.compressInjective,Dregg2.Circuit.StateCommit.compressNInjective	simp
CARRIER	Dregg2.Circuit.StateCommitLeafRegrounded.noCompressColl_of_inj	Dregg2.Circuit.StateCommitLeafRegrounded	Dregg2/Circuit/StateCommitLeafRegrounded.lean	369	372	thm	endpoint	not	0	Dregg2.Circuit.StateCommit.compressInjective	-
CARRIER	Dregg2.Circuit.StateCommitLeafRegrounded.noCellLeafColl_of_inj	Dregg2.Circuit.StateCommitLeafRegrounded	Dregg2/Circuit/StateCommitLeafRegrounded.lean	374	376	thm	endpoint	not	0	Dregg2.Circuit.StateCommit.cellLeafInjective	-
CARRIER	Dregg2.Circuit.StateCommitLeafRegrounded.noMovedLeafColl_of_inj	Dregg2.Circuit.StateCommitLeafRegrounded	Dregg2/Circuit/StateCommitLeafRegrounded.lean	378	383	thm	endpoint	not	0	Dregg2.Circuit.StateCommit.cellLeafInjective	-
CARRIER	Dregg2.Circuit.StateCommitLeafRegrounded.noFrameLeafColl_of_inj	Dregg2.Circuit.StateCommitLeafRegrounded	Dregg2/Circuit/StateCommitLeafRegrounded.lean	385	389	thm	endpoint	not	0	Dregg2.Circuit.StateCommit.cellLeafInjective	-
CARRIER	Dregg2.Circuit.StateCommitLeafRegrounded.noMovedColl_of_carriers	Dregg2.Circuit.StateCommitLeafRegrounded	Dregg2/Circuit/StateCommitLeafRegrounded.lean	391	397	thm	endpoint	not	1	Dregg2.Circuit.StateCommit.compressInjective,Dregg2.Circuit.StateCommit.cellLeafInjective	-
CARRIER	Dregg2.Circuit.StateCommitLeafRegrounded.noFrameColl_of_carriers	Dregg2.Circuit.StateCommitLeafRegrounded	Dregg2/Circuit/StateCommitLeafRegrounded.lean	399	405	thm	endpoint	not	1	Dregg2.Circuit.StateCommit.compressNInjective,Dregg2.Circuit.StateCommit.cellLeafInjective	-
CARRIER	Dregg2.Circuit.StateCommitLeafRegrounded.movedDigest_binds_of_carriers	Dregg2.Circuit.StateCommitLeafRegrounded	Dregg2/Circuit/StateCommitLeafRegrounded.lean	407	416	thm	threader	and	2	Dregg2.Circuit.StateCommit.compressInjective,Dregg2.Circuit.StateCommit.cellLeafInjective	-
CARRIER	Dregg2.Circuit.StateCommitLeafRegrounded.frameDigest_binds_of_carriers	Dregg2.Circuit.StateCommitLeafRegrounded	Dregg2/Circuit/StateCommitLeafRegrounded.lean	418	424	thm	threader	eq	2	Dregg2.Circuit.StateCommit.compressNInjective,Dregg2.Circuit.StateCommit.cellLeafInjective	-
CARRIER	Dregg2.Circuit.StateCommitLeafRegrounded.noCellDigestLeafColl_of_inj	Dregg2.Circuit.StateCommitLeafRegrounded	Dregg2/Circuit/StateCommitLeafRegrounded.lean	426	431	thm	threader	not	1	Dregg2.Circuit.StateCommit.cellLeafInjective	-
CARRIER	Dregg2.Circuit.StateTransitionAirSound.stFold_inj	Dregg2.Circuit.StateTransitionAirSound	Dregg2/Circuit/StateTransitionAirSound.lean	234	268	thm	endpoint	and	0	Dregg2.Circuit.Poseidon2Binding.Poseidon2SpongeCR	simp
CARRIER	Dregg2.Circuit.StateTransitionAirSound.state_digest_binds_chain	Dregg2.Circuit.StateTransitionAirSound	Dregg2/Circuit/StateTransitionAirSound.lean	270	291	thm	threader	eq	1	Dregg2.Circuit.Poseidon2Binding.Poseidon2SpongeCR	simp
CARRIER	Dregg2.Circuit.TransferWitness.satisfying_witness_proves_full_state	Dregg2.Circuit.TransferWitness	Dregg2/Circuit/TransferWitness.lean	137	151	thm	threader	opaque-pred	2	Dregg2.Circuit.StateCommit.compressInjective,Dregg2.Circuit.StateCommit.compressNInjective,Dregg2.Circuit.StateCommit.cellLeafInjective	-
CARRIER	Dregg2.Circuit.TurnDecodeChainLogBundleCutoverCheck.deployedTurnLogHash_not_logHashInjective	Dregg2.Circuit.TurnDecodeChainLogBundleCutoverCheck	Dregg2/Circuit/TurnDecodeChainLogBundleCutoverCheck.lean	213	220	thm	embedded	not	0	Dregg2.Circuit.StateCommit.logHashInjective	neg-conc
CARRIER	Dregg2.Circuit.TurnEffectRefinement.fullActionCircuitStep.exerciseInnerFold.eq_1	Dregg2.Circuit.TurnEffectRefinement	Dregg2/Circuit/TurnEffectRefinement.lean	0	0	thm	threader	eq	7	Dregg2.Circuit.StateCommit.compressNInjective	inj-spelled,conc-floor,auto-name,uses-propdef
CARRIER	Dregg2.Circuit.EffectRefinement.spawnFullCircuitStep.congr_simp	Dregg2.Circuit.TurnEffectRefinement	Dregg2/Circuit/TurnEffectRefinement.lean	0	0	thm	threader	eq	6	Dregg2.Circuit.StateCommit.compressNInjective	inj-spelled,conc-floor,uses-propdef,transport
CARRIER	Dregg2.Circuit.EffectRefinementBatch2.createCellFromFactoryCircuitStep.congr_simp	Dregg2.Circuit.TurnEffectRefinement	Dregg2/Circuit/TurnEffectRefinement.lean	0	0	thm	threader	eq	5	Dregg2.Circuit.StateCommit.compressNInjective	inj-spelled,conc-floor,uses-propdef,transport
CARRIER	Dregg2.Circuit.TurnEffectRefinement.fullActionCircuitStep.eq_def	Dregg2.Circuit.TurnEffectRefinement	Dregg2/Circuit/TurnEffectRefinement.lean	0	0	thm	threader	eq	7	Dregg2.Circuit.StateCommit.compressNInjective	inj-spelled,conc-floor,auto-name,uses-propdef,simp
CARRIER	Dregg2.Circuit.EffectRefinement.noteCreateCircuitStep.congr_simp	Dregg2.Circuit.TurnEffectRefinement	Dregg2/Circuit/TurnEffectRefinement.lean	0	0	thm	threader	eq	5	Dregg2.Circuit.StateCommit.compressNInjective	conc-floor,uses-propdef,transport
CARRIER	Dregg2.Circuit.TurnEffectRefinement.fullActionCircuitStep.exerciseInnerFold.eq_def	Dregg2.Circuit.TurnEffectRefinement	Dregg2/Circuit/TurnEffectRefinement.lean	0	0	thm	threader	eq	7	Dregg2.Circuit.StateCommit.compressNInjective	inj-spelled,conc-floor,auto-name,uses-propdef,simp
CARRIER	Dregg2.Circuit.TurnEffectRefinement.exerciseInnerFold_refines_turnSpec.match_1	Dregg2.Circuit.TurnEffectRefinement	Dregg2/Circuit/TurnEffectRefinement.lean	0	0	def	threader	other	7	Dregg2.Circuit.StateCommit.compressNInjective	inj-spelled,auto-name,uses-propdef
CARRIER	Dregg2.Circuit.EffectRefinement.noteSpendCircuitStep.congr_simp	Dregg2.Circuit.TurnEffectRefinement	Dregg2/Circuit/TurnEffectRefinement.lean	0	0	thm	threader	eq	5	Dregg2.Circuit.StateCommit.compressNInjective	conc-floor,uses-propdef,transport
CARRIER	Dregg2.Circuit.TurnEffectRefinement.fullActionCircuitStep.exerciseInnerFold.eq_2	Dregg2.Circuit.TurnEffectRefinement	Dregg2/Circuit/TurnEffectRefinement.lean	0	0	thm	threader	eq	7	Dregg2.Circuit.StateCommit.compressNInjective	inj-spelled,conc-floor,auto-name,uses-propdef
CARRIER	Dregg2.Circuit.TurnEffectRefinement.fullAction_circuit_refines_spec.match_2	Dregg2.Circuit.TurnEffectRefinement	Dregg2/Circuit/TurnEffectRefinement.lean	0	0	def	threader	other	7	Dregg2.Circuit.StateCommit.compressNInjective	inj-spelled,auto-name,uses-propdef
CARRIER	Dregg2.Circuit.TurnEffectRefinement.fullActionCircuitStep.exerciseInnerFold.congr_simp	Dregg2.Circuit.TurnEffectRefinement	Dregg2/Circuit/TurnEffectRefinement.lean	0	0	thm	threader	eq	7	Dregg2.Circuit.StateCommit.compressNInjective	inj-spelled,conc-floor,uses-propdef,transport
CARRIER	Dregg2.Circuit.EffectRefinement.createCellCircuitStep.congr_simp	Dregg2.Circuit.TurnEffectRefinement	Dregg2/Circuit/TurnEffectRefinement.lean	0	0	thm	threader	eq	5	Dregg2.Circuit.StateCommit.compressNInjective	inj-spelled,conc-floor,uses-propdef,transport
CARRIER	Dregg2.Circuit.TurnEffectRefinement.fullActionCircuitStep	Dregg2.Circuit.TurnEffectRefinement	Dregg2/Circuit/TurnEffectRefinement.lean	142	269	def	threader	other	6	Dregg2.Circuit.StateCommit.compressNInjective	inj-spelled,body-floor
CARRIER	Dregg2.Circuit.TurnEffectRefinement.fullActionCircuitStep.exerciseInnerFold	Dregg2.Circuit.TurnEffectRefinement	Dregg2/Circuit/TurnEffectRefinement.lean	263	269	def	threader	other	6	Dregg2.Circuit.StateCommit.compressNInjective	inj-spelled,body-floor
CARRIER	Dregg2.Circuit.TurnEffectRefinement.fullActionCircuitStepInst	Dregg2.Circuit.TurnEffectRefinement	Dregg2/Circuit/TurnEffectRefinement.lean	271	297	def	threader	opaque-pred	7	Dregg2.Circuit.StateCommit.compressNInjective	inj-spelled
CARRIER	Dregg2.Circuit.TurnEffectRefinement.fullAction_circuit_refines_spec	Dregg2.Circuit.TurnEffectRefinement	Dregg2/Circuit/TurnEffectRefinement.lean	310	486	thm	threader	opaque-pred	8	Dregg2.Circuit.StateCommit.compressNInjective,Dregg2.Circuit.StateCommit.cellLeafInjective,Dregg2.Circuit.StateCommit.logHashInjective	inj-spelled,conc-floor
CARRIER	Dregg2.Circuit.TurnEffectRefinement.exerciseInnerFold_refines_turnSpec	Dregg2.Circuit.TurnEffectRefinement	Dregg2/Circuit/TurnEffectRefinement.lean	488	562	thm	threader	opaque-pred	8	Dregg2.Circuit.StateCommit.compressNInjective,Dregg2.Circuit.StateCommit.cellLeafInjective,Dregg2.Circuit.StateCommit.logHashInjective	inj-spelled,uses-propdef
CARRIER	Dregg2.Circuit.TurnEffectRefinement.fullAction_turn_circuit_refines_spec	Dregg2.Circuit.TurnEffectRefinement	Dregg2/Circuit/TurnEffectRefinement.lean	567	622	thm	threader	opaque-pred	9	Dregg2.Circuit.StateCommit.compressNInjective,Dregg2.Circuit.StateCommit.cellLeafInjective,Dregg2.Circuit.StateCommit.logHashInjective	inj-spelled
CARRIER	Dregg2.Circuit.TurnEffectRefinement.fullAction_turn_circuit_refines_exec	Dregg2.Circuit.TurnEffectRefinement	Dregg2/Circuit/TurnEffectRefinement.lean	624	679	thm	threader	eq	9	Dregg2.Circuit.StateCommit.compressNInjective,Dregg2.Circuit.StateCommit.cellLeafInjective,Dregg2.Circuit.StateCommit.logHashInjective	inj-spelled
CARRIER	Dregg2.Circuit.TurnEffectRefinement.fullAction_turn_conservation_descends	Dregg2.Circuit.TurnEffectRefinement	Dregg2/Circuit/TurnEffectRefinement.lean	681	730	thm	threader	eq	10	Dregg2.Circuit.StateCommit.compressNInjective,Dregg2.Circuit.StateCommit.cellLeafInjective,Dregg2.Circuit.StateCommit.logHashInjective	inj-spelled
CARRIER	Dregg2.Circuit.TurnEmit.step_emitted_refines_fullActionStep.match_1_1	Dregg2.Circuit.TurnEmit	Dregg2/Circuit/TurnEmit.lean	0	0	def	threader	other	7	Dregg2.Circuit.StateCommit.compressNInjective	inj-spelled,auto-name,uses-propdef
CARRIER	Dregg2.Circuit.TurnEmit.stepEmittedEncodeAgrees	Dregg2.Circuit.TurnEmit	Dregg2/Circuit/TurnEmit.lean	273	376	def	threader	other	4	Dregg2.Circuit.StateCommit.compressNInjective	inj-spelled,body-floor
CARRIER	Dregg2.Circuit.TurnEmit.step_emitted_refines_fullActionStep	Dregg2.Circuit.TurnEmit	Dregg2/Circuit/TurnEmit.lean	378	607	thm	threader	opaque-pred	9	Dregg2.Circuit.StateCommit.compressNInjective,Dregg2.Circuit.StateCommit.cellLeafInjective,Dregg2.Circuit.StateCommit.logHashInjective	inj-spelled,uses-propdef
CARRIER	Dregg2.Circuit.TurnEmit.mint_step_refines_fullActionStep_extracted	Dregg2.Circuit.TurnEmit	Dregg2/Circuit/TurnEmit.lean	711	729	thm	threader	opaque-pred	3	Dregg2.Circuit.StateCommit.logHashInjective	inj-spelled
CARRIER	Dregg2.Circuit.TurnTransferWitness.turn_witness_proves_both_steps	Dregg2.Circuit.TurnTransferWitness	Dregg2/Circuit/TurnTransferWitness.lean	281	297	thm	threader	and	2	Dregg2.Circuit.StateCommit.compressInjective,Dregg2.Circuit.StateCommit.compressNInjective,Dregg2.Circuit.StateCommit.cellLeafInjective	-
CARRIER	Dregg2.Circuit.TurnWitness.authentic_roots_bind_state	Dregg2.Circuit.TurnWitness	Dregg2/Circuit/TurnWitness.lean	177	195	thm	threader	and	2	Dregg2.Circuit.StateCommit.compressInjective	simp
CARRIER	Dregg2.Circuit.VacuitySweepTeeth.compress8CR_false_babyBear	Dregg2.Circuit.VacuitySweepTeeth	Dregg2/Circuit/VacuitySweepTeeth.lean	177	187	thm	embedded	not	0	Dregg2.Circuit.DeployedCapTree.Compress8CR	neg-conc
CARRIER	Dregg2.Circuit.VacuitySweepTeeth.deployedCap8Scheme_chip_not_Compress8CR	Dregg2.Circuit.VacuitySweepTeeth	Dregg2/Circuit/VacuitySweepTeeth.lean	208	214	thm	embedded	not	0	Dregg2.Circuit.DeployedCapTree.Compress8CR	neg-conc,refut-witness
CARRIER	Dregg2.Circuit.VacuitySweepTeeth.deployedHeap8Scheme_chip_not_Compress8CR	Dregg2.Circuit.VacuitySweepTeeth	Dregg2/Circuit/VacuitySweepTeeth.lean	251	256	thm	embedded	not	0	Dregg2.Circuit.DeployedCapTree.Compress8CR	neg-conc
CARRIER	Dregg2.Circuit.VacuitySweepTeeth.deployedFields8Scheme_chip_not_Compress8CR	Dregg2.Circuit.VacuitySweepTeeth	Dregg2/Circuit/VacuitySweepTeeth.lean	258	262	thm	embedded	not	0	Dregg2.Circuit.DeployedCapTree.Compress8CR	neg-conc
CARRIER	Dregg2.Circuit.Witness.CellSealWitness.seal_satisfying_witness_proves_full_state	Dregg2.Circuit.Witness.CellSealWitness	Dregg2/Circuit/Witness/CellSealWitness.lean	56	64	thm	threader	opaque-pred	2	Dregg2.Circuit.StateCommit.logHashInjective	inj-spelled
CARRIER	Dregg2.Circuit.Witness.CellSealWitness.unseal_satisfying_witness_proves_full_state	Dregg2.Circuit.Witness.CellSealWitness	Dregg2/Circuit/Witness/CellSealWitness.lean	66	73	thm	threader	opaque-pred	2	Dregg2.Circuit.StateCommit.logHashInjective	inj-spelled
CARRIER	Dregg2.Circuit.Witness.CreateCellFromFactoryWitness.execute_produces_satisfying_witness	Dregg2.Circuit.Witness.CreateCellFromFactoryWitness	Dregg2/Circuit/Witness/CreateCellFromFactoryWitness.lean	54	69	thm	threader	opaque-pred	5	Dregg2.Circuit.StateCommit.compressNInjective	inj-spelled,conc-floor
CARRIER	Dregg2.Circuit.Witness.CreateCellFromFactoryWitness.satisfying_witness_proves_full_state	Dregg2.Circuit.Witness.CreateCellFromFactoryWitness	Dregg2/Circuit/Witness/CreateCellFromFactoryWitness.lean	71	82	thm	threader	opaque-pred	6	Dregg2.Circuit.StateCommit.compressNInjective,Dregg2.Circuit.StateCommit.logHashInjective	inj-spelled
CARRIER	Dregg2.Circuit.Witness.CreateCellWitness.execute_produces_satisfying_witness	Dregg2.Circuit.Witness.CreateCellWitness	Dregg2/Circuit/Witness/CreateCellWitness.lean	49	58	thm	threader	opaque-pred	5	Dregg2.Circuit.StateCommit.compressNInjective	inj-spelled,conc-floor
CARRIER	Dregg2.Circuit.Witness.CreateCellWitness.satisfying_witness_proves_full_state	Dregg2.Circuit.Witness.CreateCellWitness	Dregg2/Circuit/Witness/CreateCellWitness.lean	60	66	thm	threader	opaque-pred	6	Dregg2.Circuit.StateCommit.compressNInjective,Dregg2.Circuit.StateCommit.logHashInjective	inj-spelled
CARRIER	Dregg2.Circuit.Witness.DelegateAttenWitness.satisfying_witness_proves_full_state	Dregg2.Circuit.Witness.DelegateAttenWitness	Dregg2/Circuit/Witness/DelegateAttenWitness.lean	65	73	thm	threader	opaque-pred	2	Dregg2.Circuit.StateCommit.logHashInjective	inj-spelled
CARRIER	Dregg2.Circuit.Witness.DelegateWitness.satisfying_witness_proves_full_state	Dregg2.Circuit.Witness.DelegateWitness	Dregg2/Circuit/Witness/DelegateWitness.lean	80	90	thm	threader	opaque-pred	2	Dregg2.Circuit.StateCommit.logHashInjective	inj-spelled
CARRIER	Dregg2.Circuit.Witness.EmitEventWitness.satisfying_witness_proves_full_state	Dregg2.Circuit.Witness.EmitEventWitness	Dregg2/Circuit/Witness/EmitEventWitness.lean	80	91	thm	threader	opaque-pred	3	Dregg2.Circuit.StateCommit.compressNInjective,Dregg2.Circuit.StateCommit.cellLeafInjective,Dregg2.Circuit.StateCommit.logHashInjective	-
CARRIER	Dregg2.Circuit.Witness.ExerciseWitness.satisfying_witness_proves_full_state	Dregg2.Circuit.Witness.ExerciseWitness	Dregg2/Circuit/Witness/ExerciseWitness.lean	69	78	thm	threader	opaque-pred	3	Dregg2.Circuit.StateCommit.compressNInjective,Dregg2.Circuit.StateCommit.cellLeafInjective,Dregg2.Circuit.StateCommit.logHashInjective	-
CARRIER	Dregg2.Circuit.Witness.IncrementNonceWitness.satisfying_witness_proves_full_state	Dregg2.Circuit.Witness.IncrementNonceWitness	Dregg2/Circuit/Witness/IncrementNonceWitness.lean	75	85	thm	threader	opaque-pred	3	Dregg2.Circuit.StateCommit.compressNInjective,Dregg2.Circuit.StateCommit.cellLeafInjective,Dregg2.Circuit.StateCommit.logHashInjective	-
CARRIER	Dregg2.Circuit.Witness.IntroduceWitness.satisfying_witness_proves_full_state	Dregg2.Circuit.Witness.IntroduceWitness	Dregg2/Circuit/Witness/IntroduceWitness.lean	63	71	thm	threader	opaque-pred	2	Dregg2.Circuit.StateCommit.logHashInjective	inj-spelled
CARRIER	Dregg2.Circuit.Witness.MakeSovereignWitness.satisfying_witness_proves_full_state	Dregg2.Circuit.Witness.MakeSovereignWitness	Dregg2/Circuit/Witness/MakeSovereignWitness.lean	66	75	thm	threader	opaque-pred	3	Dregg2.Circuit.StateCommit.compressNInjective,Dregg2.Circuit.StateCommit.cellLeafInjective,Dregg2.Circuit.StateCommit.logHashInjective	-
CARRIER	Dregg2.Circuit.Witness.MintWitness.execute_produces_satisfying_witness	Dregg2.Circuit.Witness.MintWitness	Dregg2/Circuit/Witness/MintWitness.lean	171	181	thm	dead	opaque-pred	0	Dregg2.Circuit.StateCommit.logHashInjective	inj-spelled
CARRIER	Dregg2.Circuit.Witness.MintWitness.satisfying_witness_proves_full_state	Dregg2.Circuit.Witness.MintWitness	Dregg2/Circuit/Witness/MintWitness.lean	183	191	thm	threader	opaque-pred	2	Dregg2.Circuit.StateCommit.logHashInjective	inj-spelled
CARRIER	Dregg2.Circuit.Witness.NoteCreateWitness.execute_produces_satisfying_witness	Dregg2.Circuit.Witness.NoteCreateWitness	Dregg2/Circuit/Witness/NoteCreateWitness.lean	120	129	thm	threader	opaque-pred	5	Dregg2.Circuit.StateCommit.compressNInjective,Dregg2.Circuit.StateCommit.logHashInjective	conc-floor
CARRIER	Dregg2.Circuit.Witness.NoteCreateWitness.satisfying_witness_proves_full_state	Dregg2.Circuit.Witness.NoteCreateWitness	Dregg2/Circuit/Witness/NoteCreateWitness.lean	131	138	thm	threader	opaque-pred	6	Dregg2.Circuit.StateCommit.compressNInjective,Dregg2.Circuit.StateCommit.logHashInjective	-
CARRIER	Dregg2.Circuit.Witness.NoteSpendWitness.execute_produces_satisfying_witness	Dregg2.Circuit.Witness.NoteSpendWitness	Dregg2/Circuit/Witness/NoteSpendWitness.lean	115	122	thm	threader	opaque-pred	5	Dregg2.Circuit.StateCommit.compressNInjective,Dregg2.Circuit.StateCommit.logHashInjective	conc-floor
CARRIER	Dregg2.Circuit.Witness.NoteSpendWitness.satisfying_witness_proves_full_state	Dregg2.Circuit.Witness.NoteSpendWitness	Dregg2/Circuit/Witness/NoteSpendWitness.lean	124	129	thm	threader	opaque-pred	6	Dregg2.Circuit.StateCommit.compressNInjective,Dregg2.Circuit.StateCommit.logHashInjective	-
CARRIER	Dregg2.Circuit.Witness.PipelinedSendWitness.satisfying_witness_proves_full_state	Dregg2.Circuit.Witness.PipelinedSendWitness	Dregg2/Circuit/Witness/PipelinedSendWitness.lean	113	120	thm	threader	opaque-pred	3	Dregg2.Circuit.StateCommit.compressNInjective,Dregg2.Circuit.StateCommit.cellLeafInjective,Dregg2.Circuit.StateCommit.logHashInjective	-
CARRIER	Dregg2.Circuit.Witness.ReceiptArchiveWitness.satisfying_witness_proves_full_state	Dregg2.Circuit.Witness.ReceiptArchiveWitness	Dregg2/Circuit/Witness/ReceiptArchiveWitness.lean	59	67	thm	threader	opaque-pred	3	Dregg2.Circuit.StateCommit.compressNInjective,Dregg2.Circuit.StateCommit.cellLeafInjective,Dregg2.Circuit.StateCommit.logHashInjective	-
CARRIER	Dregg2.Circuit.Witness.RefreshDelegationWitness.satisfying_witness_proves_full_state	Dregg2.Circuit.Witness.RefreshDelegationWitness	Dregg2/Circuit/Witness/RefreshDelegationWitness.lean	63	71	thm	threader	opaque-pred	2	Dregg2.Circuit.StateCommit.logHashInjective	inj-spelled
CARRIER	Dregg2.Circuit.Witness.RefusalWitness.satisfying_witness_proves_full_state	Dregg2.Circuit.Witness.RefusalWitness	Dregg2/Circuit/Witness/RefusalWitness.lean	76	87	thm	threader	opaque-pred	3	Dregg2.Circuit.StateCommit.compressNInjective,Dregg2.Circuit.StateCommit.cellLeafInjective,Dregg2.Circuit.StateCommit.logHashInjective	-
CARRIER	Dregg2.Circuit.Witness.RevokeDelegationWitness.satisfying_witness_proves_full_state	Dregg2.Circuit.Witness.RevokeDelegationWitness	Dregg2/Circuit/Witness/RevokeDelegationWitness.lean	78	88	thm	threader	opaque-pred	2	Dregg2.Circuit.StateCommit.logHashInjective	inj-spelled
CARRIER	Dregg2.Circuit.Witness.SetPermissionsWitness.satisfying_witness_proves_full_state	Dregg2.Circuit.Witness.SetPermissionsWitness	Dregg2/Circuit/Witness/SetPermissionsWitness.lean	59	67	thm	threader	opaque-pred	3	Dregg2.Circuit.StateCommit.compressNInjective,Dregg2.Circuit.StateCommit.cellLeafInjective,Dregg2.Circuit.StateCommit.logHashInjective	-
CARRIER	Dregg2.Circuit.Witness.SetVKWitness.satisfying_witness_proves_full_state	Dregg2.Circuit.Witness.SetVKWitness	Dregg2/Circuit/Witness/SetVKWitness.lean	55	63	thm	threader	opaque-pred	3	Dregg2.Circuit.StateCommit.compressNInjective,Dregg2.Circuit.StateCommit.cellLeafInjective,Dregg2.Circuit.StateCommit.logHashInjective	-
CARRIER	Dregg2.Circuit.Witness.SpawnWitness.execute_produces_satisfying_witness	Dregg2.Circuit.Witness.SpawnWitness	Dregg2/Circuit/Witness/SpawnWitness.lean	56	65	thm	threader	opaque-pred	5	Dregg2.Circuit.StateCommit.compressNInjective	inj-spelled,conc-floor
CARRIER	Dregg2.Circuit.Witness.SpawnWitness.satisfying_witness_proves_full_state	Dregg2.Circuit.Witness.SpawnWitness	Dregg2/Circuit/Witness/SpawnWitness.lean	67	73	thm	threader	opaque-pred	6	Dregg2.Circuit.StateCommit.compressNInjective,Dregg2.Circuit.StateCommit.logHashInjective	inj-spelled
CARRIER	Dregg2.Circuit.WitnessExtract3.createCellA_extract	Dregg2.Circuit.WitnessExtract3	Dregg2/Circuit/WitnessExtract3.lean	188	211	thm	threader	opaque-pred	5	Dregg2.Circuit.StateCommit.compressNInjective	inj-spelled
CARRIER	Dregg2.Circuit.WitnessExtract5.spawnA_extract	Dregg2.Circuit.WitnessExtract5	Dregg2/Circuit/WitnessExtract5.lean	229	254	thm	threader	opaque-pred	5	Dregg2.Circuit.StateCommit.compressNInjective	inj-spelled
CARRIER	Dregg2.Circuit.WitnessExtract5.createCellFromFactoryA_extract	Dregg2.Circuit.WitnessExtract5	Dregg2/Circuit/WitnessExtract5.lean	256	290	thm	threader	opaque-pred	5	Dregg2.Circuit.StateCommit.compressNInjective	inj-spelled
CARRIER	Dregg2.Circuit.WitnessExtractComposite.exerciseHold_extract	Dregg2.Circuit.WitnessExtractComposite	Dregg2/Circuit/WitnessExtractComposite.lean	72	86	thm	threader	opaque-pred	3	Dregg2.Circuit.StateCommit.compressNInjective,Dregg2.Circuit.StateCommit.cellLeafInjective,Dregg2.Circuit.StateCommit.logHashInjective	-
CARRIER	Dregg2.Circuit.WitnessExtractComposite.exerciseHold_extract_authority	Dregg2.Circuit.WitnessExtractComposite	Dregg2/Circuit/WitnessExtractComposite.lean	88	101	thm	threader	opaque-pred	4	Dregg2.Circuit.StateCommit.compressNInjective,Dregg2.Circuit.StateCommit.cellLeafInjective,Dregg2.Circuit.StateCommit.logHashInjective	-
CARRIER	Dregg2.Circuit.WitnessExtractComposite.exerciseHold_extract_rejects_log_forge	Dregg2.Circuit.WitnessExtractComposite	Dregg2/Circuit/WitnessExtractComposite.lean	105	114	thm	threader	not	2	Dregg2.Circuit.StateCommit.logHashInjective	-
CARRIER	Dregg2.Circuit.WitnessExtractComposite.exerciseA_extract	Dregg2.Circuit.WitnessExtractComposite	Dregg2/Circuit/WitnessExtractComposite.lean	126	163	thm	threader	opaque-pred	5	Dregg2.Circuit.StateCommit.compressNInjective,Dregg2.Circuit.StateCommit.cellLeafInjective,Dregg2.Circuit.StateCommit.logHashInjective	-
CARRIER	Dregg2.Circuit.WitnessExtractPerEffect.noteCreateA_extract	Dregg2.Circuit.WitnessExtractPerEffect	Dregg2/Circuit/WitnessExtractPerEffect.lean	429	442	thm	threader	opaque-pred	5	Dregg2.Circuit.StateCommit.compressNInjective	-
CARRIER	Dregg2.Circuit.WitnessExtractPerEffect.noteCreateA_extract_emitted	Dregg2.Circuit.WitnessExtractPerEffect	Dregg2/Circuit/WitnessExtractPerEffect.lean	444	457	thm	threader	opaque-pred	5	Dregg2.Circuit.StateCommit.compressNInjective	-
CARRIER	Dregg2.Circuit.WitnessExtractPerEffect.noteCreateA_extract_rejects_wrong_commitment	Dregg2.Circuit.WitnessExtractPerEffect	Dregg2/Circuit/WitnessExtractPerEffect.lean	459	468	thm	threader	not	4	Dregg2.Circuit.StateCommit.compressNInjective	conc-floor
CARRIER	Dregg2.Circuit.WitnessExtractPerEffect.noteSpendA_extract	Dregg2.Circuit.WitnessExtractPerEffect	Dregg2/Circuit/WitnessExtractPerEffect.lean	470	484	thm	threader	opaque-pred	5	Dregg2.Circuit.StateCommit.compressNInjective	-
CARRIER	Dregg2.Circuit.WitnessExtractPerEffect.noteSpendA_extract_emitted	Dregg2.Circuit.WitnessExtractPerEffect	Dregg2/Circuit/WitnessExtractPerEffect.lean	486	499	thm	threader	opaque-pred	5	Dregg2.Circuit.StateCommit.compressNInjective	-
CARRIER	Dregg2.Circuit.WitnessExtractPerEffect.noteSpendA_extract_rejects_wrong_nullifier	Dregg2.Circuit.WitnessExtractPerEffect	Dregg2/Circuit/WitnessExtractPerEffect.lean	501	510	thm	threader	not	4	Dregg2.Circuit.StateCommit.compressNInjective	conc-floor
CARRIER	Dregg2.Circuit.WitnessExtractV1.effect_extract	Dregg2.Circuit.WitnessExtractV1	Dregg2/Circuit/WitnessExtractV1.lean	127	145	thm	threader	opaque-pred	2	Dregg2.Circuit.StateCommit.compressNInjective,Dregg2.Circuit.StateCommit.cellLeafInjective,Dregg2.Circuit.StateCommit.logHashInjective	-
CARRIER	Dregg2.Circuit.WitnessExtractV1.effect_extract_rejects_third_cell	Dregg2.Circuit.WitnessExtractV1	Dregg2/Circuit/WitnessExtractV1.lean	162	173	thm	threader	not	2	Dregg2.Circuit.StateCommit.compressNInjective,Dregg2.Circuit.StateCommit.cellLeafInjective	-
CARRIER	Dregg2.Circuit.WitnessExtractV1.effect_extract_rejects_wrong_touched	Dregg2.Circuit.WitnessExtractV1	Dregg2/Circuit/WitnessExtractV1.lean	175	186	thm	threader	not	2	Dregg2.Circuit.StateCommit.compressNInjective,Dregg2.Circuit.StateCommit.cellLeafInjective	-
CARRIER	Dregg2.Circuit.WitnessExtractV1.effect_extract_rejects_log_forge	Dregg2.Circuit.WitnessExtractV1	Dregg2/Circuit/WitnessExtractV1.lean	188	198	thm	threader	not	1	Dregg2.Circuit.StateCommit.logHashInjective	-
CARRIER	Dregg2.Circuit.WitnessExtractV1PerEffect.setPermissionsA_extract	Dregg2.Circuit.WitnessExtractV1PerEffect	Dregg2/Circuit/WitnessExtractV1PerEffect.lean	48	61	thm	threader	opaque-pred	3	Dregg2.Circuit.StateCommit.compressNInjective,Dregg2.Circuit.StateCommit.cellLeafInjective,Dregg2.Circuit.StateCommit.logHashInjective	-
CARRIER	Dregg2.Circuit.WitnessExtractV1PerEffect.setPermissionsA_extract_rejects_wrong_cell	Dregg2.Circuit.WitnessExtractV1PerEffect	Dregg2/Circuit/WitnessExtractV1PerEffect.lean	63	76	thm	threader	not	3	Dregg2.Circuit.StateCommit.compressNInjective,Dregg2.Circuit.StateCommit.cellLeafInjective	-
CARRIER	Dregg2.Circuit.WitnessExtractV1PerEffect.setVKA_extract	Dregg2.Circuit.WitnessExtractV1PerEffect	Dregg2/Circuit/WitnessExtractV1PerEffect.lean	78	91	thm	threader	opaque-pred	3	Dregg2.Circuit.StateCommit.compressNInjective,Dregg2.Circuit.StateCommit.cellLeafInjective,Dregg2.Circuit.StateCommit.logHashInjective	-
CARRIER	Dregg2.Circuit.WitnessExtractV1PerEffect.setVKA_extract_rejects_wrong_cell	Dregg2.Circuit.WitnessExtractV1PerEffect	Dregg2/Circuit/WitnessExtractV1PerEffect.lean	93	103	thm	threader	not	3	Dregg2.Circuit.StateCommit.compressNInjective,Dregg2.Circuit.StateCommit.cellLeafInjective	-
CARRIER	Dregg2.Circuit.WitnessExtractV1PerEffect.setProgramA_extract	Dregg2.Circuit.WitnessExtractV1PerEffect	Dregg2/Circuit/WitnessExtractV1PerEffect.lean	105	118	thm	threader	opaque-pred	3	Dregg2.Circuit.StateCommit.compressNInjective,Dregg2.Circuit.StateCommit.cellLeafInjective,Dregg2.Circuit.StateCommit.logHashInjective	-
CARRIER	Dregg2.Circuit.WitnessExtractV1PerEffect.setProgramA_extract_rejects_wrong_cell	Dregg2.Circuit.WitnessExtractV1PerEffect	Dregg2/Circuit/WitnessExtractV1PerEffect.lean	120	130	thm	threader	not	3	Dregg2.Circuit.StateCommit.compressNInjective,Dregg2.Circuit.StateCommit.cellLeafInjective	-
CARRIER	Dregg2.Circuit.WitnessExtractV1PerEffect.incrementNonceA_extract	Dregg2.Circuit.WitnessExtractV1PerEffect	Dregg2/Circuit/WitnessExtractV1PerEffect.lean	135	148	thm	threader	opaque-pred	3	Dregg2.Circuit.StateCommit.compressNInjective,Dregg2.Circuit.StateCommit.cellLeafInjective,Dregg2.Circuit.StateCommit.logHashInjective	-
CARRIER	Dregg2.Circuit.WitnessExtractV1PerEffect.incrementNonceA_extract_rejects_wrong_cell	Dregg2.Circuit.WitnessExtractV1PerEffect	Dregg2/Circuit/WitnessExtractV1PerEffect.lean	150	161	thm	threader	not	3	Dregg2.Circuit.StateCommit.compressNInjective,Dregg2.Circuit.StateCommit.cellLeafInjective	-
CARRIER	Dregg2.Circuit.WitnessExtractV1PerEffect.emitEventA_extract	Dregg2.Circuit.WitnessExtractV1PerEffect	Dregg2/Circuit/WitnessExtractV1PerEffect.lean	163	176	thm	threader	opaque-pred	3	Dregg2.Circuit.StateCommit.compressNInjective,Dregg2.Circuit.StateCommit.cellLeafInjective,Dregg2.Circuit.StateCommit.logHashInjective	-
CARRIER	Dregg2.Circuit.WitnessExtractV1PerEffect.emitEventA_extract_rejects_log_forge	Dregg2.Circuit.WitnessExtractV1PerEffect	Dregg2/Circuit/WitnessExtractV1PerEffect.lean	178	187	thm	threader	not	2	Dregg2.Circuit.StateCommit.logHashInjective	-
CARRIER	Dregg2.Circuit.WitnessExtractV1PerEffect.makeSovereignA_extract	Dregg2.Circuit.WitnessExtractV1PerEffect	Dregg2/Circuit/WitnessExtractV1PerEffect.lean	189	202	thm	threader	opaque-pred	3	Dregg2.Circuit.StateCommit.compressNInjective,Dregg2.Circuit.StateCommit.cellLeafInjective,Dregg2.Circuit.StateCommit.logHashInjective	-
CARRIER	Dregg2.Circuit.WitnessExtractV1PerEffect.makeSovereignA_extract_rejects_wrong_cell	Dregg2.Circuit.WitnessExtractV1PerEffect	Dregg2/Circuit/WitnessExtractV1PerEffect.lean	204	215	thm	threader	not	3	Dregg2.Circuit.StateCommit.compressNInjective,Dregg2.Circuit.StateCommit.cellLeafInjective	-
CARRIER	Dregg2.Circuit.WitnessExtractV1PerEffect.refusalA_extract	Dregg2.Circuit.WitnessExtractV1PerEffect	Dregg2/Circuit/WitnessExtractV1PerEffect.lean	217	230	thm	threader	opaque-pred	3	Dregg2.Circuit.StateCommit.compressNInjective,Dregg2.Circuit.StateCommit.cellLeafInjective,Dregg2.Circuit.StateCommit.logHashInjective	-
CARRIER	Dregg2.Circuit.WitnessExtractV1PerEffect.refusalA_extract_rejects_log_forge	Dregg2.Circuit.WitnessExtractV1PerEffect	Dregg2/Circuit/WitnessExtractV1PerEffect.lean	232	238	thm	threader	not	2	Dregg2.Circuit.StateCommit.logHashInjective	-
CARRIER	Dregg2.Circuit.WitnessExtractV1PerEffect.receiptArchiveA_extract	Dregg2.Circuit.WitnessExtractV1PerEffect	Dregg2/Circuit/WitnessExtractV1PerEffect.lean	240	253	thm	threader	opaque-pred	3	Dregg2.Circuit.StateCommit.compressNInjective,Dregg2.Circuit.StateCommit.cellLeafInjective,Dregg2.Circuit.StateCommit.logHashInjective	-
CARRIER	Dregg2.Circuit.WitnessExtractV1PerEffect.receiptArchiveA_extract_rejects_log_forge	Dregg2.Circuit.WitnessExtractV1PerEffect	Dregg2/Circuit/WitnessExtractV1PerEffect.lean	255	263	thm	threader	not	2	Dregg2.Circuit.StateCommit.logHashInjective	-
CARRIER	Dregg2.Circuit.WitnessExtractV1PerEffect.pipelinedSendA_extract	Dregg2.Circuit.WitnessExtractV1PerEffect	Dregg2/Circuit/WitnessExtractV1PerEffect.lean	265	278	thm	threader	opaque-pred	3	Dregg2.Circuit.StateCommit.compressNInjective,Dregg2.Circuit.StateCommit.cellLeafInjective,Dregg2.Circuit.StateCommit.logHashInjective	-
CARRIER	Dregg2.Circuit.WitnessExtractV1PerEffect.pipelinedSendA_extract_rejects_log_forge	Dregg2.Circuit.WitnessExtractV1PerEffect	Dregg2/Circuit/WitnessExtractV1PerEffect.lean	280	288	thm	threader	not	2	Dregg2.Circuit.StateCommit.logHashInjective	-
CARRIER	Dregg2.Circuit.WitnessRealizing.LeafRefinement.mk.injEq	Dregg2.Circuit.WitnessRealizing	Dregg2/Circuit/WitnessRealizing.lean	0	0	thm	propdef-user	eq	1	Dregg2.Circuit.Poseidon2Binding.Poseidon2SpongeCR	uses-propdef
CARRIER	Dregg2.Circuit.WitnessRealizing.LeafRefinement.mk.sizeOf_spec	Dregg2.Circuit.WitnessRealizing	Dregg2/Circuit/WitnessRealizing.lean	0	0	thm	propdef-user	eq	1	Dregg2.Circuit.Poseidon2Binding.Poseidon2SpongeCR	uses-propdef
CARRIER	Dregg2.Circuit.WitnessRealizing.LeafRefinement.mk.inj	Dregg2.Circuit.WitnessRealizing	Dregg2/Circuit/WitnessRealizing.lean	0	0	thm	propdef-user	and	1	Dregg2.Circuit.Poseidon2Binding.Poseidon2SpongeCR	uses-propdef
CARRIER	Dregg2.Circuit.WitnessRealizing.lightclient_unfoolable_witness_realized	Dregg2.Circuit.WitnessRealizing	Dregg2/Circuit/WitnessRealizing.lean	136	159	thm	threader	exists	2	Dregg2.Circuit.Poseidon2Binding.Poseidon2SpongeCR	uses-propdef
CARRIER	Dregg2.Circuit.WitnessRealizing.LeafRefinement.recOn	Dregg2.Circuit.WitnessRealizing	Dregg2/Circuit/WitnessRealizing.lean	163	185	def	propdef-user	other	1	Dregg2.Circuit.Poseidon2Binding.Poseidon2SpongeCR	struct-boiler,uses-propdef
CARRIER	Dregg2.Circuit.WitnessRealizing.LeafRefinement.casesOn	Dregg2.Circuit.WitnessRealizing	Dregg2/Circuit/WitnessRealizing.lean	163	185	def	propdef-user	other	1	Dregg2.Circuit.Poseidon2Binding.Poseidon2SpongeCR	struct-boiler,uses-propdef
CARRIER	Dregg2.Circuit.WitnessRealizing.LeafRefinement.rec	Dregg2.Circuit.WitnessRealizing	Dregg2/Circuit/WitnessRealizing.lean	163	185	rec	propdef-user	other	1	Dregg2.Circuit.Poseidon2Binding.Poseidon2SpongeCR	uses-propdef
CARRIER	Dregg2.Circuit.WitnessRealizing.LeafRefinement.mk	Dregg2.Circuit.WitnessRealizing	Dregg2/Circuit/WitnessRealizing.lean	169	169	ctor	propdef-user	opaque-pred	1	Dregg2.Circuit.Poseidon2Binding.Poseidon2SpongeCR	struct-boiler,uses-propdef
CARRIER	Dregg2.Circuit.WitnessRealizing.LeafRefinement.mk.noConfusion	Dregg2.Circuit.WitnessRealizing	Dregg2/Circuit/WitnessRealizing.lean	169	169	def	propdef-user	other	1	Dregg2.Circuit.Poseidon2Binding.Poseidon2SpongeCR	struct-boiler,uses-propdef
CARRIER	Dregg2.Circuit.WitnessRealizing.LeafRefinement.refines	Dregg2.Circuit.WitnessRealizing	Dregg2/Circuit/WitnessRealizing.lean	177	177	thm	propdef-user	opaque-pred	1	Dregg2.Circuit.Poseidon2Binding.Poseidon2SpongeCR	struct-boiler,uses-propdef
CARRIER	Dregg2.Circuit.WitnessRealizing.leafStep_of_refinement	Dregg2.Circuit.WitnessRealizing	Dregg2/Circuit/WitnessRealizing.lean	187	197	thm	threader	eq	2	Dregg2.Circuit.Poseidon2Binding.Poseidon2SpongeCR	-
CARRIER	Dregg2.Circuit.WitnessRealizing.leafSound_of_refinements	Dregg2.Circuit.WitnessRealizing	Dregg2/Circuit/WitnessRealizing.lean	199	216	thm	threader	opaque-pred	3	Dregg2.Circuit.Poseidon2Binding.Poseidon2SpongeCR	-
CARRIER	Dregg2.Circuit.WitnessRealizing.engineSound_of_refinements	Dregg2.Circuit.WitnessRealizing	Dregg2/Circuit/WitnessRealizing.lean	218	243	thm	threader	opaque-pred	4	Dregg2.Circuit.Poseidon2Binding.Poseidon2SpongeCR	-
CARRIER	Dregg2.Circuit.WitnessRealizing.descriptorRefines_trivial	Dregg2.Circuit.WitnessRealizing	Dregg2/Circuit/WitnessRealizing.lean	255	259	thm	propdef-user	opaque-pred	1	Dregg2.Circuit.Poseidon2Binding.Poseidon2SpongeCR	uses-propdef
CARRIER	Dregg2.Circuit.WitnessRealizing.leafSound_fires	Dregg2.Circuit.WitnessRealizing	Dregg2/Circuit/WitnessRealizing.lean	283	292	thm	threader	opaque-pred	4	Dregg2.Circuit.Poseidon2Binding.Poseidon2SpongeCR	-
CARRIER	Dregg2.Crypto.AdaptiveTSUF.adaptive_reduction_from_answerable	Dregg2.Crypto.AdaptiveTSUF	Dregg2/Crypto/AdaptiveTSUF.lean	236	255	thm	embedded	and	0	Dregg2.Crypto.HermineHintMLWE.HashCR	emb-conc
CARRIER	Dregg2.Crypto.AdaptiveTSUF.adaptive_ts_uf_reduces	Dregg2.Crypto.AdaptiveTSUF	Dregg2/Crypto/AdaptiveTSUF.lean	257	286	thm	embedded	and	0	Dregg2.Crypto.HermineHintMLWE.HashCR	emb-conc
CARRIER	Dregg2.Crypto.AdaptiveTSUF.adaptive_ts_uf_reduces_lossfree	Dregg2.Crypto.AdaptiveTSUF	Dregg2/Crypto/AdaptiveTSUF.lean	395	419	thm	embedded	and	0	Dregg2.Crypto.HermineHintMLWE.HashCR	emb-conc
CARRIER	Dregg2.Crypto.BeaconSlotRegrounded.honestSlotCR_false_of_compressing	Dregg2.Crypto.BeaconSlotRegrounded	Dregg2/Crypto/BeaconSlotRegrounded.lean	128	143	thm	embedded	not	0	Dregg2.Crypto.RandomnessBeacon.HonestSlotCR	neg-conc,refut-witness
CARRIER	Dregg2.Crypto.BeaconSlotRegrounded.honestSlotCR_false_of_infinite_ct	Dregg2.Crypto.BeaconSlotRegrounded	Dregg2/Crypto/BeaconSlotRegrounded.lean	156	163	thm	embedded	not	0	Dregg2.Crypto.RandomnessBeacon.HonestSlotCR	neg-conc
CARRIER	Dregg2.Crypto.BeaconSlotRegrounded.honestSlotCR_discharge_hypothesis_is_false	Dregg2.Crypto.BeaconSlotRegrounded	Dregg2/Crypto/BeaconSlotRegrounded.lean	175	191	thm	embedded	not	0	Dregg2.Crypto.HermineHintMLWE.HashCR	neg-conc
CARRIER	Dregg2.Crypto.BeaconSlotRegrounded.honestSlotCR_discharge_hypothesis_is_false_of_finite_out	Dregg2.Crypto.BeaconSlotRegrounded	Dregg2/Crypto/BeaconSlotRegrounded.lean	193	199	thm	embedded	not	0	Dregg2.Crypto.HermineHintMLWE.HashCR	neg-conc
CARRIER	Dregg2.Crypto.BeaconSlotRegrounded.multisetHashFamily_CR_of_injective	Dregg2.Crypto.BeaconSlotRegrounded	Dregg2/Crypto/BeaconSlotRegrounded.lean	255	264	thm	embedded	opaque-pred	0	Dregg2.Circuit.HashFloorHonesty.CollisionResistant	emb-conc
CARRIER	Dregg2.Crypto.BeaconSlotRegrounded.honestSlotCR_of_injective	Dregg2.Crypto.BeaconSlotRegrounded	Dregg2/Crypto/BeaconSlotRegrounded.lean	266	273	thm	embedded	opaque-pred	0	Dregg2.Crypto.RandomnessBeacon.HonestSlotCR	emb-conc
CARRIER	Dregg2.Crypto.BeaconSlotRegrounded.brokenBeacon_not_honestSlotCR	Dregg2.Crypto.BeaconSlotRegrounded	Dregg2/Crypto/BeaconSlotRegrounded.lean	509	514	thm	embedded	not	0	Dregg2.Crypto.RandomnessBeacon.HonestSlotCR	neg-conc
CARRIER	Dregg2.Crypto.BeaconSlotRegrounded.multisetHashFamily_CR_of_injective_deployment	Dregg2.Crypto.BeaconSlotRegrounded	Dregg2/Crypto/BeaconSlotRegrounded.lean	518	528	thm	embedded	opaque-pred	0	Dregg2.Circuit.HashFloorHonesty.CollisionResistant	emb-conc
CARRIER	Dregg2.Crypto.BlocklaceSafety.no_forged_block_under_floor	Dregg2.Crypto.BlocklaceSafety	Dregg2/Crypto/BlocklaceSafety.lean	242	265	thm	embedded	False	0	Dregg2.Crypto.Lattice.MSISHard	emb-binder
CARRIER	Dregg2.Crypto.CapabilityChain.chain_unforgeable_under_hybrid_floor	Dregg2.Crypto.CapabilityChain	Dregg2/Crypto/CapabilityChain.lean	231	264	thm	embedded	opaque-pred	0	Dregg2.Crypto.Lattice.MSISHard	emb-binder
CARRIER	Dregg2.Crypto.CommitmentBinding.compressInjective_of_compress2	Dregg2.Crypto.CommitmentBinding	Dregg2/Crypto/CommitmentBinding.lean	147	159	thm	embedded	opaque-pred	0	Dregg2.Circuit.StateCommit.compressInjective	emb-conc
CARRIER	Dregg2.Crypto.CommitmentBinding.compress1Coll_refutable_of_injective	Dregg2.Crypto.CommitmentBinding	Dregg2/Crypto/CommitmentBinding.lean	163	171	thm	endpoint	not	0	Dregg2.Crypto.CommitmentBinding.Compress1CR	-
CARRIER	Dregg2.Crypto.CommitmentBinding.Reference.refCompress1CR	Dregg2.Crypto.CommitmentBinding	Dregg2/Crypto/CommitmentBinding.lean	268	271	thm	embedded	opaque-pred	0	Dregg2.Crypto.CommitmentBinding.Compress1CR	emb-conc
CARRIER	Dregg2.Crypto.CommitmentBinding.Reference.badCompress1_not_CR	Dregg2.Crypto.CommitmentBinding	Dregg2/Crypto/CommitmentBinding.lean	304	307	thm	embedded	not	0	Dregg2.Crypto.CommitmentBinding.Compress1CR	neg-conc
CARRIER	Dregg2.Crypto.ConsensusSafety.consensus_safe_under_floor	Dregg2.Crypto.ConsensusSafety	Dregg2/Crypto/ConsensusSafety.lean	193	227	thm	embedded	False	0	Dregg2.Crypto.Lattice.MSISHard	emb-binder
CARRIER	Dregg2.Crypto.CryptoFloorTeeth.not_msisHard_of_short_ball	Dregg2.Crypto.CryptoFloorTeeth	Dregg2/Crypto/CryptoFloorTeeth.lean	95	112	thm	embedded	not	0	Dregg2.Crypto.Lattice.MSISHard	neg-conc
CARRIER	Dregg2.Crypto.CryptoFloorTeeth.not_msisHard_augmented_id	Dregg2.Crypto.CryptoFloorTeeth	Dregg2/Crypto/CryptoFloorTeeth.lean	116	127	thm	embedded	not	0	Dregg2.Crypto.Lattice.MSISHard	neg-conc,refut-witness
CARRIER	Dregg2.Crypto.CryptoFloorTeeth.msisHardQuant_solverAdv_iff_msisHard	Dregg2.Crypto.CryptoFloorTeeth	Dregg2/Crypto/CryptoFloorTeeth.lean	201	208	thm	embedded	iff	0	Dregg2.Crypto.Lattice.MSISHard	emb-conc
CARRIER	Dregg2.Crypto.CryptoFloorTeeth.deployed_boolean_floor_refuted	Dregg2.Crypto.CryptoFloorTeeth	Dregg2/Crypto/CryptoFloorTeeth.lean	287	294	thm	embedded	not	0	Dregg2.Crypto.Lattice.MSISHard	neg-conc
CARRIER	Dregg2.Crypto.DowngradeResistance.downgrade_resistant_under_floor	Dregg2.Crypto.DowngradeResistance	Dregg2/Crypto/DowngradeResistance.lean	200	237	thm	embedded	False	0	Dregg2.Crypto.Lattice.MSISHard	emb-binder
CARRIER	Dregg2.Crypto.DreggPqRefinement.dregg_pq_is_eufcma_under_msis	Dregg2.Crypto.DreggPqRefinement	Dregg2/Crypto/DreggPqRefinement.lean	148	165	thm	threader	opaque-pred	2	Dregg2.Crypto.Lattice.MSISHard	-
CARRIER	Dregg2.Crypto.FactoryBindingFloorRegrounded.compress1CR_false_of_finite_range	Dregg2.Crypto.FactoryBindingFloorRegrounded	Dregg2/Crypto/FactoryBindingFloorRegrounded.lean	133	138	thm	embedded	not	0	Dregg2.Crypto.CommitmentBinding.Compress1CR	neg-conc
CARRIER	Dregg2.Crypto.FactoryBindingFloorRegrounded.compress1CR_false_babyBear	Dregg2.Crypto.FactoryBindingFloorRegrounded	Dregg2/Crypto/FactoryBindingFloorRegrounded.lean	140	144	thm	embedded	not	0	Dregg2.Crypto.CommitmentBinding.Compress1CR	neg-conc
CARRIER	Dregg2.Crypto.FactoryBindingFloorRegrounded.deployedCompress2_compress1_not_Compress1CR	Dregg2.Crypto.FactoryBindingFloorRegrounded	Dregg2/Crypto/FactoryBindingFloorRegrounded.lean	146	159	thm	embedded	not	0	Dregg2.Crypto.CommitmentBinding.Compress1CR	neg-conc
CARRIER	Dregg2.Crypto.FactoryBindingFloorRegrounded.compress1CR_field_uninhabitable_babyBear	Dregg2.Crypto.FactoryBindingFloorRegrounded	Dregg2/Crypto/FactoryBindingFloorRegrounded.lean	161	173	thm	embedded	not	0	Dregg2.Crypto.CommitmentBinding.Compress1CR	neg-conc,refut-witness
CARRIER	Dregg2.Crypto.FactoryBindingFloorRegrounded.hashInjective_false_of_finite_range	Dregg2.Crypto.FactoryBindingFloorRegrounded	Dregg2/Crypto/FactoryBindingFloorRegrounded.lean	188	198	thm	embedded	not	0	Dregg2.Exec.Factory.HashInjective	neg-conc,refut-witness
CARRIER	Dregg2.Crypto.FactoryBindingFloorRegrounded.hashInjective_false_blake3	Dregg2.Crypto.FactoryBindingFloorRegrounded	Dregg2/Crypto/FactoryBindingFloorRegrounded.lean	200	210	thm	embedded	not	0	Dregg2.Exec.Factory.HashInjective	neg-conc
CARRIER	Dregg2.Crypto.FactoryBindingFloorRegrounded.bindingHashCR_false_of_compressing	Dregg2.Crypto.FactoryBindingFloorRegrounded	Dregg2/Crypto/FactoryBindingFloorRegrounded.lean	227	234	thm	embedded	not	0	Dregg2.Authority.MacaroonDischarge.BindingHashCR	neg-conc,refut-witness
CARRIER	Dregg2.Crypto.FactoryBindingFloorRegrounded.bindingHashCR_false_of_infinite_tag	Dregg2.Crypto.FactoryBindingFloorRegrounded	Dregg2/Crypto/FactoryBindingFloorRegrounded.lean	236	244	thm	embedded	not	0	Dregg2.Authority.MacaroonDischarge.BindingHashCR	neg-conc
CARRIER	Dregg2.Crypto.FactoryBindingFloorRegrounded.bindingHashFamily_CR_of_bindingHashCR	Dregg2.Crypto.FactoryBindingFloorRegrounded	Dregg2/Crypto/FactoryBindingFloorRegrounded.lean	642	651	thm	embedded	opaque-pred	0	Dregg2.Authority.MacaroonDischarge.BindingHashCR,Dregg2.Circuit.HashFloorHonesty.CollisionResistant	emb-conc,emb-binder
CARRIER	Dregg2.Crypto.FloorBridge.msisHard_of_msisHardQuant	Dregg2.Crypto.FloorBridge	Dregg2/Crypto/FloorBridge.lean	96	103	thm	embedded	opaque-pred	0	Dregg2.Crypto.Lattice.MSISHard	emb-conc
CARRIER	Dregg2.Crypto.FloorBridge.msisHardQuant_of_msisHard	Dregg2.Crypto.FloorBridge	Dregg2/Crypto/FloorBridge.lean	114	120	thm	endpoint	opaque-pred	0	Dregg2.Crypto.Lattice.MSISHard	absurd-use
CARRIER	Dregg2.Crypto.FloorBridge.hashCR_of_HashCRHardQuant	Dregg2.Crypto.FloorBridge	Dregg2/Crypto/FloorBridge.lean	167	175	thm	embedded	opaque-pred	0	Dregg2.Crypto.HermineHintMLWE.HashCR	emb-conc
CARRIER	Dregg2.Crypto.FloorGames.collisionResistant_iff_hashCRHardQuant_top	Dregg2.Crypto.FloorGames	Dregg2/Crypto/FloorGames.lean	592	604	thm	embedded	iff	0	Dregg2.Circuit.HashFloorHonesty.CollisionResistant	emb-conc
CARRIER	Dregg2.Crypto.FloorGames.collisionResistant_false_of_compressing	Dregg2.Crypto.FloorGames	Dregg2/Crypto/FloorGames.lean	606	626	thm	embedded	not	0	Dregg2.Circuit.HashFloorHonesty.CollisionResistant	neg-conc
CARRIER	Dregg2.Crypto.FloorGames.mod2Family_not_CR	Dregg2.Crypto.FloorGames	Dregg2/Crypto/FloorGames.lean	628	639	thm	embedded	not	0	Dregg2.Circuit.HashFloorHonesty.CollisionResistant	neg-conc
CARRIER	Dregg2.Crypto.ForkingDischarge.pq_advantage_bounded_under_msis	Dregg2.Crypto.ForkingDischarge	Dregg2/Crypto/ForkingDischarge.lean	273	283	thm	endpoint	opaque-pred	0	Dregg2.Crypto.Lattice.MSISHard	-
CARRIER	Dregg2.Crypto.ForkingDischarge.pq_euf_cma_grounded_in_msis_discharged	Dregg2.Crypto.ForkingDischarge	Dregg2/Crypto/ForkingDischarge.lean	320	329	thm	threader	opaque-pred	2	Dregg2.Crypto.Lattice.MSISHard	-
CARRIER	Dregg2.Crypto.ForkingDischarge.hybrid_secure_if_either_floor_discharged	Dregg2.Crypto.ForkingDischarge	Dregg2/Crypto/ForkingDischarge.lean	447	473	thm	embedded	opaque-pred	0	Dregg2.Crypto.Lattice.MSISHard	emb-binder
CARRIER	Dregg2.Crypto.ForkingDischarge.dregg_pq_is_eufcma_under_msis_discharged	Dregg2.Crypto.ForkingDischarge	Dregg2/Crypto/ForkingDischarge.lean	475	487	thm	threader	opaque-pred	3	Dregg2.Crypto.Lattice.MSISHard	-
CARRIER	Dregg2.Crypto.ForkingDischarge.keystone_msis_floor_load_bearing	Dregg2.Crypto.ForkingDischarge	Dregg2/Crypto/ForkingDischarge.lean	613	624	thm	embedded	not	0	Dregg2.Crypto.Lattice.MSISHard	neg-conc
CARRIER	Dregg2.Crypto.ForkingDischargeConsumers.hybrid_secure_under_msis_alone	Dregg2.Crypto.ForkingDischargeConsumers	Dregg2/Crypto/ForkingDischargeConsumers.lean	81	94	thm	threader	opaque-pred	3	Dregg2.Crypto.Lattice.MSISHard	-
CARRIER	Dregg2.Crypto.ForkingDischargeConsumers.chain_unforgeable_under_hybrid_floor_discharged	Dregg2.Crypto.ForkingDischargeConsumers	Dregg2/Crypto/ForkingDischargeConsumers.lean	113	142	thm	embedded	opaque-pred	0	Dregg2.Crypto.Lattice.MSISHard	emb-binder
CARRIER	Dregg2.Crypto.ForkingDischargeConsumers.turn_sound_under_floor_discharged	Dregg2.Crypto.ForkingDischargeConsumers	Dregg2/Crypto/ForkingDischargeConsumers.lean	146	166	thm	embedded	and	0	Dregg2.Crypto.Lattice.MSISHard	emb-binder
CARRIER	Dregg2.Crypto.ForkingDischargeConsumers.downgrade_resistant_under_floor_discharged	Dregg2.Crypto.ForkingDischargeConsumers	Dregg2/Crypto/ForkingDischargeConsumers.lean	170	195	thm	embedded	False	0	Dregg2.Crypto.Lattice.MSISHard	emb-binder
CARRIER	Dregg2.Crypto.ForkingDischargeConsumers.revocation_sound_under_floor_discharged	Dregg2.Crypto.ForkingDischargeConsumers	Dregg2/Crypto/ForkingDischargeConsumers.lean	199	234	thm	tooth	False	0	Dregg2.Crypto.HermineHintMLWE.HashCR	ho-thread,ho-opaque,was-threader
CARRIER	Dregg2.Crypto.ForkingDischargeConsumers.consensus_safe_under_floor_discharged	Dregg2.Crypto.ForkingDischargeConsumers	Dregg2/Crypto/ForkingDischargeConsumers.lean	238	266	thm	embedded	False	0	Dregg2.Crypto.Lattice.MSISHard	emb-binder
CARRIER	Dregg2.Crypto.ForkingDischargeConsumers.no_forged_block_under_floor_discharged	Dregg2.Crypto.ForkingDischargeConsumers	Dregg2/Crypto/ForkingDischargeConsumers.lean	270	289	thm	embedded	False	0	Dregg2.Crypto.Lattice.MSISHard	emb-binder
CARRIER	Dregg2.Crypto.ForkingDischargeConsumers.ake_authentication_grounded_discharged	Dregg2.Crypto.ForkingDischargeConsumers	Dregg2/Crypto/ForkingDischargeConsumers.lean	293	322	thm	threader	opaque-pred	0	Dregg2.Crypto.HermineHintMLWE.HashCR	ho-thread,ho-opaque
CARRIER	Dregg2.Crypto.ForkingDischargeConsumers.hybrid_sig_uc_realizes_discharged	Dregg2.Crypto.ForkingDischargeConsumers	Dregg2/Crypto/ForkingDischargeConsumers.lean	326	340	thm	embedded	opaque-pred	0	Dregg2.Crypto.Lattice.MSISHard	emb-binder
CARRIER	Dregg2.Crypto.ForkingDischargeConsumers.hybrid_multi_session_uc_realizes_discharged	Dregg2.Crypto.ForkingDischargeConsumers	Dregg2/Crypto/ForkingDischargeConsumers.lean	342	356	thm	embedded	opaque-pred	0	Dregg2.Crypto.Lattice.MSISHard	emb-binder
CARRIER	Dregg2.Crypto.ForkingDischargeConsumers.accepting_forged_history_breaks_floor_discharged	Dregg2.Crypto.ForkingDischargeConsumers	Dregg2/Crypto/ForkingDischargeConsumers.lean	360	383	thm	embedded	False	0	Dregg2.Crypto.Lattice.MSISHard	emb-binder
CARRIER	Dregg2.Crypto.ForkingDischargeConsumers.lightclient_no_fork_under_floor_discharged	Dregg2.Crypto.ForkingDischargeConsumers	Dregg2/Crypto/ForkingDischargeConsumers.lean	385	411	thm	embedded	False	0	Dregg2.Crypto.Lattice.MSISHard	emb-binder
CARRIER	Dregg2.Crypto.HardQuantVacuity.horn_B_floor_holds_while_msis_is_broken	Dregg2.Crypto.HardQuantVacuity	Dregg2/Crypto/HardQuantVacuity.lean	180	188	thm	embedded	and	0	Dregg2.Crypto.Lattice.MSISHard	emb-conc
CARRIER	Dregg2.Crypto.HardQuantVacuity.hardquant_dilemma	Dregg2.Crypto.HardQuantVacuity	Dregg2/Crypto/HardQuantVacuity.lean	190	199	thm	embedded	and	0	Dregg2.Crypto.Lattice.MSISHard	emb-conc
CARRIER	Dregg2.Crypto.HashRandRefinement.HashRand.commit_equivocation_breaks_hashcr	Dregg2.Crypto.HashRandRefinement	Dregg2/Crypto/HashRandRefinement.lean	131	136	thm	embedded	not	0	Dregg2.Crypto.HermineHintMLWE.HashCR	neg-conc
CARRIER	Dregg2.Crypto.HashRandRefinement.HashRand.slot_collision_breaks_hashcr	Dregg2.Crypto.HashRandRefinement	Dregg2/Crypto/HashRandRefinement.lean	138	145	thm	embedded	not	0	Dregg2.Crypto.HermineHintMLWE.HashCR	neg-conc
CARRIER	Dregg2.Crypto.HashRandRefinement.hashrand_bias_breaks_hashcr	Dregg2.Crypto.HashRandRefinement	Dregg2/Crypto/HashRandRefinement.lean	198	212	thm	embedded	not	0	Dregg2.Crypto.HermineHintMLWE.HashCR	neg-conc
CARRIER	Dregg2.Crypto.HashRandRefinement.hashrand_equivocation_breaks_hashcr	Dregg2.Crypto.HashRandRefinement	Dregg2/Crypto/HashRandRefinement.lean	220	230	thm	embedded	not	0	Dregg2.Crypto.HermineHintMLWE.HashCR	neg-conc,refut-witness
CARRIER	Dregg2.Crypto.HashRandRefinement.hashrand_prediction_breaks_hashcr	Dregg2.Crypto.HashRandRefinement	Dregg2/Crypto/HashRandRefinement.lean	232	242	thm	embedded	not	0	Dregg2.Crypto.HermineHintMLWE.HashCR	neg-conc
CARRIER	Dregg2.Crypto.HashRandRefinement.ceremony_equivocation_breaks_hashcr	Dregg2.Crypto.HashRandRefinement	Dregg2/Crypto/HashRandRefinement.lean	283	296	thm	embedded	not	0	Dregg2.Crypto.HermineHintMLWE.HashCR	neg-conc
CARRIER	Dregg2.Crypto.HashRandRefinement.goodCR_hashcr	Dregg2.Crypto.HashRandRefinement	Dregg2/Crypto/HashRandRefinement.lean	330	330	thm	embedded	opaque-pred	0	Dregg2.Crypto.HermineHintMLWE.HashCR	emb-conc
CARRIER	Dregg2.Crypto.HashRandRefinement.bias_needs_hashcr	Dregg2.Crypto.HashRandRefinement	Dregg2/Crypto/HashRandRefinement.lean	416	422	thm	embedded	not	0	Dregg2.Crypto.HermineHintMLWE.HashCR	neg-conc
CARRIER	Dregg2.Crypto.HashRandRefinement.badCR_not_hashcr	Dregg2.Crypto.HashRandRefinement	Dregg2/Crypto/HashRandRefinement.lean	424	427	thm	embedded	not	0	Dregg2.Crypto.HermineHintMLWE.HashCR	neg-conc
CARRIER	Dregg2.Crypto.HashSigMerkle.merkle_ots_binds_index	Dregg2.Crypto.HashSigMerkle	Dregg2/Crypto/HashSigMerkle.lean	134	159	thm	endpoint	and	2	Dregg2.Circuit.Poseidon2Binding.Poseidon2SpongeCR	-
CARRIER	Dregg2.Crypto.HashSigMerkleRegrounded.spongeFamily_CR_of_injective	Dregg2.Crypto.HashSigMerkleRegrounded	Dregg2/Crypto/HashSigMerkleRegrounded.lean	134	141	thm	embedded	opaque-pred	0	Dregg2.Circuit.HashFloorHonesty.CollisionResistant	emb-conc
CARRIER	Dregg2.Crypto.HashSigMerkleRegrounded.merkle_ots_binds_floor_load_bearing	Dregg2.Crypto.HashSigMerkleRegrounded	Dregg2/Crypto/HashSigMerkleRegrounded.lean	332	337	thm	embedded	not	0	Dregg2.Circuit.HashFloorHonesty.CollisionResistant	neg-conc
CARRIER	Dregg2.Crypto.HermineHashCRRegrounded.commitRevealFamily_CR_of_hashcr	Dregg2.Crypto.HermineHashCRRegrounded	Dregg2/Crypto/HermineHashCRRegrounded.lean	146	155	thm	endpoint	opaque-pred	0	Dregg2.Crypto.HermineHintMLWE.HashCR	bridge
CARRIER	Dregg2.Crypto.HermineHashCRRegrounded.exCR_family_CR	Dregg2.Crypto.HermineHashCRRegrounded	Dregg2/Crypto/HermineHashCRRegrounded.lean	624	628	thm	embedded	opaque-pred	0	Dregg2.Circuit.HashFloorHonesty.CollisionResistant	emb-conc
CARRIER	Dregg2.Crypto.HermineHashCRRegrounded.badCR_family_not_CR	Dregg2.Crypto.HermineHashCRRegrounded	Dregg2/Crypto/HermineHashCRRegrounded.lean	630	649	thm	embedded	not	0	Dregg2.Circuit.HashFloorHonesty.CollisionResistant	neg-conc,refut-witness
CARRIER	Dregg2.Crypto.HermineHintMLWE.equivocation_breaks_hashcr	Dregg2.Crypto.HermineHintMLWE	Dregg2/Crypto/HermineHintMLWE.lean	365	380	thm	embedded	not	0	Dregg2.Crypto.HermineHintMLWE.HashCR	neg-conc
CARRIER	Dregg2.Crypto.HermineHintMLWE.concurrent_forgery_breaks_hashcr_or_msis	Dregg2.Crypto.HermineHintMLWE	Dregg2/Crypto/HermineHintMLWE.lean	397	420	thm	embedded	or	0	Dregg2.Crypto.HermineHintMLWE.HashCR	emb-conc
CARRIER	Dregg2.Crypto.HermineHintMLWE.exCR_hashcr	Dregg2.Crypto.HermineHintMLWE	Dregg2/Crypto/HermineHintMLWE.lean	451	452	thm	embedded	opaque-pred	0	Dregg2.Crypto.HermineHintMLWE.HashCR	emb-conc
CARRIER	Dregg2.Crypto.HermineHintMLWE.badCR_not_binding	Dregg2.Crypto.HermineHintMLWE	Dregg2/Crypto/HermineHintMLWE.lean	465	468	thm	embedded	not	0	Dregg2.Crypto.HermineHintMLWE.HashCR	neg-conc
CARRIER	Dregg2.Crypto.HermineHintMLWE.exCR5_hashcr	Dregg2.Crypto.HermineHintMLWE	Dregg2/Crypto/HermineHintMLWE.lean	475	475	thm	embedded	opaque-pred	0	Dregg2.Crypto.HermineHintMLWE.HashCR	emb-conc
CARRIER	Dregg2.Crypto.HermineMSIS.no_forgery_under_msis	Dregg2.Crypto.HermineMSIS	Dregg2/Crypto/HermineMSIS.lean	55	67	thm	tooth	False	0	Dregg2.Crypto.Lattice.MSISHard	was-endpoint
CARRIER	Dregg2.Crypto.HermineSelfTargetMSIS.no_forgery_under_msis_selftarget	Dregg2.Crypto.HermineSelfTargetMSIS	Dregg2/Crypto/HermineSelfTargetMSIS.lean	141	151	thm	tooth	False	0	Dregg2.Crypto.Lattice.MSISHard	was-endpoint
CARRIER	Dregg2.Crypto.HermineTSUF.concurrent_ts_uf_0_reduces	Dregg2.Crypto.HermineTSUF	Dregg2/Crypto/HermineTSUF.lean	398	432	thm	embedded	or	0	Dregg2.Crypto.HermineHintMLWE.HashCR	emb-conc
CARRIER	Dregg2.Crypto.HomomorphicDigest.digest_collision_extracts_msis	Dregg2.Crypto.HomomorphicDigest	Dregg2/Crypto/HomomorphicDigest.lean	114	135	thm	endpoint	opaque-pred	0	Dregg2.Crypto.HomomorphicDigest.SumInjective	simp
CARRIER	Dregg2.Crypto.HomomorphicDigest.digest_binds_under_msis	Dregg2.Crypto.HomomorphicDigest	Dregg2/Crypto/HomomorphicDigest.lean	137	146	thm	endpoint	eq	1	Dregg2.Crypto.HomomorphicDigest.SumInjective,Dregg2.Crypto.Lattice.MSISHard	-
CARRIER	Dregg2.Crypto.HomomorphicDigest.digest_binds_bounded	Dregg2.Crypto.HomomorphicDigest	Dregg2/Crypto/HomomorphicDigest.lean	148	161	thm	endpoint	eq	1	Dregg2.Crypto.HomomorphicDigest.SumInjective,Dregg2.Crypto.Lattice.MSISHard	simp
CARRIER	Dregg2.Crypto.HomomorphicDigestPositioned.positionIndexed_sumInjective	Dregg2.Crypto.HomomorphicDigestPositioned	Dregg2/Crypto/HomomorphicDigestPositioned.lean	83	87	thm	embedded	opaque-pred	0	Dregg2.Crypto.HomomorphicDigest.SumInjective	emb-conc
CARRIER	Dregg2.Crypto.HomomorphicDigestPositioned.val_nonzero_load_bearing	Dregg2.Crypto.HomomorphicDigestPositioned	Dregg2/Crypto/HomomorphicDigestPositioned.lean	91	99	thm	embedded	not	0	Dregg2.Crypto.HomomorphicDigest.SumInjective	neg-conc
CARRIER	Dregg2.Crypto.HomomorphicDigestPositioned.digest_binds_positionIndexed	Dregg2.Crypto.HomomorphicDigestPositioned	Dregg2/Crypto/HomomorphicDigestPositioned.lean	147	159	thm	threader	eq	2	Dregg2.Crypto.Lattice.MSISHard	-
CARRIER	Dregg2.Crypto.HomomorphicDigestPositioned.digest_binds_bounded_positionIndexed	Dregg2.Crypto.HomomorphicDigestPositioned	Dregg2/Crypto/HomomorphicDigestPositioned.lean	161	172	thm	threader	eq	2	Dregg2.Crypto.Lattice.MSISHard	-
CARRIER	Dregg2.Crypto.HomomorphicDigestPositioned.demo_unitVals_sumInjective	Dregg2.Crypto.HomomorphicDigestPositioned	Dregg2/Crypto/HomomorphicDigestPositioned.lean	176	178	thm	embedded	opaque-pred	0	Dregg2.Crypto.HomomorphicDigest.SumInjective	emb-conc
CARRIER	Dregg2.Crypto.HomomorphicDigestPositioned.demo_zeroVals_not_sumInjective	Dregg2.Crypto.HomomorphicDigestPositioned	Dregg2/Crypto/HomomorphicDigestPositioned.lean	180	182	thm	embedded	not	0	Dregg2.Crypto.HomomorphicDigest.SumInjective	neg-conc,refut-witness
CARRIER	Dregg2.Crypto.HybridCombiner.pq_euf_cma_grounded_in_msis	Dregg2.Crypto.HybridCombiner	Dregg2/Crypto/HybridCombiner.lean	195	217	thm	threader	opaque-pred	1	Dregg2.Crypto.Lattice.MSISHard	-
CARRIER	Dregg2.Crypto.HybridCombiner.hybrid_secure_if_either_floor	Dregg2.Crypto.HybridCombiner	Dregg2/Crypto/HybridCombiner.lean	221	250	thm	embedded	opaque-pred	0	Dregg2.Crypto.Lattice.MSISHard	emb-binder
CARRIER	Dregg2.Crypto.IdentityCommitment.distinct_verifying_pairs_break_hashcr	Dregg2.Crypto.IdentityCommitment	Dregg2/Crypto/IdentityCommitment.lean	79	90	thm	embedded	not	0	Dregg2.Crypto.HermineHintMLWE.HashCR	neg-conc
CARRIER	Dregg2.Crypto.IdentityCommitment.exCR_hashcr	Dregg2.Crypto.IdentityCommitment	Dregg2/Crypto/IdentityCommitment.lean	127	127	thm	embedded	opaque-pred	0	Dregg2.Crypto.HermineHintMLWE.HashCR	emb-conc
CARRIER	Dregg2.Crypto.IdentityCommitment.badCR_not_hashcr	Dregg2.Crypto.IdentityCommitment	Dregg2/Crypto/IdentityCommitment.lean	166	168	thm	embedded	not	0	Dregg2.Crypto.HermineHintMLWE.HashCR	neg-conc
CARRIER	Dregg2.Crypto.IdentityCommitmentRegrounded.idCommit_exCR_CR	Dregg2.Crypto.IdentityCommitmentRegrounded	Dregg2/Crypto/IdentityCommitmentRegrounded.lean	309	314	thm	embedded	opaque-pred	0	Dregg2.Circuit.HashFloorHonesty.CollisionResistant	emb-conc
CARRIER	Dregg2.Crypto.IdentityCommitmentRegrounded.idCommit_badCR_not_CR	Dregg2.Crypto.IdentityCommitmentRegrounded	Dregg2/Crypto/IdentityCommitmentRegrounded.lean	316	341	thm	embedded	not	0	Dregg2.Circuit.HashFloorHonesty.CollisionResistant	neg-conc
CARRIER	Dregg2.Crypto.LightClientSoundness.accepting_forged_history_breaks_floor	Dregg2.Crypto.LightClientSoundness	Dregg2/Crypto/LightClientSoundness.lean	165	197	thm	embedded	False	0	Dregg2.Crypto.Lattice.MSISHard	emb-binder
CARRIER	Dregg2.Crypto.LightClientSoundness.lightclient_no_fork	Dregg2.Crypto.LightClientSoundness	Dregg2/Crypto/LightClientSoundness.lean	221	251	thm	embedded	False	0	Dregg2.Crypto.Lattice.MSISHard	emb-binder
CARRIER	Dregg2.Crypto.LightClientSoundness.accepting_long_range_breaks_hashcr	Dregg2.Crypto.LightClientSoundness	Dregg2/Crypto/LightClientSoundness.lean	265	278	thm	embedded	not	0	Dregg2.Crypto.HermineHintMLWE.HashCR	neg-conc
CARRIER	Dregg2.Crypto.LightClientSoundness.toyCR_hashcr	Dregg2.Crypto.LightClientSoundness	Dregg2/Crypto/LightClientSoundness.lean	293	293	thm	embedded	opaque-pred	0	Dregg2.Crypto.HermineHintMLWE.HashCR	emb-conc
CARRIER	Dregg2.Crypto.RandomnessBeacon.honest_makes_unbiasable	Dregg2.Crypto.RandomnessBeacon	Dregg2/Crypto/RandomnessBeacon.lean	105	112	thm	endpoint	ne	0	Dregg2.Crypto.RandomnessBeacon.HonestSlotCR	-
CARRIER	Dregg2.Crypto.RandomnessBeacon.bias_breaks_honest_slot_cr	Dregg2.Crypto.RandomnessBeacon	Dregg2/Crypto/RandomnessBeacon.lean	114	121	thm	embedded	not	0	Dregg2.Crypto.RandomnessBeacon.HonestSlotCR	neg-conc
CARRIER	Dregg2.Crypto.RandomnessBeacon.prediction_matching_two_reveals_breaks_hashcr	Dregg2.Crypto.RandomnessBeacon	Dregg2/Crypto/RandomnessBeacon.lean	192	202	thm	embedded	not	0	Dregg2.Crypto.HermineHintMLWE.HashCR	neg-conc
CARRIER	Dregg2.Crypto.RandomnessBeacon.sumBeacon_cr	Dregg2.Crypto.RandomnessBeacon	Dregg2/Crypto/RandomnessBeacon.lean	229	236	thm	embedded	opaque-pred	0	Dregg2.Crypto.RandomnessBeacon.HonestSlotCR	emb-conc
CARRIER	Dregg2.Crypto.RandomnessBeacon.exBeaconHash_hashcr	Dregg2.Crypto.RandomnessBeacon	Dregg2/Crypto/RandomnessBeacon.lean	260	260	thm	embedded	opaque-pred	0	Dregg2.Crypto.HermineHintMLWE.HashCR	emb-conc
CARRIER	Dregg2.Crypto.RandomnessBeacon.idMultisetHash_hashcr	Dregg2.Crypto.RandomnessBeacon	Dregg2/Crypto/RandomnessBeacon.lean	275	275	thm	embedded	opaque-pred	0	Dregg2.Crypto.HermineHintMLWE.HashCR	emb-conc
CARRIER	Dregg2.Crypto.RandomnessBeacon.hashBeacon_honest_slot_cr	Dregg2.Crypto.RandomnessBeacon	Dregg2/Crypto/RandomnessBeacon.lean	277	282	thm	embedded	opaque-pred	0	Dregg2.Crypto.RandomnessBeacon.HonestSlotCR	emb-conc
CARRIER	Dregg2.Crypto.RandomnessBeacon.badCommit_not_binding	Dregg2.Crypto.RandomnessBeacon	Dregg2/Crypto/RandomnessBeacon.lean	293	297	thm	embedded	not	0	Dregg2.Crypto.HermineHintMLWE.HashCR	neg-conc
CARRIER	Dregg2.Crypto.RandomnessBeacon.bias_predicts_and_breaks_hashcr	Dregg2.Crypto.RandomnessBeacon	Dregg2/Crypto/RandomnessBeacon.lean	307	311	thm	embedded	not	0	Dregg2.Crypto.HermineHintMLWE.HashCR	neg-conc
CARRIER	Dregg2.Crypto.RandomnessBeaconRegrounded.beacon_exBeaconHash_CR	Dregg2.Crypto.RandomnessBeaconRegrounded	Dregg2/Crypto/RandomnessBeaconRegrounded.lean	338	343	thm	embedded	opaque-pred	0	Dregg2.Circuit.HashFloorHonesty.CollisionResistant	emb-conc
CARRIER	Dregg2.Crypto.RandomnessBeaconRegrounded.beacon_badBeaconOut_not_CR	Dregg2.Crypto.RandomnessBeaconRegrounded	Dregg2/Crypto/RandomnessBeaconRegrounded.lean	345	365	thm	embedded	not	0	Dregg2.Circuit.HashFloorHonesty.CollisionResistant	neg-conc
CARRIER	Dregg2.Crypto.RandomnessBeaconRegrounded.hashRand_goodCR_commit_CR	Dregg2.Crypto.RandomnessBeaconRegrounded	Dregg2/Crypto/RandomnessBeaconRegrounded.lean	367	372	thm	embedded	opaque-pred	0	Dregg2.Circuit.HashFloorHonesty.CollisionResistant	emb-conc
CARRIER	Dregg2.Crypto.RandomnessBeaconRegrounded.hashRand_goodCR_output_CR	Dregg2.Crypto.RandomnessBeaconRegrounded	Dregg2/Crypto/RandomnessBeaconRegrounded.lean	374	379	thm	embedded	opaque-pred	0	Dregg2.Circuit.HashFloorHonesty.CollisionResistant	emb-conc
CARRIER	Dregg2.Crypto.RandomnessBeaconRegrounded.hashRand_badCR_output_not_CR	Dregg2.Crypto.RandomnessBeaconRegrounded	Dregg2/Crypto/RandomnessBeaconRegrounded.lean	381	407	thm	embedded	not	0	Dregg2.Circuit.HashFloorHonesty.CollisionResistant	neg-conc
CARRIER	Dregg2.Crypto.RevocationSoundness.distinct_sets_collide	Dregg2.Crypto.RevocationSoundness	Dregg2/Crypto/RevocationSoundness.lean	101	105	thm	embedded	not	0	Dregg2.Crypto.HermineHintMLWE.HashCR	neg-conc
CARRIER	Dregg2.Crypto.RevocationSoundness.absence_for_revoked_breaks_hashcr	Dregg2.Crypto.RevocationSoundness	Dregg2/Crypto/RevocationSoundness.lean	107	114	thm	embedded	not	0	Dregg2.Crypto.HermineHintMLWE.HashCR	neg-conc
CARRIER	Dregg2.Crypto.RevocationSoundness.absence_and_membership_break_hashcr	Dregg2.Crypto.RevocationSoundness	Dregg2/Crypto/RevocationSoundness.lean	116	123	thm	embedded	not	0	Dregg2.Crypto.HermineHintMLWE.HashCR	neg-conc
CARRIER	Dregg2.Crypto.RevocationSoundness.forged_non_revocation_breaks_cr_or_forges	Dregg2.Crypto.RevocationSoundness	Dregg2/Crypto/RevocationSoundness.lean	199	231	thm	embedded	or	0	Dregg2.Crypto.HermineHintMLWE.HashCR	emb-conc
CARRIER	Dregg2.Crypto.RevocationSoundness.bindTree_hashcr	Dregg2.Crypto.RevocationSoundness	Dregg2/Crypto/RevocationSoundness.lean	334	335	thm	embedded	opaque-pred	0	Dregg2.Crypto.HermineHintMLWE.HashCR	emb-conc
CARRIER	Dregg2.Crypto.RevocationSoundness.collTree_not_hashcr	Dregg2.Crypto.RevocationSoundness	Dregg2/Crypto/RevocationSoundness.lean	352	354	thm	embedded	not	0	Dregg2.Crypto.HermineHintMLWE.HashCR	neg-conc
CARRIER	Dregg2.Crypto.SpongeCompressionRegrounded.compressionCR_false_of_finite_range	Dregg2.Crypto.SpongeCompressionRegrounded	Dregg2/Crypto/SpongeCompressionRegrounded.lean	110	121	thm	embedded	not	0	Dregg2.Crypto.SpongeReduction.CompressionCR	neg-conc
CARRIER	Dregg2.Crypto.SpongeCompressionRegrounded.compressionCR_false_of_finite_state	Dregg2.Crypto.SpongeCompressionRegrounded	Dregg2/Crypto/SpongeCompressionRegrounded.lean	123	132	thm	embedded	not	0	Dregg2.Crypto.SpongeReduction.CompressionCR	neg-conc
CARRIER	Dregg2.Crypto.SpongeCompressionRegrounded.compressionFamily_CR_of_compressionCR	Dregg2.Crypto.SpongeCompressionRegrounded	Dregg2/Crypto/SpongeCompressionRegrounded.lean	205	215	thm	embedded	opaque-pred	0	Dregg2.Crypto.SpongeReduction.CompressionCR,Dregg2.Circuit.HashFloorHonesty.CollisionResistant	emb-conc,emb-binder
CARRIER	Dregg2.Crypto.SpongeCompressionRegrounded.brokenMachine_not_compressionCR	Dregg2.Crypto.SpongeCompressionRegrounded	Dregg2/Crypto/SpongeCompressionRegrounded.lean	701	707	thm	embedded	not	0	Dregg2.Crypto.SpongeReduction.CompressionCR	neg-conc,refut-witness
CARRIER	Dregg2.Crypto.SpongeCompressionRegrounded.compressionFamily_CR_of_injective	Dregg2.Crypto.SpongeCompressionRegrounded	Dregg2/Crypto/SpongeCompressionRegrounded.lean	711	721	thm	embedded	opaque-pred	0	Dregg2.Circuit.HashFloorHonesty.CollisionResistant	emb-conc
CARRIER	Dregg2.Crypto.SpongeReduction.foldl_step_eq	Dregg2.Crypto.SpongeReduction	Dregg2/Crypto/SpongeReduction.lean	184	214	thm	endpoint	and	0	Dregg2.Crypto.SpongeReduction.CompressionCR	simp
CARRIER	Dregg2.Crypto.SpongeReduction.finalState_inj	Dregg2.Crypto.SpongeReduction	Dregg2/Crypto/SpongeReduction.lean	216	225	thm	threader	eq	1	Dregg2.Crypto.SpongeReduction.CompressionCR	simp
CARRIER	Dregg2.Crypto.SpongeReduction.spongeCR_of_reduction	Dregg2.Crypto.SpongeReduction	Dregg2/Crypto/SpongeReduction.lean	229	238	thm	threader	opaque-pred	2	Dregg2.Crypto.SpongeReduction.CompressionCR	bridge
CARRIER	Dregg2.Crypto.SpongeReduction.Reference.refCompressionCR	Dregg2.Crypto.SpongeReduction	Dregg2/Crypto/SpongeReduction.lean	266	279	thm	embedded	opaque-pred	0	Dregg2.Crypto.SpongeReduction.CompressionCR	emb-conc
CARRIER	Dregg2.Crypto.SpongeReduction.Reference.refSpongeCR	Dregg2.Crypto.SpongeReduction	Dregg2/Crypto/SpongeReduction.lean	298	302	thm	embedded	opaque-pred	0	Dregg2.Circuit.Poseidon2Binding.Poseidon2SpongeCR	emb-conc
CARRIER	Dregg2.Crypto.SpongeReduction.realizedSpongeOfReduction	Dregg2.Crypto.SpongeReduction	Dregg2/Crypto/SpongeReduction.lean	364	373	def	threader	opaque-pred	3	Dregg2.Crypto.SpongeReduction.CompressionCR	-
CARRIER	Dregg2.Crypto.ThresholdSignerRefinement.threshold_signer_concurrent_ts_uf_0	Dregg2.Crypto.ThresholdSignerRefinement	Dregg2/Crypto/ThresholdSignerRefinement.lean	223	242	thm	embedded	or	0	Dregg2.Crypto.HermineHintMLWE.HashCR	emb-conc
CARRIER	Dregg2.Crypto.ThresholdSignerRefinement.threshold_signer_adaptive_ts_uf_lossfree	Dregg2.Crypto.ThresholdSignerRefinement	Dregg2/Crypto/ThresholdSignerRefinement.lean	244	268	thm	embedded	and	0	Dregg2.Crypto.HermineHintMLWE.HashCR	emb-conc
CARRIER	Dregg2.Crypto.ThresholdSignerRefinement.deployed_equivocation_breaks_hashcr	Dregg2.Crypto.ThresholdSignerRefinement	Dregg2/Crypto/ThresholdSignerRefinement.lean	290	298	thm	embedded	not	0	Dregg2.Crypto.HermineHintMLWE.HashCR	neg-conc
CARRIER	Dregg2.Crypto.ThresholdSignerRefinement.badBind_equivocation	Dregg2.Crypto.ThresholdSignerRefinement	Dregg2/Crypto/ThresholdSignerRefinement.lean	408	414	thm	embedded	not	0	Dregg2.Crypto.HermineHintMLWE.HashCR	neg-conc
CARRIER	Dregg2.Crypto.TurnSoundness.turn_sound_under_floor	Dregg2.Crypto.TurnSoundness	Dregg2/Crypto/TurnSoundness.lean	212	237	thm	embedded	and	0	Dregg2.Crypto.Lattice.MSISHard	emb-binder
CARRIER	Dregg2.Crypto.UMemCodec.uaddrEnc_injective	Dregg2.Crypto.UMemCodec	Dregg2/Crypto/UMemCodec.lean	113	125	thm	endpoint	and	0	Dregg2.Circuit.Poseidon2Binding.Poseidon2SpongeCR	-
CARRIER	Dregg2.Crypto.UMemCodec.capLeaf_injective	Dregg2.Crypto.UMemCodec	Dregg2/Crypto/UMemCodec.lean	175	188	thm	endpoint	eq	0	Dregg2.Circuit.Poseidon2Binding.Poseidon2SpongeCR	-
CARRIER	Dregg2.Crypto.UMemCodec.map_capLeaf_injective	Dregg2.Crypto.UMemCodec	Dregg2/Crypto/UMemCodec.lean	201	218	thm	threader	eq	1	Dregg2.Circuit.Poseidon2Binding.Poseidon2SpongeCR	simp
CARRIER	Dregg2.Crypto.UMemCodec.capRoot_injective	Dregg2.Crypto.UMemCodec	Dregg2/Crypto/UMemCodec.lean	220	229	thm	endpoint	eq	2	Dregg2.Circuit.Poseidon2Binding.Poseidon2SpongeCR	-
CARRIER	Dregg2.Crypto.UMemCodec.index_boundary_root_bound	Dregg2.Crypto.UMemCodec	Dregg2/Crypto/UMemCodec.lean	279	288	thm	threader	eq	2	Dregg2.Circuit.Poseidon2Binding.Poseidon2SpongeCR	-
CARRIER	Dregg2.Crypto.UcSignature.hybrid_sig_uc_realizes	Dregg2.Crypto.UcSignature	Dregg2/Crypto/UcSignature.lean	203	227	thm	embedded	opaque-pred	0	Dregg2.Crypto.Lattice.MSISHard	emb-binder
CARRIER	Dregg2.Crypto.UcSignature.hybrid_multi_session_uc_realizes	Dregg2.Crypto.UcSignature	Dregg2/Crypto/UcSignature.lean	446	467	thm	embedded	opaque-pred	0	Dregg2.Crypto.Lattice.MSISHard	emb-binder
CARRIER	Dregg2.Crypto.UcSignature.hybrid_sig_composes_under_floor	Dregg2.Crypto.UcSignature	Dregg2/Crypto/UcSignature.lean	573	596	thm	embedded	eq	0	Dregg2.Crypto.Lattice.MSISHard	emb-binder
CARRIER	Dregg2.Crypto.UcSignature.hybrid_sig_advantage_negl	Dregg2.Crypto.UcSignature	Dregg2/Crypto/UcSignature.lean	669	689	thm	embedded	opaque-pred	0	Dregg2.Crypto.Lattice.MSISHard	emb-binder
CARRIER	Dregg2.Crypto.UcSignature.hybrid_multi_session_advantage_negl	Dregg2.Crypto.UcSignature	Dregg2/Crypto/UcSignature.lean	777	799	thm	embedded	opaque-pred	0	Dregg2.Crypto.Lattice.MSISHard	emb-binder
CARRIER	Dregg2.Crypto.UniversalMemory.boundary_init_root_bound	Dregg2.Crypto.UniversalMemory	Dregg2/Crypto/UniversalMemory.lean	501	510	thm	threader	eq	0	Dregg2.Circuit.Poseidon2Binding.Poseidon2SpongeCR	-
CARRIER	Dregg2.Crypto.UniversalMemory.boundary_image_eq_of_root	Dregg2.Crypto.UniversalMemory	Dregg2/Crypto/UniversalMemory.lean	539	550	thm	threader	eq	0	Dregg2.Circuit.Poseidon2Binding.Poseidon2SpongeCR	-
CARRIER	Dregg2.Crypto.UniversalMemory.boundary_whole_image_sem	Dregg2.Crypto.UniversalMemory	Dregg2/Crypto/UniversalMemory.lean	552	567	thm	threader	eq	1	Dregg2.Circuit.Poseidon2Binding.Poseidon2SpongeCR	simp
CARRIER	Dregg2.Crypto.UniversalMemory.recursive_open_sound	Dregg2.Crypto.UniversalMemory	Dregg2/Crypto/UniversalMemory.lean	645	671	thm	threader	and	1	Dregg2.Circuit.Poseidon2Binding.Poseidon2SpongeCR	simp
CARRIER	Dregg2.Crypto.UniversalMemory.nullifier_fresh_binds_root	Dregg2.Crypto.UniversalMemory	Dregg2/Crypto/UniversalMemory.lean	765	785	thm	threader	and	0	Dregg2.Circuit.Poseidon2Binding.Poseidon2SpongeCR	simp
CARRIER	Dregg2.Crypto.VRF.lattice_vrf_unique_under_msis	Dregg2.Crypto.VRF	Dregg2/Crypto/VRF.lean	290	302	thm	endpoint	eq	0	Dregg2.Crypto.Lattice.MSISHard	-
CARRIER	Dregg2.Crypto.WireAke.accept_without_match_breaks_auth	Dregg2.Crypto.WireAke	Dregg2/Crypto/WireAke.lean	124	151	thm	embedded	or	0	Dregg2.Crypto.HermineHintMLWE.HashCR	emb-conc
CARRIER	Dregg2.Crypto.WireAke.uks_breaks_hashcr	Dregg2.Crypto.WireAke	Dregg2/Crypto/WireAke.lean	239	248	thm	embedded	not	0	Dregg2.Crypto.HermineHintMLWE.HashCR	neg-conc
CARRIER	Dregg2.Crypto.WireAke.crK_hashcr	Dregg2.Crypto.WireAke	Dregg2/Crypto/WireAke.lean	335	335	thm	embedded	opaque-pred	0	Dregg2.Crypto.HermineHintMLWE.HashCR	emb-conc
CARRIER	Dregg2.Crypto.WireAkeRegrounded.channelKey_crK_CR	Dregg2.Crypto.WireAkeRegrounded	Dregg2/Crypto/WireAkeRegrounded.lean	155	159	thm	embedded	opaque-pred	0	Dregg2.Circuit.HashFloorHonesty.CollisionResistant	emb-conc
CARRIER	Dregg2.Crypto.WireAkeRegrounded.channelKey_badCR_not_CR	Dregg2.Crypto.WireAkeRegrounded	Dregg2/Crypto/WireAkeRegrounded.lean	165	186	thm	embedded	not	0	Dregg2.Circuit.HashFloorHonesty.CollisionResistant	neg-conc
CARRIER	Dregg2.Crypto.XmVrfRefinement.node_collision_breaks_hashcr	Dregg2.Crypto.XmVrfRefinement	Dregg2/Crypto/XmVrfRefinement.lean	135	140	thm	embedded	not	0	Dregg2.Crypto.HermineHintMLWE.HashCR	neg-conc
CARRIER	Dregg2.Crypto.XmVrfRefinement.leaf_collision_breaks_hashcr	Dregg2.Crypto.XmVrfRefinement	Dregg2/Crypto/XmVrfRefinement.lean	180	187	thm	embedded	not	0	Dregg2.Crypto.HermineHintMLWE.HashCR	neg-conc
CARRIER	Dregg2.Crypto.XmVrfRefinement.distinct_outputs_break_hashcr	Dregg2.Crypto.XmVrfRefinement	Dregg2/Crypto/XmVrfRefinement.lean	246	267	thm	embedded	not	0	Dregg2.Crypto.HermineHintMLWE.HashCR	neg-conc
CARRIER	Dregg2.Crypto.XmVrfRefinement.goodX_hashcr	Dregg2.Crypto.XmVrfRefinement	Dregg2/Crypto/XmVrfRefinement.lean	343	346	thm	embedded	opaque-pred	0	Dregg2.Crypto.HermineHintMLWE.HashCR	emb-conc
CARRIER	Dregg2.Crypto.XmVrfRefinementRegrounded.xmVrf_goodCR_leaf_CR	Dregg2.Crypto.XmVrfRefinementRegrounded	Dregg2/Crypto/XmVrfRefinementRegrounded.lean	276	281	thm	embedded	opaque-pred	0	Dregg2.Circuit.HashFloorHonesty.CollisionResistant	emb-conc
CARRIER	Dregg2.Crypto.XmVrfRefinementRegrounded.xmVrf_goodCR_node_CR	Dregg2.Crypto.XmVrfRefinementRegrounded	Dregg2/Crypto/XmVrfRefinementRegrounded.lean	283	288	thm	embedded	opaque-pred	0	Dregg2.Circuit.HashFloorHonesty.CollisionResistant	emb-conc
CARRIER	Dregg2.Crypto.XmVrfRefinementRegrounded.xmVrf_badCR_node_not_CR	Dregg2.Crypto.XmVrfRefinementRegrounded	Dregg2/Crypto/XmVrfRefinementRegrounded.lean	297	315	thm	embedded	not	0	Dregg2.Circuit.HashFloorHonesty.CollisionResistant	neg-conc
CARRIER	Dregg2.Deos.BareCohortFloorRefuse.declared_escrow_unsat_under_bare	Dregg2.Deos.BareCohortFloorRefuse	Dregg2/Deos/BareCohortFloorRefuse.lean	256	288	thm	tooth	False	3	Dregg2.Circuit.Poseidon2Binding.Poseidon2SpongeCR	simp,was-threader
CARRIER	Dregg2.Deos.BareCohortFloorRefuse.declared_tag_unsat_under_bare	Dregg2.Deos.BareCohortFloorRefuse	Dregg2/Deos/BareCohortFloorRefuse.lean	511	537	thm	tooth	False	3	Dregg2.Circuit.Poseidon2Binding.Poseidon2SpongeCR	simp,was-threader
CARRIER	Dregg2.Deos.BareCohortFloorRefuse.declared_discharge_unsat_under_bare	Dregg2.Deos.BareCohortFloorRefuse	Dregg2/Deos/BareCohortFloorRefuse.lean	539	551	thm	tooth	False	4	Dregg2.Circuit.Poseidon2Binding.Poseidon2SpongeCR	was-threader
CARRIER	Dregg2.Deos.BareCohortFloorRefuse.declared_vault_unsat_under_bare	Dregg2.Deos.BareCohortFloorRefuse	Dregg2/Deos/BareCohortFloorRefuse.lean	553	563	thm	tooth	False	4	Dregg2.Circuit.Poseidon2Binding.Poseidon2SpongeCR	was-threader
CARRIER	Dregg2.Deos.BareCohortFloorRefuseDeployed.declared_tag_unsat_at	Dregg2.Deos.BareCohortFloorRefuseDeployed	Dregg2/Deos/BareCohortFloorRefuseDeployed.lean	220	256	thm	tooth	False	3	Dregg2.Circuit.Poseidon2Binding.Poseidon2SpongeCR	simp,was-threader
CARRIER	Dregg2.Deos.BareCohortFloorRefuseDeployed.declared_capacity_unsat_deployed	Dregg2.Deos.BareCohortFloorRefuseDeployed	Dregg2/Deos/BareCohortFloorRefuseDeployed.lean	342	373	thm	tooth	False	4	Dregg2.Circuit.Poseidon2Binding.Poseidon2SpongeCR	was-threader
CARRIER	Dregg2.Deos.BareCohortFloorRefuseDeployed.declared_escrow_unsat_deployed	Dregg2.Deos.BareCohortFloorRefuseDeployed	Dregg2/Deos/BareCohortFloorRefuseDeployed.lean	375	388	thm	tooth	False	5	Dregg2.Circuit.Poseidon2Binding.Poseidon2SpongeCR	was-threader
CARRIER	Dregg2.Deos.BareCohortFloorRefuseDeployed.declared_discharge_unsat_deployed	Dregg2.Deos.BareCohortFloorRefuseDeployed	Dregg2/Deos/BareCohortFloorRefuseDeployed.lean	390	403	thm	tooth	False	5	Dregg2.Circuit.Poseidon2Binding.Poseidon2SpongeCR	was-threader
CARRIER	Dregg2.Deos.BareCohortFloorRefuseDeployed.declared_vault_unsat_deployed	Dregg2.Deos.BareCohortFloorRefuseDeployed	Dregg2/Deos/BareCohortFloorRefuseDeployed.lean	405	418	thm	tooth	False	5	Dregg2.Circuit.Poseidon2Binding.Poseidon2SpongeCR	was-threader
CARRIER	Dregg2.Deos.BareCohortFloorRefuseWide.declared_capacity_unsat_wide	Dregg2.Deos.BareCohortFloorRefuseWide	Dregg2/Deos/BareCohortFloorRefuseWide.lean	112	143	thm	tooth	False	4	Dregg2.Circuit.Poseidon2Binding.Poseidon2SpongeCR	was-threader
CARRIER	Dregg2.Deos.BareCohortFloorRefuseWide.declared_escrow_unsat_wide	Dregg2.Deos.BareCohortFloorRefuseWide	Dregg2/Deos/BareCohortFloorRefuseWide.lean	145	158	thm	tooth	False	5	Dregg2.Circuit.Poseidon2Binding.Poseidon2SpongeCR	was-threader
CARRIER	Dregg2.Deos.BareCohortFloorRefuseWide.declared_discharge_unsat_wide	Dregg2.Deos.BareCohortFloorRefuseWide	Dregg2/Deos/BareCohortFloorRefuseWide.lean	160	173	thm	tooth	False	5	Dregg2.Circuit.Poseidon2Binding.Poseidon2SpongeCR	was-threader
CARRIER	Dregg2.Deos.BareCohortFloorRefuseWide.declared_vault_unsat_wide	Dregg2.Deos.BareCohortFloorRefuseWide	Dregg2/Deos/BareCohortFloorRefuseWide.lean	175	188	thm	tooth	False	5	Dregg2.Circuit.Poseidon2Binding.Poseidon2SpongeCR	was-threader
CARRIER	Dregg2.Deos.CapacityCarrier.carrier_manifest_forced	Dregg2.Deos.CapacityCarrier	Dregg2/Deos/CapacityCarrier.lean	83	90	thm	threader	eq	3	Dregg2.Circuit.Poseidon2Binding.Poseidon2SpongeCR	simp
CARRIER	Dregg2.Deos.CapacityCarrier.carrier_coverage_forced	Dregg2.Deos.CapacityCarrier	Dregg2/Deos/CapacityCarrier.lean	92	100	thm	threader	opaque-pred	4	Dregg2.Circuit.Poseidon2Binding.Poseidon2SpongeCR	simp
CARRIER	Dregg2.Deos.CapacityCarrier.carrier_omission_impossible	Dregg2.Deos.CapacityCarrier	Dregg2/Deos/CapacityCarrier.lean	102	114	thm	tooth	False	4	Dregg2.Circuit.Poseidon2Binding.Poseidon2SpongeCR	was-threader
CARRIER	Dregg2.Deos.CapacityCarrier.carrier_omission_caught_pure_lightclient	Dregg2.Deos.CapacityCarrier	Dregg2/Deos/CapacityCarrier.lean	124	143	thm	threader	not	4	Dregg2.Circuit.Poseidon2Binding.Poseidon2SpongeCR	simp
CARRIER	Dregg2.Deos.CapacityCarrier.escrow_carrier_omission_impossible	Dregg2.Deos.CapacityCarrier	Dregg2/Deos/CapacityCarrier.lean	157	166	thm	tooth	False	5	Dregg2.Circuit.Poseidon2Binding.Poseidon2SpongeCR	was-threader
CARRIER	Dregg2.Deos.CapacitySatisfaction.fieldAt_bound_in_commit	Dregg2.Deos.CapacitySatisfaction	Dregg2/Deos/CapacitySatisfaction.lean	96	104	thm	endpoint	eq	0	Dregg2.Circuit.Poseidon2Binding.Poseidon2SpongeCR	simp
CARRIER	Dregg2.Deos.CapacitySatisfaction.satisfaction_witnessed	Dregg2.Deos.CapacitySatisfaction	Dregg2/Deos/CapacitySatisfaction.lean	159	173	thm	threader	opaque-pred	1	Dregg2.Circuit.Poseidon2Binding.Poseidon2SpongeCR	simp
CARRIER	Dregg2.Deos.CapacitySatisfaction.forged_field_moves_commit	Dregg2.Deos.CapacitySatisfaction	Dregg2/Deos/CapacitySatisfaction.lean	175	181	thm	threader	ne	1	Dregg2.Circuit.Poseidon2Binding.Poseidon2SpongeCR	-
CARRIER	Dregg2.Deos.CapacitySatisfaction.capacity_witnessed_pure_lightclient	Dregg2.Deos.CapacitySatisfaction	Dregg2/Deos/CapacitySatisfaction.lean	191	212	thm	threader	and	4	Dregg2.Circuit.Poseidon2Binding.Poseidon2SpongeCR	simp
CARRIER	Dregg2.Deos.CapacitySatisfaction.discharge_satisfaction_witnessed	Dregg2.Deos.CapacitySatisfaction	Dregg2/Deos/CapacitySatisfaction.lean	311	328	thm	threader	opaque-pred	1	Dregg2.Circuit.Poseidon2Binding.Poseidon2SpongeCR	simp
CARRIER	Dregg2.Deos.CapacitySatisfaction.discharge_capacity_witnessed_pure_lightclient	Dregg2.Deos.CapacitySatisfaction	Dregg2/Deos/CapacitySatisfaction.lean	330	347	thm	threader	and	4	Dregg2.Circuit.Poseidon2Binding.Poseidon2SpongeCR	simp
CARRIER	Dregg2.Deos.CapacitySatisfaction.vault_satisfaction_witnessed	Dregg2.Deos.CapacitySatisfaction	Dregg2/Deos/CapacitySatisfaction.lean	401	418	thm	threader	opaque-pred	1	Dregg2.Circuit.Poseidon2Binding.Poseidon2SpongeCR	simp
CARRIER	Dregg2.Deos.CapacitySatisfaction.vault_capacity_witnessed_pure_lightclient	Dregg2.Deos.CapacitySatisfaction	Dregg2/Deos/CapacitySatisfaction.lean	420	437	thm	threader	and	4	Dregg2.Circuit.Poseidon2Binding.Poseidon2SpongeCR	simp
CARRIER	Dregg2.Deos.CarrierBoundFloorGadget.gentian_selector_forced_carrier	Dregg2.Deos.CarrierBoundFloorGadget	Dregg2/Deos/CarrierBoundFloorGadget.lean	445	475	thm	threader	eq	3	Dregg2.Circuit.Poseidon2Binding.Poseidon2SpongeCR	simp
CARRIER	Dregg2.Deos.CarrierBoundFloorGadget.gentian_settle_forced_carrier	Dregg2.Deos.CarrierBoundFloorGadget	Dregg2/Deos/CarrierBoundFloorGadget.lean	479	510	thm	threader	and	4	Dregg2.Circuit.Poseidon2Binding.Poseidon2SpongeCR	simp
CARRIER	Dregg2.Deos.CarrierBoundFloorGadget.gentian_forged_floor_unsat_carrier	Dregg2.Deos.CarrierBoundFloorGadget	Dregg2/Deos/CarrierBoundFloorGadget.lean	512	525	thm	tooth	False	3	Dregg2.Circuit.Poseidon2Binding.Poseidon2SpongeCR	was-threader
CARRIER	Dregg2.Deos.CarrierBoundFloorGadget.gentian_partial_unsat_carrier	Dregg2.Deos.CarrierBoundFloorGadget	Dregg2/Deos/CarrierBoundFloorGadget.lean	527	545	thm	tooth	False	5	Dregg2.Circuit.Poseidon2Binding.Poseidon2SpongeCR	was-threader
CARRIER	Dregg2.Deos.CarrierBoundFloorGadget.gentian_phantom_unsat_carrier	Dregg2.Deos.CarrierBoundFloorGadget	Dregg2/Deos/CarrierBoundFloorGadget.lean	547	564	thm	tooth	False	5	Dregg2.Circuit.Poseidon2Binding.Poseidon2SpongeCR	was-threader
CARRIER	Dregg2.Deos.ConstraintBinding.honest_settle_covers	Dregg2.Deos.ConstraintBinding	Dregg2/Deos/ConstraintBinding.lean	196	205	thm	threader	opaque-pred	2	Dregg2.Circuit.Poseidon2Binding.Poseidon2SpongeCR	simp
CARRIER	Dregg2.Deos.DerivedCell.bind_verifies	Dregg2.Deos.DerivedCell	Dregg2/Deos/DerivedCell.lean	165	180	thm	threader	opaque-pred	0	Dregg2.Circuit.Poseidon2Binding.Poseidon2SpongeCR	simp
CARRIER	Dregg2.Deos.DerivedCell.stale_rejected	Dregg2.Deos.DerivedCell	Dregg2/Deos/DerivedCell.lean	193	201	thm	threader	not	1	Dregg2.Circuit.Poseidon2Binding.Poseidon2SpongeCR	-
CARRIER	Dregg2.Deos.DerivedCell.wrong_spec_after_bind	Dregg2.Deos.DerivedCell	Dregg2/Deos/DerivedCell.lean	215	222	thm	threader	not	1	Dregg2.Circuit.Poseidon2Binding.Poseidon2SpongeCR	-
CARRIER	Dregg2.Deos.DerivedCell.claim_bound_in_root	Dregg2.Deos.DerivedCell	Dregg2/Deos/DerivedCell.lean	232	238	thm	threader	eq	0	Dregg2.Circuit.Poseidon2Binding.Poseidon2SpongeCR	-
CARRIER	Dregg2.Deos.DerivedCell.spec_bound_in_root	Dregg2.Deos.DerivedCell	Dregg2/Deos/DerivedCell.lean	240	245	thm	threader	eq	0	Dregg2.Circuit.Poseidon2Binding.Poseidon2SpongeCR	-
CARRIER	Dregg2.Deos.DerivedCell.forged_claim_moves_root	Dregg2.Deos.DerivedCell	Dregg2/Deos/DerivedCell.lean	247	254	thm	threader	ne	1	Dregg2.Circuit.Poseidon2Binding.Poseidon2SpongeCR	-
CARRIER	Dregg2.Deos.DocSubstrateSound.substrate_root_binds_element_structure_or_collides	Dregg2.Deos.DocSubstrateSound	Dregg2/Deos/DocSubstrateSound.lean	304	349	thm	endpoint	or	0	Dregg2.Circuit.Poseidon2Binding.Poseidon2SpongeCR	simp
CARRIER	Dregg2.Deos.DocSubstrateSound.substrate_root_binds_conflict_alternatives_or_collides	Dregg2.Deos.DocSubstrateSound	Dregg2/Deos/DocSubstrateSound.lean	404	435	thm	endpoint	or	0	Dregg2.Circuit.Poseidon2Binding.Poseidon2SpongeCR	-
CARRIER	Dregg2.Deos.InAirAuthorityDigestGadget.gentian_selector_forced_discharged	Dregg2.Deos.InAirAuthorityDigestGadget	Dregg2/Deos/InAirAuthorityDigestGadget.lean	369	415	thm	endpoint	eq	0	Dregg2.Deos.InAirAuthorityDigestGadget.FloorDigestBinds	simp
CARRIER	Dregg2.Deos.InAirAuthorityDigestGadget.gentian_settle_forced_discharged	Dregg2.Deos.InAirAuthorityDigestGadget	Dregg2/Deos/InAirAuthorityDigestGadget.lean	419	451	thm	threader	and	1	Dregg2.Deos.InAirAuthorityDigestGadget.FloorDigestBinds	simp
CARRIER	Dregg2.Deos.InAirAuthorityDigestGadget.gentian_partial_unsat_discharged	Dregg2.Deos.InAirAuthorityDigestGadget	Dregg2/Deos/InAirAuthorityDigestGadget.lean	453	469	thm	tooth	False	2	Dregg2.Deos.InAirAuthorityDigestGadget.FloorDigestBinds	was-threader
CARRIER	Dregg2.Deos.InAirAuthorityDigestGadget.gentian_phantom_unsat_discharged	Dregg2.Deos.InAirAuthorityDigestGadget	Dregg2/Deos/InAirAuthorityDigestGadget.lean	471	487	thm	tooth	False	2	Dregg2.Deos.InAirAuthorityDigestGadget.FloorDigestBinds	was-threader
CARRIER	Dregg2.Deos.InAirAuthorityFloorRegrounded.floorDigestBinds_false_of_finite_range	Dregg2.Deos.InAirAuthorityFloorRegrounded	Dregg2/Deos/InAirAuthorityFloorRegrounded.lean	145	153	thm	embedded	not	0	Dregg2.Deos.InAirAuthorityDigestGadget.FloorDigestBinds	neg-conc
CARRIER	Dregg2.Deos.InAirAuthorityFloorRegrounded.floorDigestBinds_false_babyBear	Dregg2.Deos.InAirAuthorityFloorRegrounded	Dregg2/Deos/InAirAuthorityFloorRegrounded.lean	155	166	thm	embedded	not	0	Dregg2.Deos.InAirAuthorityDigestGadget.FloorDigestBinds	neg-conc,refut-witness
CARRIER	Dregg2.Deos.InAirAuthorityFloorRegrounded.floorDigestFamily_CR_of_floorDigestBinds	Dregg2.Deos.InAirAuthorityFloorRegrounded	Dregg2/Deos/InAirAuthorityFloorRegrounded.lean	246	253	thm	embedded	opaque-pred	0	Dregg2.Deos.InAirAuthorityDigestGadget.FloorDigestBinds,Dregg2.Circuit.HashFloorHonesty.CollisionResistant	emb-conc,emb-binder
CARRIER	Dregg2.Deos.InAirAuthorityFloorRegrounded.floorDigestFamily_CR_of_injective	Dregg2.Deos.InAirAuthorityFloorRegrounded	Dregg2/Deos/InAirAuthorityFloorRegrounded.lean	543	551	thm	embedded	opaque-pred	0	Dregg2.Circuit.HashFloorHonesty.CollisionResistant	emb-conc
CARRIER	Dregg2.Deos.PrepaidLease.opened_cursor	Dregg2.Deos.PrepaidLease	Dregg2/Deos/PrepaidLease.lean	265	276	thm	threader	eq	0	Dregg2.Circuit.Poseidon2Binding.Poseidon2SpongeCR	simp
CARRIER	Dregg2.Deos.PrepaidLease.opened_remaining	Dregg2.Deos.PrepaidLease	Dregg2/Deos/PrepaidLease.lean	278	286	thm	threader	eq	0	Dregg2.Circuit.Poseidon2Binding.Poseidon2SpongeCR	simp
CARRIER	Dregg2.Deos.PrepaidLease.opened_count	Dregg2.Deos.PrepaidLease	Dregg2/Deos/PrepaidLease.lean	288	296	thm	threader	eq	0	Dregg2.Circuit.Poseidon2Binding.Poseidon2SpongeCR	simp
CARRIER	Dregg2.Deos.PrepaidLease.advance_draws_exactly_rent	Dregg2.Deos.PrepaidLease	Dregg2/Deos/PrepaidLease.lean	400	410	thm	threader	eq	0	Dregg2.Circuit.Poseidon2Binding.Poseidon2SpongeCR	simp
CARRIER	Dregg2.Deos.PrepaidLease.advance_meters_period	Dregg2.Deos.PrepaidLease	Dregg2/Deos/PrepaidLease.lean	412	424	thm	threader	eq	0	Dregg2.Circuit.Poseidon2Binding.Poseidon2SpongeCR	simp
CARRIER	Dregg2.Deos.PrepaidLease.cursor_bound_in_root	Dregg2.Deos.PrepaidLease	Dregg2/Deos/PrepaidLease.lean	443	447	thm	threader	eq	0	Dregg2.Circuit.Poseidon2Binding.Poseidon2SpongeCR	-
CARRIER	Dregg2.Deos.PrepaidLease.remaining_bound_in_root	Dregg2.Deos.PrepaidLease	Dregg2/Deos/PrepaidLease.lean	449	454	thm	threader	eq	0	Dregg2.Circuit.Poseidon2Binding.Poseidon2SpongeCR	-
CARRIER	Dregg2.Deos.PrepaidLease.drawn_bound_in_root	Dregg2.Deos.PrepaidLease	Dregg2/Deos/PrepaidLease.lean	456	461	thm	threader	eq	0	Dregg2.Circuit.Poseidon2Binding.Poseidon2SpongeCR	-
CARRIER	Dregg2.Deos.PrepaidLease.forged_budget_moves_root	Dregg2.Deos.PrepaidLease	Dregg2/Deos/PrepaidLease.lean	463	469	thm	threader	ne	1	Dregg2.Circuit.Poseidon2Binding.Poseidon2SpongeCR	-
CARRIER	Dregg2.Deos.PrepaidLease.discharge_passes_gate	Dregg2.Deos.PrepaidLease	Dregg2/Deos/PrepaidLease.lean	496	508	thm	threader	opaque-pred	1	Dregg2.Circuit.Poseidon2Binding.Poseidon2SpongeCR	-
CARRIER	Dregg2.Deos.PrepaidLease.discharge_gate_root_bound	Dregg2.Deos.PrepaidLease	Dregg2/Deos/PrepaidLease.lean	565	581	thm	threader	opaque-pred	1	Dregg2.Circuit.Poseidon2Binding.Poseidon2SpongeCR	simp
CARRIER	Dregg2.Deos.SealedEscrow.deposit_both_ready	Dregg2.Deos.SealedEscrow	Dregg2/Deos/SealedEscrow.lean	182	199	thm	threader	opaque-pred	0	Dregg2.Circuit.Poseidon2Binding.Poseidon2SpongeCR	simp
CARRIER	Dregg2.Deos.SealedEscrow.deposit_binds_amounts	Dregg2.Deos.SealedEscrow	Dregg2/Deos/SealedEscrow.lean	201	225	thm	threader	and	0	Dregg2.Circuit.Poseidon2Binding.Poseidon2SpongeCR	simp
CARRIER	Dregg2.Deos.SealedEscrow.honest_claim_accepts	Dregg2.Deos.SealedEscrow	Dregg2/Deos/SealedEscrow.lean	227	236	thm	threader	opaque-pred	1	Dregg2.Circuit.Poseidon2Binding.Poseidon2SpongeCR	-
CARRIER	Dregg2.Deos.SealedEscrow.settle_consumes_both	Dregg2.Deos.SealedEscrow	Dregg2/Deos/SealedEscrow.lean	242	252	thm	threader	and	0	Dregg2.Circuit.Poseidon2Binding.Poseidon2SpongeCR	simp
CARRIER	Dregg2.Deos.SealedEscrow.replay_rejected	Dregg2.Deos.SealedEscrow	Dregg2/Deos/SealedEscrow.lean	254	262	thm	threader	not	1	Dregg2.Circuit.Poseidon2Binding.Poseidon2SpongeCR	-
CARRIER	Dregg2.Deos.SealedEscrow.leg_status_bound_in_root	Dregg2.Deos.SealedEscrow	Dregg2/Deos/SealedEscrow.lean	301	306	thm	threader	eq	0	Dregg2.Circuit.Poseidon2Binding.Poseidon2SpongeCR	-
CARRIER	Dregg2.Deos.SealedEscrow.leg_amount_bound_in_root	Dregg2.Deos.SealedEscrow	Dregg2/Deos/SealedEscrow.lean	308	313	thm	threader	eq	0	Dregg2.Circuit.Poseidon2Binding.Poseidon2SpongeCR	-
CARRIER	Dregg2.Deos.SealedEscrow.forged_leg_moves_root	Dregg2.Deos.SealedEscrow	Dregg2/Deos/SealedEscrow.lean	315	321	thm	threader	ne	1	Dregg2.Circuit.Poseidon2Binding.Poseidon2SpongeCR	-
CARRIER	Dregg2.Deos.SealedEscrow.settle_passes_gate	Dregg2.Deos.SealedEscrow	Dregg2/Deos/SealedEscrow.lean	350	356	thm	threader	opaque-pred	1	Dregg2.Circuit.Poseidon2Binding.Poseidon2SpongeCR	-
CARRIER	Dregg2.Deos.SealedEscrow.settle_gate_root_bound	Dregg2.Deos.SealedEscrow	Dregg2/Deos/SealedEscrow.lean	391	407	thm	threader	opaque-pred	1	Dregg2.Circuit.Poseidon2Binding.Poseidon2SpongeCR	simp
CARRIER	Dregg2.Deos.SealedEscrow.reclaim_frames_other	Dregg2.Deos.SealedEscrow	Dregg2/Deos/SealedEscrow.lean	514	523	thm	threader	eq	0	Dregg2.Circuit.Poseidon2Binding.Poseidon2SpongeCR	-
CARRIER	Dregg2.Deos.StandingObligation.opened_cursor	Dregg2.Deos.StandingObligation	Dregg2/Deos/StandingObligation.lean	238	248	thm	threader	eq	0	Dregg2.Circuit.Poseidon2Binding.Poseidon2SpongeCR	simp
CARRIER	Dregg2.Deos.StandingObligation.opened_count	Dregg2.Deos.StandingObligation	Dregg2/Deos/StandingObligation.lean	250	257	thm	threader	eq	0	Dregg2.Circuit.Poseidon2Binding.Poseidon2SpongeCR	simp
CARRIER	Dregg2.Deos.StandingObligation.cursor_bound_in_root	Dregg2.Deos.StandingObligation	Dregg2/Deos/StandingObligation.lean	315	320	thm	threader	eq	0	Dregg2.Circuit.Poseidon2Binding.Poseidon2SpongeCR	-
CARRIER	Dregg2.Deos.StandingObligation.count_bound_in_root	Dregg2.Deos.StandingObligation	Dregg2/Deos/StandingObligation.lean	322	327	thm	threader	eq	0	Dregg2.Circuit.Poseidon2Binding.Poseidon2SpongeCR	-
CARRIER	Dregg2.Deos.StandingObligation.forged_cursor_moves_root	Dregg2.Deos.StandingObligation	Dregg2/Deos/StandingObligation.lean	329	335	thm	threader	ne	1	Dregg2.Circuit.Poseidon2Binding.Poseidon2SpongeCR	-
CARRIER	Dregg2.Deos.StandingObligation.total_bound_in_root	Dregg2.Deos.StandingObligation	Dregg2/Deos/StandingObligation.lean	337	343	thm	threader	eq	0	Dregg2.Circuit.Poseidon2Binding.Poseidon2SpongeCR	-
CARRIER	Dregg2.Deos.StandingObligation.advance_cursor	Dregg2.Deos.StandingObligation	Dregg2/Deos/StandingObligation.lean	370	379	thm	threader	eq	0	Dregg2.Circuit.Poseidon2Binding.Poseidon2SpongeCR	simp
CARRIER	Dregg2.Deos.StandingObligation.discharge_passes_gate	Dregg2.Deos.StandingObligation	Dregg2/Deos/StandingObligation.lean	404	413	thm	threader	opaque-pred	1	Dregg2.Circuit.Poseidon2Binding.Poseidon2SpongeCR	-
CARRIER	Dregg2.Deos.StandingObligation.discharge_gate_root_bound	Dregg2.Deos.StandingObligation	Dregg2/Deos/StandingObligation.lean	461	477	thm	threader	opaque-pred	1	Dregg2.Circuit.Poseidon2Binding.Poseidon2SpongeCR	simp
CARRIER	Dregg2.Deos.Vault.writeState_binds_assets	Dregg2.Deos.Vault	Dregg2/Deos/Vault.lean	253	261	thm	threader	eq	0	Dregg2.Circuit.Poseidon2Binding.Poseidon2SpongeCR	simp
CARRIER	Dregg2.Deos.Vault.assets_bound_in_root	Dregg2.Deos.Vault	Dregg2/Deos/Vault.lean	270	275	thm	threader	eq	0	Dregg2.Circuit.Poseidon2Binding.Poseidon2SpongeCR	-
CARRIER	Dregg2.Deos.Vault.shares_bound_in_root	Dregg2.Deos.Vault	Dregg2/Deos/Vault.lean	277	282	thm	threader	eq	0	Dregg2.Circuit.Poseidon2Binding.Poseidon2SpongeCR	-
CARRIER	Dregg2.Deos.Vault.forged_state_moves_root	Dregg2.Deos.Vault	Dregg2/Deos/Vault.lean	284	290	thm	threader	ne	1	Dregg2.Circuit.Poseidon2Binding.Poseidon2SpongeCR	-
CARRIER	Dregg2.Deos.Vault.vault_passes_gate	Dregg2.Deos.Vault	Dregg2/Deos/Vault.lean	338	350	thm	threader	opaque-pred	1	Dregg2.Circuit.Poseidon2Binding.Poseidon2SpongeCR	-
CARRIER	Dregg2.Deos.Vault.vault_gate_root_bound	Dregg2.Deos.Vault	Dregg2/Deos/Vault.lean	395	411	thm	threader	opaque-pred	1	Dregg2.Circuit.Poseidon2Binding.Poseidon2SpongeCR	simp
CARRIER	Dregg2.Distributed.HistoryAggregation.turnReceipt_injective	Dregg2.Distributed.HistoryAggregation	Dregg2/Distributed/HistoryAggregation.lean	127	137	thm	endpoint	eq	0	Dregg2.Circuit.StateCommit.compressNInjective	-
CARRIER	Dregg2.Distributed.HistoryAggregation.logFelts_injective	Dregg2.Distributed.HistoryAggregation	Dregg2/Distributed/HistoryAggregation.lean	139	149	thm	threader	eq	1	Dregg2.Circuit.StateCommit.compressNInjective	-
CARRIER	Dregg2.Distributed.HistoryAggregation.logRoot_injective	Dregg2.Distributed.HistoryAggregation	Dregg2/Distributed/HistoryAggregation.lean	151	158	thm	endpoint	eq	2	Dregg2.Circuit.StateCommit.compressNInjective	-
CARRIER	Dregg2.Distributed.HistoryAggregation.root_tooth_pins_state	Dregg2.Distributed.HistoryAggregation	Dregg2/Distributed/HistoryAggregation.lean	265	288	thm	endpoint	and	2	Dregg2.Circuit.StateCommit.compressInjective,Dregg2.Circuit.StateCommit.compressNInjective	-
CARRIER	Dregg2.Distributed.HistoryAggregation.root_tooth_pins_kernel	Dregg2.Distributed.HistoryAggregation	Dregg2/Distributed/HistoryAggregation.lean	290	319	thm	endpoint	eq	3	Dregg2.Circuit.StateCommit.compressInjective,Dregg2.Circuit.StateCommit.compressNInjective,Dregg2.Circuit.StateCommit.cellLeafInjective	-
CARRIER	Dregg2.Distributed.HistoryAggregation.root_tooth_pins_log	Dregg2.Distributed.HistoryAggregation	Dregg2/Distributed/HistoryAggregation.lean	321	340	thm	endpoint	eq	3	Dregg2.Circuit.StateCommit.compressNInjective	-
CARRIER	Dregg2.Distributed.HistoryAggregation.kernelChained_of_verified	Dregg2.Distributed.HistoryAggregation	Dregg2/Distributed/HistoryAggregation.lean	457	487	thm	threader	opaque-pred	4	Dregg2.Circuit.StateCommit.compressInjective,Dregg2.Circuit.StateCommit.compressNInjective,Dregg2.Circuit.StateCommit.cellLeafInjective	-
CARRIER	Dregg2.Distributed.HistoryAggregation.verified_history_conserves	Dregg2.Distributed.HistoryAggregation	Dregg2/Distributed/HistoryAggregation.lean	489	508	thm	threader	eq	5	Dregg2.Circuit.StateCommit.compressInjective,Dregg2.Circuit.StateCommit.compressNInjective,Dregg2.Circuit.StateCommit.cellLeafInjective	-
CARRIER	Dregg2.Distributed.HistoryAggregation.logChained_of_verified	Dregg2.Distributed.HistoryAggregation	Dregg2/Distributed/HistoryAggregation.lean	535	556	thm	threader	opaque-pred	4	Dregg2.Circuit.StateCommit.compressNInjective	-
CARRIER	Dregg2.Distributed.ThresholdDecrypt.share_mac_detects_tamper	Dregg2.Distributed.ThresholdDecrypt	Dregg2/Distributed/ThresholdDecrypt.lean	298	305	thm	endpoint	eq	0	Dregg2.Distributed.ThresholdDecrypt.Blake3Prf	-
CARRIER	Dregg2.Exec.Factory.vk_determines_invariants	Dregg2.Exec.Factory	Dregg2/Exec/Factory.lean	250	268	thm	endpoint	and	0	Dregg2.Exec.Factory.HashInjective	simp
CARRIER	Dregg2.Exec.Factory.vk_determines_program	Dregg2.Exec.Factory	Dregg2/Exec/Factory.lean	270	279	thm	threader	eq	1	Dregg2.Exec.Factory.HashInjective	-
CARRIER	Dregg2.Exec.RecordCommit.cellCommit_binds_fieldsRoot	Dregg2.Exec.RecordCommit	Dregg2/Exec/RecordCommit.lean	92	109	thm	endpoint	eq	0	Dregg2.Circuit.StateCommit.compressNInjective	-
CARRIER	Dregg2.Exec.RecordCommit.cellCommit_binds_tail	Dregg2.Exec.RecordCommit	Dregg2/Exec/RecordCommit.lean	111	124	thm	threader	eq	1	Dregg2.Circuit.StateCommit.compressNInjective	-
CARRIER	Dregg2.Exec.SystemRoots.systemRootsDigest_binds_of_injective	Dregg2.Exec.SystemRoots	Dregg2/Exec/SystemRoots.lean	296	305	thm	endpoint	eq	0	Dregg2.Circuit.StateCommit.compressNInjective	-
CARRIER	Dregg2.Exec.SystemRoots.systemRootsDigest_binds_fn_of_injective	Dregg2.Exec.SystemRoots	Dregg2/Exec/SystemRoots.lean	307	312	thm	threader	eq	1	Dregg2.Circuit.StateCommit.compressNInjective	-
CARRIER	Dregg2.Exec.SystemRoots.systemRootsDigest_binds_pointwise_of_injective	Dregg2.Exec.SystemRoots	Dregg2/Exec/SystemRoots.lean	314	321	thm	threader	eq	2	Dregg2.Circuit.StateCommit.compressNInjective	-
CARRIER	Dregg2.Exec.SystemRoots.rootsColl_refutable_of_injective	Dregg2.Exec.SystemRoots	Dregg2/Exec/SystemRoots.lean	323	332	thm	endpoint	not	0	Dregg2.Circuit.StateCommit.compressNInjective	-
CARRIER	Dregg2.Exec.SystemRoots.cellCommitS_binds_systemRoots_of_injective	Dregg2.Exec.SystemRoots	Dregg2/Exec/SystemRoots.lean	435	443	thm	endpoint	eq	0	Dregg2.Circuit.StateCommit.compressNInjective	-
CARRIER	Dregg2.Exec.SystemRoots.cellCommitS_binds_roots_pointwise_of_injective	Dregg2.Exec.SystemRoots	Dregg2/Exec/SystemRoots.lean	445	452	thm	threader	eq	3	Dregg2.Circuit.StateCommit.compressNInjective	-
CARRIER	Dregg2.Exec.SystemRoots.cellCommitSColl_refutable_of_injective	Dregg2.Exec.SystemRoots	Dregg2/Exec/SystemRoots.lean	454	461	thm	endpoint	not	0	Dregg2.Circuit.StateCommit.compressNInjective	-
CARRIER	Dregg2.Exec.UniversalBridge.cap_leaf_value_codec	Dregg2.Exec.UniversalBridge	Dregg2/Exec/UniversalBridge.lean	878	893	thm	endpoint	and	0	Dregg2.Circuit.Poseidon2Binding.Poseidon2SpongeCR	-
CARRIER	Dregg2.Exec.UniversalBridge.cap_leaf_flat_injective	Dregg2.Exec.UniversalBridge	Dregg2/Exec/UniversalBridge.lean	895	907	thm	endpoint	and	0	Dregg2.Circuit.Poseidon2Binding.Poseidon2SpongeCR	-
CARRIER	Dregg2.Exec.UniversalBridge.crossCellRead_refines_observedField	Dregg2.Exec.UniversalBridge	Dregg2/Exec/UniversalBridge.lean	1026	1048	thm	threader	eq	5	Dregg2.Circuit.Poseidon2Binding.Poseidon2SpongeCR	-
CARRIER	Dregg2.Exec.UniversalBridge.cross_cell_read_pins_observedValue	Dregg2.Exec.UniversalBridge	Dregg2/Exec/UniversalBridge.lean	1050	1073	thm	threader	eq	6	Dregg2.Circuit.Poseidon2Binding.Poseidon2SpongeCR	simp
CARRIER	Dregg2.Exec.UniversalBridge.cross_cell_read_admits_observedFieldEquals	Dregg2.Exec.UniversalBridge	Dregg2/Exec/UniversalBridge.lean	1075	1106	thm	threader	eq	6	Dregg2.Circuit.Poseidon2Binding.Poseidon2SpongeCR	simp
CARRIER	Dregg2.Exec.UniversalBridge.crossCellRead_whole_image	Dregg2.Exec.UniversalBridge	Dregg2/Exec/UniversalBridge.lean	1137	1151	thm	threader	eq	4	Dregg2.Circuit.Poseidon2Binding.Poseidon2SpongeCR	-
CARRIER	Dregg2.Exec.UniversalBridge.crossCellRead_whole_image_sem	Dregg2.Exec.UniversalBridge	Dregg2/Exec/UniversalBridge.lean	1153	1170	thm	threader	eq	5	Dregg2.Circuit.Poseidon2Binding.Poseidon2SpongeCR	simp
CARRIER	Dregg2.Exec.UniversalBridge.cross_cell_read_no_extra_cell	Dregg2.Exec.UniversalBridge	Dregg2/Exec/UniversalBridge.lean	1172	1187	thm	threader	eq	6	Dregg2.Circuit.Poseidon2Binding.Poseidon2SpongeCR	-
CARRIER	Dregg2.Exec.UniversalBridge.cross_cell_read_whole_image_teeth	Dregg2.Exec.UniversalBridge	Dregg2/Exec/UniversalBridge.lean	1189	1199	thm	threader	ne	4	Dregg2.Circuit.Poseidon2Binding.Poseidon2SpongeCR	-
CARRIER	Dregg2.Lightclient.AttestedQuery.root_pins_verifies	Dregg2.Lightclient.AttestedQuery	Dregg2/Lightclient/AttestedQuery.lean	346	352	thm	threader	opaque-pred	3	Dregg2.Circuit.Poseidon2Binding.Poseidon2SpongeCR	-
CARRIER	Dregg2.Lightclient.AttestedQuery.server_cannot_omit	Dregg2.Lightclient.AttestedQuery	Dregg2/Lightclient/AttestedQuery.lean	354	365	thm	threader	and	4	Dregg2.Circuit.Poseidon2Binding.Poseidon2SpongeCR	-
CARRIER	Dregg2.Lightclient.AttestedQuery.commit_pins_index	Dregg2.Lightclient.AttestedQuery	Dregg2/Lightclient/AttestedQuery.lean	390	404	thm	endpoint	eq	3	Dregg2.Circuit.Poseidon2Binding.Poseidon2SpongeCR	-
CARRIER	Dregg2.Lightclient.AttestedQuery.light_client_query_non_omission	Dregg2.Lightclient.AttestedQuery	Dregg2/Lightclient/AttestedQuery.lean	410	452	thm	threader	and	4	Dregg2.Circuit.Poseidon2Binding.Poseidon2SpongeCR	-
CARRIER	Dregg2.Lightclient.HistoryIndex.rleaf_injective	Dregg2.Lightclient.HistoryIndex	Dregg2/Lightclient/HistoryIndex.lean	201	208	thm	endpoint	eq	0	Dregg2.Circuit.Poseidon2Binding.Poseidon2SpongeCR	-
CARRIER	Dregg2.Lightclient.HistoryIndex.map_rleaf_injective	Dregg2.Lightclient.HistoryIndex	Dregg2/Lightclient/HistoryIndex.lean	210	226	thm	threader	eq	1	Dregg2.Circuit.Poseidon2Binding.Poseidon2SpongeCR	simp
CARRIER	Dregg2.Lightclient.HistoryIndex.iroot_injective	Dregg2.Lightclient.HistoryIndex	Dregg2/Lightclient/HistoryIndex.lean	228	233	thm	endpoint	eq	2	Dregg2.Circuit.Poseidon2Binding.Poseidon2SpongeCR	-
CARRIER	Dregg2.Lightclient.HistoryIndex.iroot_binds_get	Dregg2.Lightclient.HistoryIndex	Dregg2/Lightclient/HistoryIndex.lean	242	247	thm	threader	eq	3	Dregg2.Circuit.Poseidon2Binding.Poseidon2SpongeCR	simp
CARRIER	Dregg2.Lightclient.HistoryIndex.iroot_binds_range	Dregg2.Lightclient.HistoryIndex	Dregg2/Lightclient/HistoryIndex.lean	249	256	thm	threader	eq	3	Dregg2.Circuit.Poseidon2Binding.Poseidon2SpongeCR	simp
CARRIER	Dregg2.Lightclient.MMR.PTree.hashOf_injective	Dregg2.Lightclient.MMR	Dregg2/Lightclient/MMR.lean	105	127	thm	endpoint	eq	0	Dregg2.Circuit.Poseidon2Binding.Poseidon2SpongeCR	simp
CARRIER	Dregg2.Lightclient.MMR.PTree.hashOf_injective_of_binds_or_collides	Dregg2.Lightclient.MMR	Dregg2/Lightclient/MMR.lean	205	214	thm	tooth	False	1	Dregg2.Circuit.Poseidon2Binding.Poseidon2SpongeCR	was-threader
CARRIER	Dregg2.Lightclient.MMR.bag_injective	Dregg2.Lightclient.MMR	Dregg2/Lightclient/MMR.lean	452	461	thm	threader	eq	1	Dregg2.Circuit.Poseidon2Binding.Poseidon2SpongeCR	-
CARRIER	Dregg2.Lightclient.MMR.mroot_injective	Dregg2.Lightclient.MMR	Dregg2/Lightclient/MMR.lean	487	497	thm	threader	eq	1	Dregg2.Circuit.Poseidon2Binding.Poseidon2SpongeCR	-
CARRIER	Dregg2.Lightclient.MMR.mroot_binds_position	Dregg2.Lightclient.MMR	Dregg2/Lightclient/MMR.lean	537	540	thm	threader	eq	2	Dregg2.Circuit.Poseidon2Binding.Poseidon2SpongeCR	simp
CARRIER	Dregg2.Lightclient.MMR.mroot_binds_range	Dregg2.Lightclient.MMR	Dregg2/Lightclient/MMR.lean	542	547	thm	threader	eq	2	Dregg2.Circuit.Poseidon2Binding.Poseidon2SpongeCR	simp
CARRIER	Dregg2.Lightclient.MMR.mroot_pins_rverifies	Dregg2.Lightclient.MMR	Dregg2/Lightclient/MMR.lean	646	652	thm	threader	opaque-pred	2	Dregg2.Circuit.Poseidon2Binding.Poseidon2SpongeCR	-
CARRIER	Dregg2.Lightclient.MMR.server_cannot_omit_position	Dregg2.Lightclient.MMR	Dregg2/Lightclient/MMR.lean	654	666	thm	threader	and	3	Dregg2.Circuit.Poseidon2Binding.Poseidon2SpongeCR	-
CARRIER	Dregg2.Lightclient.MMR.commit_pins_mmr	Dregg2.Lightclient.MMR	Dregg2/Lightclient/MMR.lean	691	705	thm	endpoint	eq	2	Dregg2.Circuit.Poseidon2Binding.Poseidon2SpongeCR	-
CARRIER	Dregg2.Lightclient.MMR.light_client_position_non_omission	Dregg2.Lightclient.MMR	Dregg2/Lightclient/MMR.lean	711	753	thm	threader	and	3	Dregg2.Circuit.Poseidon2Binding.Poseidon2SpongeCR	-
CARRIER	Dregg2.Lightclient.NonOmissionAttack.newRoot_binds_log	Dregg2.Lightclient.NonOmissionAttack	Dregg2/Lightclient/NonOmissionAttack.lean	97	115	thm	endpoint	eq	3	Dregg2.Circuit.StateCommit.compressNInjective	-
CARRIER	Dregg2.Lightclient.NonOmissionAttack.recStateCommit_admits_receipt_omission	Dregg2.Lightclient.NonOmissionAttack	Dregg2/Lightclient/NonOmissionAttack.lean	117	133	thm	threader	and	2	Dregg2.Circuit.Poseidon2Binding.Poseidon2SpongeCR	-
CARRIER	Dregg2.Lightclient.NonOmissionAttack.commit_absorbing_root_pins_log_uniquely	Dregg2.Lightclient.NonOmissionAttack	Dregg2/Lightclient/NonOmissionAttack.lean	135	145	thm	threader	eq	3	Dregg2.Circuit.Poseidon2Binding.Poseidon2SpongeCR	-
CARRIER	Dregg2.Lightclient.NonOmissionAttack.light_client_position_non_omission_grounded	Dregg2.Lightclient.NonOmissionAttack	Dregg2/Lightclient/NonOmissionAttack.lean	164	184	thm	threader	and	3	Dregg2.Circuit.Poseidon2Binding.Poseidon2SpongeCR	-
CARRIER	Dregg2.Lightclient.NonOmissionAttack.light_client_query_non_omission_grounded	Dregg2.Lightclient.NonOmissionAttack	Dregg2/Lightclient/NonOmissionAttack.lean	186	204	thm	threader	and	4	Dregg2.Circuit.Poseidon2Binding.Poseidon2SpongeCR	-
CARRIER	Dregg2.Lightclient.NonOmissionAttack.grounded_mmr_fires_honest	Dregg2.Lightclient.NonOmissionAttack	Dregg2/Lightclient/NonOmissionAttack.lean	212	221	thm	threader	eq	4	Dregg2.Circuit.Poseidon2Binding.Poseidon2SpongeCR	-
CARRIER	Dregg2.Lightclient.NonOmissionAttack.grounded_mmr_rejects_omission	Dregg2.Lightclient.NonOmissionAttack	Dregg2/Lightclient/NonOmissionAttack.lean	223	232	thm	tooth	False	4	Dregg2.Circuit.Poseidon2Binding.Poseidon2SpongeCR	was-threader
CARRIER	Dregg2.Lightclient.NonOmissionAttack.grounded_idx_fires_honest	Dregg2.Lightclient.NonOmissionAttack	Dregg2/Lightclient/NonOmissionAttack.lean	234	240	thm	threader	opaque-pred	5	Dregg2.Circuit.Poseidon2Binding.Poseidon2SpongeCR	-
CARRIER	Dregg2.Lightclient.NonOmissionAttack.light_client_whole_history_non_omission	Dregg2.Lightclient.NonOmissionAttack	Dregg2/Lightclient/NonOmissionAttack.lean	257	276	thm	threader	opaque-pred	6	Dregg2.Circuit.StateCommit.compressNInjective	-
CARRIER	Dregg2.Shielded.RealCrypto.deployedPoseidon2Tree_sponge_not_Poseidon2SpongeCR	Dregg2.Shielded.RealCrypto	Dregg2/Shielded/RealCrypto.lean	505	511	thm	embedded	not	0	Dregg2.Circuit.Poseidon2Binding.Poseidon2SpongeCR	neg-conc
CARRIER	Dregg2.Shielded.WideNativePqCommitment.ComputationalBindingFloor	Dregg2.Shielded.WideNativePqCommitment	Dregg2/Shielded/WideNativePqCommitment.lean	350	354	def	prop-body	other	0	Dregg2.Circuit.HashFloorHonesty.CollisionResistant	direct
CARRIER	Dregg2.Spec.CircuitSpecTriangle.mint_circuit_pins_intent	Dregg2.Spec.CircuitSpecTriangle	Dregg2/Spec/CircuitSpecTriangle.lean	144	164	thm	threader	eq	2	Dregg2.Circuit.StateCommit.logHashInjective	inj-spelled
CARRIER	Dregg2.Spec.CircuitSpecTriangle.mint_circuit_rejects_wrong_ledger	Dregg2.Spec.CircuitSpecTriangle	Dregg2/Spec/CircuitSpecTriangle.lean	166	178	thm	threader	not	3	Dregg2.Circuit.StateCommit.logHashInjective	inj-spelled
CARRIER	Dregg2.Spec.CircuitSpecTriangle.transfer_circuit_pins_intent	Dregg2.Spec.CircuitSpecTriangle	Dregg2/Spec/CircuitSpecTriangle.lean	242	262	thm	threader	eq	2	Dregg2.Circuit.StateCommit.logHashInjective	inj-spelled
CARRIER	Dregg2.Spec.CircuitSpecTriangle.transfer_circuit_rejects_wrong_ledger	Dregg2.Spec.CircuitSpecTriangle	Dregg2/Spec/CircuitSpecTriangle.lean	264	275	thm	threader	not	3	Dregg2.Circuit.StateCommit.logHashInjective	inj-spelled
CARRIER	Dregg2.Spec.CircuitSpecTriangle.burn_circuit_pins_intent	Dregg2.Spec.CircuitSpecTriangle	Dregg2/Spec/CircuitSpecTriangle.lean	310	324	thm	threader	eq	2	Dregg2.Circuit.StateCommit.logHashInjective	inj-spelled
CARRIER	Dregg2.Spec.CircuitSpecTriangle.burn_circuit_rejects_wrong_ledger	Dregg2.Spec.CircuitSpecTriangle	Dregg2/Spec/CircuitSpecTriangle.lean	326	334	thm	threader	not	3	Dregg2.Circuit.StateCommit.logHashInjective	inj-spelled
CARRIER	Dregg2.Spec.CircuitSpecTriangle.bridgeMint_circuit_pins_intent	Dregg2.Spec.CircuitSpecTriangle	Dregg2/Spec/CircuitSpecTriangle.lean	341	355	thm	threader	eq	2	Dregg2.Circuit.StateCommit.logHashInjective	inj-spelled
CARRIER	Dregg2.Spec.CircuitSpecTriangle.bridgeMint_circuit_rejects_wrong_ledger	Dregg2.Spec.CircuitSpecTriangle	Dregg2/Spec/CircuitSpecTriangle.lean	357	365	thm	threader	not	3	Dregg2.Circuit.StateCommit.logHashInjective	inj-spelled
CARRIER	Dregg2.Spec.CircuitSpecTriangle.delegateAtten_circuit_pins_intent	Dregg2.Spec.CircuitSpecTriangle	Dregg2/Spec/CircuitSpecTriangle.lean	399	411	thm	threader	eq	2	Dregg2.Circuit.StateCommit.logHashInjective	inj-spelled
CARRIER	Dregg2.Spec.CircuitSpecTriangle.delegateAtten_circuit_rejects_wrong_caps	Dregg2.Spec.CircuitSpecTriangle	Dregg2/Spec/CircuitSpecTriangle.lean	413	420	thm	threader	not	3	Dregg2.Circuit.StateCommit.logHashInjective	inj-spelled
CARRIER	Dregg2.Spec.CircuitSpecTriangle.attenuate_circuit_pins_intent	Dregg2.Spec.CircuitSpecTriangle	Dregg2/Spec/CircuitSpecTriangle.lean	427	438	thm	threader	eq	2	Dregg2.Circuit.StateCommit.logHashInjective	inj-spelled
CARRIER	Dregg2.Spec.CircuitSpecTriangle.attenuate_circuit_rejects_wrong_caps	Dregg2.Spec.CircuitSpecTriangle	Dregg2/Spec/CircuitSpecTriangle.lean	440	447	thm	threader	not	3	Dregg2.Circuit.StateCommit.logHashInjective	inj-spelled
CARRIER	Dregg2.Spec.CircuitSpecTriangle.revoke_circuit_pins_intent	Dregg2.Spec.CircuitSpecTriangle	Dregg2/Spec/CircuitSpecTriangle.lean	460	471	thm	threader	eq	2	Dregg2.Circuit.StateCommit.logHashInjective	inj-spelled,simp
CARRIER	Dregg2.Spec.CircuitSpecTriangle.revoke_circuit_rejects_wrong_caps	Dregg2.Spec.CircuitSpecTriangle	Dregg2/Spec/CircuitSpecTriangle.lean	473	480	thm	threader	not	3	Dregg2.Circuit.StateCommit.logHashInjective	inj-spelled
CARRIER	Dregg2.Spec.CircuitSpecTriangle.setPermissions_circuit_pins_intent	Dregg2.Spec.CircuitSpecTriangle	Dregg2/Spec/CircuitSpecTriangle.lean	511	524	thm	threader	eq	3	Dregg2.Circuit.StateCommit.compressNInjective,Dregg2.Circuit.StateCommit.cellLeafInjective,Dregg2.Circuit.StateCommit.logHashInjective	simp
CARRIER	Dregg2.Spec.CircuitSpecTriangle.setPermissions_circuit_rejects_wrong_cell	Dregg2.Spec.CircuitSpecTriangle	Dregg2/Spec/CircuitSpecTriangle.lean	526	535	thm	threader	not	4	Dregg2.Circuit.StateCommit.compressNInjective,Dregg2.Circuit.StateCommit.cellLeafInjective,Dregg2.Circuit.StateCommit.logHashInjective	-
CARRIER	Dregg2.Spec.CircuitSpecTriangle.setVK_circuit_pins_intent	Dregg2.Spec.CircuitSpecTriangle	Dregg2/Spec/CircuitSpecTriangle.lean	547	558	thm	threader	eq	3	Dregg2.Circuit.StateCommit.compressNInjective,Dregg2.Circuit.StateCommit.cellLeafInjective,Dregg2.Circuit.StateCommit.logHashInjective	simp
CARRIER	Dregg2.Spec.CircuitSpecTriangle.setVK_circuit_rejects_wrong_cell	Dregg2.Spec.CircuitSpecTriangle	Dregg2/Spec/CircuitSpecTriangle.lean	560	569	thm	threader	not	4	Dregg2.Circuit.StateCommit.compressNInjective,Dregg2.Circuit.StateCommit.cellLeafInjective,Dregg2.Circuit.StateCommit.logHashInjective	-
CARRIER	Dregg2.Spec.CircuitSpecTriangle.incrementNonce_circuit_pins_intent	Dregg2.Spec.CircuitSpecTriangle	Dregg2/Spec/CircuitSpecTriangle.lean	581	592	thm	threader	eq	3	Dregg2.Circuit.StateCommit.compressNInjective,Dregg2.Circuit.StateCommit.cellLeafInjective,Dregg2.Circuit.StateCommit.logHashInjective	simp
CARRIER	Dregg2.Spec.CircuitSpecTriangle.incrementNonce_circuit_rejects_wrong_cell	Dregg2.Spec.CircuitSpecTriangle	Dregg2/Spec/CircuitSpecTriangle.lean	594	603	thm	threader	not	4	Dregg2.Circuit.StateCommit.compressNInjective,Dregg2.Circuit.StateCommit.cellLeafInjective,Dregg2.Circuit.StateCommit.logHashInjective	-
CARRIER	Dregg2.Spec.CircuitSpecTriangle.noteCreate_circuit_pins_intent	Dregg2.Spec.CircuitSpecTriangle	Dregg2/Spec/CircuitSpecTriangle.lean	627	639	thm	threader	eq	6	Dregg2.Circuit.StateCommit.compressNInjective,Dregg2.Circuit.StateCommit.logHashInjective	-
CARRIER	Dregg2.Spec.CircuitSpecTriangle.noteCreate_circuit_rejects_wrong_commitments	Dregg2.Spec.CircuitSpecTriangle	Dregg2/Spec/CircuitSpecTriangle.lean	641	649	thm	threader	not	7	Dregg2.Circuit.StateCommit.compressNInjective,Dregg2.Circuit.StateCommit.logHashInjective	conc-floor
CARRIER	Dregg2.Spec.CircuitSpecTriangle.noteSpend_circuit_pins_intent	Dregg2.Spec.CircuitSpecTriangle	Dregg2/Spec/CircuitSpecTriangle.lean	656	668	thm	threader	eq	6	Dregg2.Circuit.StateCommit.compressNInjective,Dregg2.Circuit.StateCommit.logHashInjective	-
CARRIER	Dregg2.Spec.CircuitSpecTriangle.noteSpend_circuit_rejects_wrong_nullifiers	Dregg2.Spec.CircuitSpecTriangle	Dregg2/Spec/CircuitSpecTriangle.lean	670	678	thm	threader	not	7	Dregg2.Circuit.StateCommit.compressNInjective,Dregg2.Circuit.StateCommit.logHashInjective	conc-floor
CARRIER	Dregg2.Spec.CircuitSpecTriangle.cellSeal_circuit_pins_intent	Dregg2.Spec.CircuitSpecTriangle	Dregg2/Spec/CircuitSpecTriangle.lean	692	703	thm	threader	eq	2	Dregg2.Circuit.StateCommit.logHashInjective	inj-spelled
CARRIER	Dregg2.Spec.CircuitSpecTriangle.cellSeal_circuit_rejects_wrong_lifecycle	Dregg2.Spec.CircuitSpecTriangle	Dregg2/Spec/CircuitSpecTriangle.lean	705	712	thm	threader	not	3	Dregg2.Circuit.StateCommit.logHashInjective	inj-spelled
CARRIER	Dregg2.Spec.CircuitSpecTriangle.revokeDelegation_circuit_pins_intent	Dregg2.Spec.CircuitSpecTriangle	Dregg2/Spec/CircuitSpecTriangle.lean	726	736	thm	threader	eq	2	Dregg2.Circuit.StateCommit.logHashInjective	inj-spelled,simp
CARRIER	Dregg2.Spec.CircuitSpecTriangle.revokeDelegation_circuit_rejects_wrong_caps	Dregg2.Spec.CircuitSpecTriangle	Dregg2/Spec/CircuitSpecTriangle.lean	738	745	thm	threader	not	3	Dregg2.Circuit.StateCommit.logHashInjective	inj-spelled
CARRIER	Dregg2.Spec.CircuitSpecTriangle.introduce_circuit_pins_intent	Dregg2.Spec.CircuitSpecTriangle	Dregg2/Spec/CircuitSpecTriangle.lean	761	771	thm	threader	eq	2	Dregg2.Circuit.StateCommit.logHashInjective	inj-spelled,simp
CARRIER	Dregg2.Spec.CircuitSpecTriangle.introduce_circuit_rejects_wrong_caps	Dregg2.Spec.CircuitSpecTriangle	Dregg2/Spec/CircuitSpecTriangle.lean	773	780	thm	threader	not	3	Dregg2.Circuit.StateCommit.logHashInjective	inj-spelled
CARRIER	Dregg2.Spec.CircuitSpecTriangle.cellUnseal_circuit_pins_intent	Dregg2.Spec.CircuitSpecTriangle	Dregg2/Spec/CircuitSpecTriangle.lean	787	798	thm	threader	eq	2	Dregg2.Circuit.StateCommit.logHashInjective	inj-spelled
CARRIER	Dregg2.Spec.CircuitSpecTriangle.cellUnseal_circuit_rejects_wrong_lifecycle	Dregg2.Spec.CircuitSpecTriangle	Dregg2/Spec/CircuitSpecTriangle.lean	800	807	thm	threader	not	3	Dregg2.Circuit.StateCommit.logHashInjective	inj-spelled
CARRIER	Dregg2.Spec.CircuitSpecTriangle.refreshDelegation_circuit_pins_intent	Dregg2.Spec.CircuitSpecTriangle	Dregg2/Spec/CircuitSpecTriangle.lean	813	826	thm	threader	eq	2	Dregg2.Circuit.StateCommit.logHashInjective	inj-spelled
CARRIER	Dregg2.Spec.CircuitSpecTriangle.refreshDelegation_circuit_rejects_wrong_delegations	Dregg2.Spec.CircuitSpecTriangle	Dregg2/Spec/CircuitSpecTriangle.lean	828	837	thm	threader	not	3	Dregg2.Circuit.StateCommit.logHashInjective	inj-spelled
CARRIER	Dregg2.Spec.CircuitSpecTriangle.receiptArchive_circuit_pins_intent	Dregg2.Spec.CircuitSpecTriangle	Dregg2/Spec/CircuitSpecTriangle.lean	854	866	thm	threader	eq	3	Dregg2.Circuit.StateCommit.compressNInjective,Dregg2.Circuit.StateCommit.cellLeafInjective,Dregg2.Circuit.StateCommit.logHashInjective	simp
CARRIER	Dregg2.Spec.CircuitSpecTriangle.receiptArchive_circuit_rejects_wrong_cell	Dregg2.Spec.CircuitSpecTriangle	Dregg2/Spec/CircuitSpecTriangle.lean	868	877	thm	threader	not	4	Dregg2.Circuit.StateCommit.compressNInjective,Dregg2.Circuit.StateCommit.cellLeafInjective,Dregg2.Circuit.StateCommit.logHashInjective	-
CARRIER	Dregg2.Spec.CircuitSpecTriangle.refusal_circuit_pins_intent	Dregg2.Spec.CircuitSpecTriangle	Dregg2/Spec/CircuitSpecTriangle.lean	881	892	thm	threader	eq	3	Dregg2.Circuit.StateCommit.compressNInjective,Dregg2.Circuit.StateCommit.cellLeafInjective,Dregg2.Circuit.StateCommit.logHashInjective	simp
CARRIER	Dregg2.Spec.CircuitSpecTriangle.refusal_circuit_rejects_wrong_cell	Dregg2.Spec.CircuitSpecTriangle	Dregg2/Spec/CircuitSpecTriangle.lean	894	903	thm	threader	not	4	Dregg2.Circuit.StateCommit.compressNInjective,Dregg2.Circuit.StateCommit.cellLeafInjective,Dregg2.Circuit.StateCommit.logHashInjective	-
CARRIER	Dregg2.Spec.CircuitSpecTriangle.makeSovereign_circuit_pins_intent	Dregg2.Spec.CircuitSpecTriangle	Dregg2/Spec/CircuitSpecTriangle.lean	908	921	thm	threader	eq	3	Dregg2.Circuit.StateCommit.compressNInjective,Dregg2.Circuit.StateCommit.cellLeafInjective,Dregg2.Circuit.StateCommit.logHashInjective	-
CARRIER	Dregg2.Spec.CircuitSpecTriangle.makeSovereign_circuit_rejects_wrong_cell	Dregg2.Spec.CircuitSpecTriangle	Dregg2/Spec/CircuitSpecTriangle.lean	923	932	thm	threader	not	4	Dregg2.Circuit.StateCommit.compressNInjective,Dregg2.Circuit.StateCommit.cellLeafInjective,Dregg2.Circuit.StateCommit.logHashInjective	-
CARRIER	Dregg2.Spec.CircuitSpecTriangle.emitEvent_circuit_pins_intent	Dregg2.Spec.CircuitSpecTriangle	Dregg2/Spec/CircuitSpecTriangle.lean	937	950	thm	threader	eq	3	Dregg2.Circuit.StateCommit.compressNInjective,Dregg2.Circuit.StateCommit.cellLeafInjective,Dregg2.Circuit.StateCommit.logHashInjective	-
CARRIER	Dregg2.Spec.CircuitSpecTriangle.emitEvent_circuit_rejects_wrong_log	Dregg2.Spec.CircuitSpecTriangle	Dregg2/Spec/CircuitSpecTriangle.lean	952	961	thm	threader	not	4	Dregg2.Circuit.StateCommit.compressNInjective,Dregg2.Circuit.StateCommit.cellLeafInjective,Dregg2.Circuit.StateCommit.logHashInjective	-
CARRIER	Dregg2.Spec.CircuitSpecTriangle.createCell_circuit_pins_intent	Dregg2.Spec.CircuitSpecTriangle	Dregg2/Spec/CircuitSpecTriangle.lean	986	1000	thm	threader	eq	6	Dregg2.Circuit.StateCommit.compressNInjective,Dregg2.Circuit.StateCommit.logHashInjective	inj-spelled
CARRIER	Dregg2.Spec.CircuitSpecTriangle.createCell_circuit_rejects_wrong_accounts	Dregg2.Spec.CircuitSpecTriangle	Dregg2/Spec/CircuitSpecTriangle.lean	1002	1013	thm	threader	not	7	Dregg2.Circuit.StateCommit.compressNInjective,Dregg2.Circuit.StateCommit.logHashInjective	inj-spelled,conc-floor
CARRIER	Dregg2.Spec.CircuitSpecTriangle.spawn_circuit_pins_intent	Dregg2.Spec.CircuitSpecTriangle	Dregg2/Spec/CircuitSpecTriangle.lean	1019	1035	thm	threader	eq	6	Dregg2.Circuit.StateCommit.compressNInjective,Dregg2.Circuit.StateCommit.logHashInjective	inj-spelled
CARRIER	Dregg2.Spec.CircuitSpecTriangle.spawn_circuit_rejects_wrong_accounts	Dregg2.Spec.CircuitSpecTriangle	Dregg2/Spec/CircuitSpecTriangle.lean	1037	1050	thm	threader	not	7	Dregg2.Circuit.StateCommit.compressNInjective,Dregg2.Circuit.StateCommit.logHashInjective	inj-spelled,conc-floor
CARRIER	Dregg2.Spec.CircuitSpecTriangle.cellDestroy_circuit_pins_intent	Dregg2.Spec.CircuitSpecTriangle	Dregg2/Spec/CircuitSpecTriangle.lean	1057	1073	thm	threader	and	2	Dregg2.Circuit.StateCommit.logHashInjective	inj-spelled
CARRIER	Dregg2.Spec.CircuitSpecTriangle.cellDestroy_circuit_rejects_wrong_lifecycle	Dregg2.Spec.CircuitSpecTriangle	Dregg2/Spec/CircuitSpecTriangle.lean	1075	1085	thm	threader	not	3	Dregg2.Circuit.StateCommit.logHashInjective	inj-spelled
CARRIER	Dregg2.Spec.CircuitSpecTriangle.createFromFactory_circuit_pins_intent	Dregg2.Spec.CircuitSpecTriangle	Dregg2/Spec/CircuitSpecTriangle.lean	1095	1117	thm	threader	eq	6	Dregg2.Circuit.StateCommit.compressNInjective,Dregg2.Circuit.StateCommit.logHashInjective	inj-spelled
CARRIER	Dregg2.Spec.CircuitSpecTriangle.createFromFactory_circuit_rejects_wrong_accounts	Dregg2.Spec.CircuitSpecTriangle	Dregg2/Spec/CircuitSpecTriangle.lean	1119	1136	thm	threader	not	7	Dregg2.Circuit.StateCommit.compressNInjective,Dregg2.Circuit.StateCommit.logHashInjective	inj-spelled,conc-floor
CARRIER	Dregg2.Spec.CircuitSpecTriangle.balanceA_circuit_pins_intent	Dregg2.Spec.CircuitSpecTriangle	Dregg2/Spec/CircuitSpecTriangle.lean	1146	1158	thm	threader	eq	2	Dregg2.Circuit.StateCommit.logHashInjective	inj-spelled
CARRIER	Dregg2.Spec.CircuitSpecTriangle.pipelinedSend_circuit_pins_intent	Dregg2.Spec.CircuitSpecTriangle	Dregg2/Spec/CircuitSpecTriangle.lean	1167	1179	thm	threader	eq	3	Dregg2.Circuit.StateCommit.compressNInjective,Dregg2.Circuit.StateCommit.cellLeafInjective,Dregg2.Circuit.StateCommit.logHashInjective	-
CARRIER	Dregg2.Spec.CircuitSpecTriangle.exercise_circuit_pins_intent	Dregg2.Spec.CircuitSpecTriangle	Dregg2/Spec/CircuitSpecTriangle.lean	1187	1200	thm	threader	eq	3	Dregg2.Circuit.StateCommit.compressNInjective,Dregg2.Circuit.StateCommit.cellLeafInjective,Dregg2.Circuit.StateCommit.logHashInjective	-
CARRIER	Dregg2.Spike.CommitTreeRegrounded.commitTreeInjective_false_of_finite_range	Dregg2.Spike.CommitTreeRegrounded	Dregg2/Spike/CommitTreeRegrounded.lean	103	109	thm	embedded	not	0	Dregg2.Spike.EffectVmConstraints2.CommitTreeInjective	neg-conc
CARRIER	Dregg2.Spike.CommitTreeRegrounded.commitTreeInjective_false_babyBear	Dregg2.Spike.CommitTreeRegrounded	Dregg2/Spike/CommitTreeRegrounded.lean	122	131	thm	embedded	not	0	Dregg2.Spike.EffectVmConstraints2.CommitTreeInjective	neg-conc,refut-witness
CARRIER	Dregg2.Spike.CommitTreeRegrounded.commitTreeInjective_false_blake3	Dregg2.Spike.CommitTreeRegrounded	Dregg2/Spike/CommitTreeRegrounded.lean	133	139	thm	embedded	not	0	Dregg2.Spike.EffectVmConstraints2.CommitTreeInjective	neg-conc
CARRIER	Dregg2.Spike.CommitTreeRegrounded.commitFamily_CR_of_commitTreeInjective	Dregg2.Spike.CommitTreeRegrounded	Dregg2/Spike/CommitTreeRegrounded.lean	196	203	thm	embedded	opaque-pred	0	Dregg2.Spike.EffectVmConstraints2.CommitTreeInjective,Dregg2.Circuit.HashFloorHonesty.CollisionResistant	emb-conc,emb-binder
CARRIER	Dregg2.Spike.CommitTreeRegrounded.commitFamily_CR_of_injective	Dregg2.Spike.CommitTreeRegrounded	Dregg2/Spike/CommitTreeRegrounded.lean	429	438	thm	embedded	opaque-pred	0	Dregg2.Circuit.HashFloorHonesty.CollisionResistant	emb-conc
CARRIER	Dregg2.Spike.EffectVmConstraints2.state_commitment_binds_state	Dregg2.Spike.EffectVmConstraints2	Dregg2/Spike/EffectVmConstraints2.lean	389	412	thm	endpoint	eq	0	Dregg2.Spike.EffectVmConstraints2.CommitTreeInjective	simp
CARRIER	Dregg2.Spike.EffectVmConstraints2.state_commitment_no_silent_change	Dregg2.Spike.EffectVmConstraints2	Dregg2/Spike/EffectVmConstraints2.lean	414	426	thm	endpoint	eq	0	Dregg2.Spike.EffectVmConstraints2.CommitTreeInjective	-
CARRIER	Dregg2.Storage.objectLeaf_injective_of_binds_or_collides	Dregg2.Storage.BucketCommitment	Dregg2/Storage/BucketCommitment.lean	176	182	thm	tooth	False	1	Dregg2.Circuit.Poseidon2Binding.Poseidon2SpongeCR	was-threader
CARRIER	Dregg2.Storage.contentRoot_injective_of_binds_or_collides	Dregg2.Storage.BucketCommitment	Dregg2/Storage/BucketCommitment.lean	184	190	thm	tooth	False	1	Dregg2.Circuit.Poseidon2Binding.Poseidon2SpongeCR	was-threader
CARRIER	Dregg2.Storage.read_sound_of_binds_or_collides	Dregg2.Storage.BucketCommitment	Dregg2/Storage/BucketCommitment.lean	192	200	thm	tooth	False	1	Dregg2.Circuit.Poseidon2Binding.Poseidon2SpongeCR	was-threader
CARRIER	Dregg2.Storage.contentRootDeployed_injective_of_binds_or_collides	Dregg2.Storage.Deployed	Dregg2/Storage/Deployed.lean	148	157	thm	tooth	False	1	Dregg2.Circuit.Poseidon2Binding.Poseidon2SpongeCR	was-threader
CARRIER	Dregg2.Storage.DeployedFloorRefuted.deployed_floor_false	Dregg2.Storage.DeployedFloorRefuted	Dregg2/Storage/DeployedFloorRefuted.lean	74	78	thm	embedded	not	0	Dregg2.Circuit.Poseidon2Binding.Poseidon2SpongeCR	neg-conc
CARRIER	Dregg2.Storage.DeployedFloorRefuted.deployed_instantiation_is_vacuous	Dregg2.Storage.DeployedFloorRefuted	Dregg2/Storage/DeployedFloorRefuted.lean	80	84	thm	endpoint	other	0	Dregg2.Circuit.Poseidon2Binding.Poseidon2SpongeCR	absurd-use
CARRIER	Dregg2.Storage.DeployedFloorRefuted.floor_is_satisfiable_abstractly	Dregg2.Storage.DeployedFloorRefuted	Dregg2/Storage/DeployedFloorRefuted.lean	86	95	thm	embedded	exists	0	Dregg2.Circuit.Poseidon2Binding.Poseidon2SpongeCR	emb-conc
CARRIER	Dregg2.Storage.DeployedFloorRegrounded.poseidon2SpongeCR_gives_game_floor	Dregg2.Storage.DeployedFloorRegrounded	Dregg2/Storage/DeployedFloorRegrounded.lean	153	163	thm	embedded	False	0	Dregg2.Circuit.Poseidon2Binding.Poseidon2SpongeCR	emb-binder
CARRIER	Dregg2.Storage.DeployedFloorRegrounded.storage_migration_strictly_stronger	Dregg2.Storage.DeployedFloorRegrounded	Dregg2/Storage/DeployedFloorRegrounded.lean	457	469	thm	tooth	False	2	Dregg2.Circuit.Poseidon2Binding.Poseidon2SpongeCR	was-threader
CARRIER	Dregg2.Storage.DeployedFloorRegrounded.storage_old_hypothesis_unavailable	Dregg2.Storage.DeployedFloorRegrounded	Dregg2/Storage/DeployedFloorRegrounded.lean	471	474	thm	embedded	not	0	Dregg2.Circuit.Poseidon2Binding.Poseidon2SpongeCR	neg-conc
CARRIER	Dregg2.Storage.DeployedFloorRegrounded.mmr_migration_strictly_stronger	Dregg2.Storage.DeployedFloorRegrounded	Dregg2/Storage/DeployedFloorRegrounded.lean	476	482	thm	tooth	False	2	Dregg2.Circuit.Poseidon2Binding.Poseidon2SpongeCR	was-threader
CARRIER	Dregg2.Storage.DeployedFloorRegrounded.storage_collision_disjunct_refutable	Dregg2.Storage.DeployedFloorRegrounded	Dregg2/Storage/DeployedFloorRegrounded.lean	492	499	thm	tooth	False	1	Dregg2.Circuit.Poseidon2Binding.Poseidon2SpongeCR	was-threader
CARRIER	Dregg2.Storage.por_sound_of_or_collides	Dregg2.Storage.Retrievability	Dregg2/Storage/Retrievability.lean	123	129	thm	tooth	False	1	Dregg2.Circuit.Poseidon2Binding.Poseidon2SpongeCR	was-threader
CARRIER	Dregg2.Storage.por_refuses_substitution_of_or_collides	Dregg2.Storage.Retrievability	Dregg2/Storage/Retrievability.lean	131	137	thm	tooth	False	1	Dregg2.Circuit.Poseidon2Binding.Poseidon2SpongeCR	was-threader
CARRIER	Dregg2.Storage.por_holds_committed_of_or_collides	Dregg2.Storage.Retrievability	Dregg2/Storage/Retrievability.lean	139	145	thm	tooth	False	1	Dregg2.Circuit.Poseidon2Binding.Poseidon2SpongeCR	was-threader
CARRIER	Dregg2.Substrate.HeapKernel.heapStep_key_frame	Dregg2.Substrate.HeapKernel	Dregg2/Substrate/HeapKernel.lean	371	382	thm	threader	eq	0	Dregg2.Circuit.Poseidon2Binding.Poseidon2SpongeCR	simp
CARRIER	Dregg2.Tools.ConePortListCommitRun.leakyExhibit	Dregg2.Tools.ConePortListCommitRun	Dregg2/Tools/ConePortListCommitRun.lean	57	66	thm	tooth	False	1	Dregg2.Circuit.StateCommit.compressNInjective	was-threader
CARRIER	Dregg2.Circuit.LogHashPortedCone.EffectInstances.setFieldE_full_sound_of_noColl	Dregg2.Tools.ConePortLogHashRun	Dregg2/Tools/ConePortLogHashRun.lean	0	0	thm	threader	opaque-pred	2	Dregg2.Circuit.StateCommit.compressNInjective,Dregg2.Circuit.StateCommit.cellLeafInjective	-
CARRIER	Dregg2.Circuit.LogHashPortedCone.PipelinedSendA.pipelinedSendA_full_sound_of_noColl	Dregg2.Tools.ConePortLogHashRun	Dregg2/Tools/ConePortLogHashRun.lean	0	0	thm	threader	opaque-pred	2	Dregg2.Circuit.StateCommit.compressNInjective,Dregg2.Circuit.StateCommit.cellLeafInjective	-
CARRIER	Dregg2.Circuit.LogHashPortedCone.ReceiptArchiveA.receiptArchiveA_full_sound_of_noColl	Dregg2.Tools.ConePortLogHashRun	Dregg2/Tools/ConePortLogHashRun.lean	0	0	thm	threader	opaque-pred	2	Dregg2.Circuit.StateCommit.compressNInjective,Dregg2.Circuit.StateCommit.cellLeafInjective	-
CARRIER	Dregg2.Circuit.LogHashPortedCone.CreateCellA.createCellA_full_sound_of_noColl	Dregg2.Tools.ConePortLogHashRun	Dregg2/Tools/ConePortLogHashRun.lean	0	0	thm	threader	opaque-pred	5	Dregg2.Circuit.StateCommit.compressNInjective	inj-spelled
CARRIER	Dregg2.Circuit.LogHashPortedCone.SetVKA.setVKA_full_sound_of_noColl	Dregg2.Tools.ConePortLogHashRun	Dregg2/Tools/ConePortLogHashRun.lean	0	0	thm	threader	opaque-pred	2	Dregg2.Circuit.StateCommit.compressNInjective,Dregg2.Circuit.StateCommit.cellLeafInjective	-
CARRIER	Dregg2.Circuit.LogHashPortedCone.EffectInstances2.noteSpendE_full_sound_of_noColl	Dregg2.Tools.ConePortLogHashRun	Dregg2/Tools/ConePortLogHashRun.lean	0	0	thm	threader	opaque-pred	5	Dregg2.Circuit.StateCommit.compressNInjective	-
CARRIER	Dregg2.Circuit.LogHashPortedCone.RefusalA.refusalA_full_sound_of_noColl	Dregg2.Tools.ConePortLogHashRun	Dregg2/Tools/ConePortLogHashRun.lean	0	0	thm	threader	opaque-pred	2	Dregg2.Circuit.StateCommit.compressNInjective,Dregg2.Circuit.StateCommit.cellLeafInjective	-
CARRIER	Dregg2.Circuit.LogHashPortedCone.MakeSovereignA.makeSovereignA_full_sound_of_noColl	Dregg2.Tools.ConePortLogHashRun	Dregg2/Tools/ConePortLogHashRun.lean	0	0	thm	threader	opaque-pred	2	Dregg2.Circuit.StateCommit.compressNInjective,Dregg2.Circuit.StateCommit.cellLeafInjective	-
CARRIER	Dregg2.Circuit.LogHashPortedCone.IncrementNonceA.incrementNonceA_full_sound_of_noColl	Dregg2.Tools.ConePortLogHashRun	Dregg2/Tools/ConePortLogHashRun.lean	0	0	thm	threader	opaque-pred	2	Dregg2.Circuit.StateCommit.compressNInjective,Dregg2.Circuit.StateCommit.cellLeafInjective	-
CARRIER	Dregg2.Circuit.LogHashPortedCone.WitnessExtractV1.effect_extract_of_noColl	Dregg2.Tools.ConePortLogHashRun	Dregg2/Tools/ConePortLogHashRun.lean	0	0	thm	threader	opaque-pred	2	Dregg2.Circuit.StateCommit.compressNInjective,Dregg2.Circuit.StateCommit.cellLeafInjective	-
CARRIER	Dregg2.Circuit.LogHashPortedCone.EffectInstances.transferE_full_sound_of_noColl	Dregg2.Tools.ConePortLogHashRun	Dregg2/Tools/ConePortLogHashRun.lean	0	0	thm	threader	opaque-pred	2	Dregg2.Circuit.StateCommit.compressNInjective,Dregg2.Circuit.StateCommit.cellLeafInjective	-
CARRIER	Dregg2.Circuit.LogHashPortedCone.NoteCreateA.noteCreateA_full_sound_of_noColl	Dregg2.Tools.ConePortLogHashRun	Dregg2/Tools/ConePortLogHashRun.lean	0	0	thm	threader	opaque-pred	5	Dregg2.Circuit.StateCommit.compressNInjective	-
CARRIER	Dregg2.Circuit.LogHashPortedCone.ExerciseA.exerciseA_full_sound_of_noColl	Dregg2.Tools.ConePortLogHashRun	Dregg2/Tools/ConePortLogHashRun.lean	0	0	thm	threader	opaque-pred	2	Dregg2.Circuit.StateCommit.compressNInjective,Dregg2.Circuit.StateCommit.cellLeafInjective	-
CARRIER	Dregg2.Circuit.LogHashPortedCone.SetPermissionsA.setPermissionsA_full_sound_of_noColl	Dregg2.Tools.ConePortLogHashRun	Dregg2/Tools/ConePortLogHashRun.lean	0	0	thm	threader	opaque-pred	2	Dregg2.Circuit.StateCommit.compressNInjective,Dregg2.Circuit.StateCommit.cellLeafInjective	-
CARRIER	Dregg2.Circuit.LogHashPortedCone.EmitEventA.emitEventA_full_sound_of_noColl	Dregg2.Tools.ConePortLogHashRun	Dregg2/Tools/ConePortLogHashRun.lean	0	0	thm	threader	opaque-pred	2	Dregg2.Circuit.StateCommit.compressNInjective,Dregg2.Circuit.StateCommit.cellLeafInjective	-
CARRIER	Dregg2.Circuit.LogHashPortedCone.NoteSpendA.noteSpendA_full_sound_of_noColl	Dregg2.Tools.ConePortLogHashRun	Dregg2/Tools/ConePortLogHashRun.lean	0	0	thm	threader	opaque-pred	5	Dregg2.Circuit.StateCommit.compressNInjective	-
CARRIER	Dregg2.Circuit.LogHashPortedCone.CreateCellFromFactoryA.createCellFromFactoryA_full_sound_of_noColl	Dregg2.Tools.ConePortLogHashRun	Dregg2/Tools/ConePortLogHashRun.lean	0	0	thm	threader	opaque-pred	5	Dregg2.Circuit.StateCommit.compressNInjective	inj-spelled
CARRIER	Dregg2.Circuit.LogHashPortedCone.SpawnA.spawnA_full_sound_of_noColl	Dregg2.Tools.ConePortLogHashRun	Dregg2/Tools/ConePortLogHashRun.lean	0	0	thm	threader	opaque-pred	5	Dregg2.Circuit.StateCommit.compressNInjective	inj-spelled
CARRIER	Dregg2.Circuit.LogHashPortedCone.SetProgramA.setProgramA_full_sound_of_noColl	Dregg2.Tools.ConePortLogHashRun	Dregg2/Tools/ConePortLogHashRun.lean	0	0	thm	threader	opaque-pred	2	Dregg2.Circuit.StateCommit.compressNInjective,Dregg2.Circuit.StateCommit.cellLeafInjective	-
CARRIER	Dregg2.Verify.FloorRatchetSpecimens.specRefutation	Dregg2.Verify.FloorRatchetSpecimens	Dregg2/Verify/FloorRatchetSpecimens.lean	65	69	def	prop-body	other	0	Dregg2.Circuit.Poseidon2Binding.Poseidon2SpongeCR	direct
CARRIER	Dregg2.Verify.FloorRatchetSpecimens.specRefutationManyHyp	Dregg2.Verify.FloorRatchetSpecimens	Dregg2/Verify/FloorRatchetSpecimens.lean	71	77	def	prop-body	other	0	Dregg2.Circuit.Poseidon2Binding.Poseidon2SpongeCR	direct
CARRIER	Dregg2.Verify.FloorRatchetSpecimens.specB4UncurriedShape	Dregg2.Verify.FloorRatchetSpecimens	Dregg2/Verify/FloorRatchetSpecimens.lean	79	85	def	prop-body	other	0	Dregg2.Circuit.Poseidon2Binding.Poseidon2SpongeCR	direct
CARRIER	Dregg2.Verify.FloorRatchetSpecimens.specB4BinderOrderLaundry	Dregg2.Verify.FloorRatchetSpecimens	Dregg2/Verify/FloorRatchetSpecimens.lean	87	92	def	prop-body	other	0	Dregg2.Circuit.Poseidon2Binding.Poseidon2SpongeCR	direct
CARRIER	Dregg2.Verify.FloorRatchetSpecimens.specB4NegOtherFloorReordered	Dregg2.Verify.FloorRatchetSpecimens	Dregg2/Verify/FloorRatchetSpecimens.lean	94	98	def	prop-body	other	0	Dregg2.Circuit.Poseidon2Binding.Poseidon2SpongeCR,Dregg2.Circuit.StateCommit.compressNInjective	direct
CARRIER	Dregg2.Verify.FloorRatchetSpecimens.specB1NegationLaundry	Dregg2.Verify.FloorRatchetSpecimens	Dregg2/Verify/FloorRatchetSpecimens.lean	100	104	def	prop-body	other	0	Dregg2.Circuit.Poseidon2Binding.Poseidon2SpongeCR	direct
CARRIER	Dregg2.Verify.FloorRatchetSpecimens.specB2FalseLaundry	Dregg2.Verify.FloorRatchetSpecimens	Dregg2/Verify/FloorRatchetSpecimens.lean	106	110	def	prop-body	other	0	Dregg2.Circuit.Poseidon2Binding.Poseidon2SpongeCR	direct
CARRIER	Dregg2.Verify.KeystoneAuditArgusReceipt.compressN₀_inj	Dregg2.Verify.KeystoneAuditArgusReceipt	Dregg2/Verify/KeystoneAuditArgusReceipt.lean	80	81	thm	embedded	opaque-pred	0	Dregg2.Circuit.StateCommit.compressNInjective	emb-conc
CARRIER	Dregg2.Verify.KeystoneAuditArgusReceipt.cmb₀_inj	Dregg2.Verify.KeystoneAuditArgusReceipt	Dregg2/Verify/KeystoneAuditArgusReceipt.lean	86	95	thm	embedded	opaque-pred	0	Dregg2.Circuit.StateCommit.compressInjective	emb-conc
CARRIER	Dregg2.Verify.KeystoneAuditArgusReceipt.CH₀_inj	Dregg2.Verify.KeystoneAuditArgusReceipt	Dregg2/Verify/KeystoneAuditArgusReceipt.lean	100	101	thm	embedded	opaque-pred	0	Dregg2.Circuit.StateCommit.cellLeafInjective	emb-conc
CARRIER	Dregg2.Verify.KeystoneAuditArgusReceipt.LH₀_inj	Dregg2.Verify.KeystoneAuditArgusReceipt	Dregg2/Verify/KeystoneAuditArgusReceipt.lean	106	107	thm	embedded	opaque-pred	0	Dregg2.Circuit.StateCommit.logHashInjective	emb-conc
CARRIER	Dregg2.Verify.KeystoneAuditArgusReceipt.hash₀_cr	Dregg2.Verify.KeystoneAuditArgusReceipt	Dregg2/Verify/KeystoneAuditArgusReceipt.lean	116	116	thm	embedded	opaque-pred	0	Dregg2.Circuit.Poseidon2Binding.Poseidon2SpongeCR	emb-conc
CARRIER	Dregg2.Verify.KeystoneAuditArgusReceipt.argus_circuit_executor_receipts_agree_KS	Dregg2.Verify.KeystoneAuditArgusReceipt	Dregg2/Verify/KeystoneAuditArgusReceipt.lean	271	275	def	threader	eq	6	Dregg2.Circuit.StateCommit.compressInjective,Dregg2.Circuit.StateCommit.compressNInjective,Dregg2.Circuit.StateCommit.logHashInjective	-
CARRIER	Dregg2.Verify.KeystoneAuditArgusReceipt.argus_published_index_pins_receipt_KS	Dregg2.Verify.KeystoneAuditArgusReceipt	Dregg2/Verify/KeystoneAuditArgusReceipt.lean	277	281	def	threader	eq	7	Dregg2.Circuit.Poseidon2Binding.Poseidon2SpongeCR,Dregg2.Circuit.StateCommit.compressInjective,Dregg2.Circuit.StateCommit.compressNInjective,Dregg2.Circuit.StateCommit.logHashInjective	-
CARRIER	Dregg2.Verify.KeystoneAuditArgusReceipt.transfer_published_index_pins_receipt_KS	Dregg2.Verify.KeystoneAuditArgusReceipt	Dregg2/Verify/KeystoneAuditArgusReceipt.lean	283	287	def	threader	eq	8	Dregg2.Circuit.Poseidon2Binding.Poseidon2SpongeCR,Dregg2.Circuit.StateCommit.compressInjective,Dregg2.Circuit.StateCommit.compressNInjective,Dregg2.Circuit.StateCommit.logHashInjective	-
CARRIER	Dregg2.Verify.KeystoneAuditArgusReceipt.published_position_pins_value_KS	Dregg2.Verify.KeystoneAuditArgusReceipt	Dregg2/Verify/KeystoneAuditArgusReceipt.lean	289	293	def	threader	eq	4	Dregg2.Circuit.Poseidon2Binding.Poseidon2SpongeCR	-
CARRIER	Dregg2.Verify.KeystoneAuditIntegrity.argus_commits_to_one_receipt_KS	Dregg2.Verify.KeystoneAuditIntegrity	Dregg2/Verify/KeystoneAuditIntegrity.lean	53	57	def	threader	and	6	Dregg2.Circuit.StateCommit.compressInjective,Dregg2.Circuit.StateCommit.compressNInjective,Dregg2.Circuit.StateCommit.logHashInjective	-
CARRIER	Dregg2.Verify.KeystoneAuditIntegrity.transfer_commits_to_one_receipt_KS	Dregg2.Verify.KeystoneAuditIntegrity	Dregg2/Verify/KeystoneAuditIntegrity.lean	60	64	def	threader	eq	7	Dregg2.Circuit.StateCommit.compressInjective,Dregg2.Circuit.StateCommit.compressNInjective,Dregg2.Circuit.StateCommit.logHashInjective	-
CARRIER	Dregg2.Verify.KeystoneAuditIntegrity.stateCommit_binds_cellCommit_KS	Dregg2.Verify.KeystoneAuditIntegrity	Dregg2/Verify/KeystoneAuditIntegrity.lean	76	80	def	threader	and	4	Dregg2.Circuit.StateCommit.compressInjective,Dregg2.Circuit.StateCommit.compressNInjective	-
CARRIER	Dregg2.Verify.KeystoneAuditIntegrity.setFieldCommit_binds_cellCommit_KS	Dregg2.Verify.KeystoneAuditIntegrity	Dregg2/Verify/KeystoneAuditIntegrity.lean	83	87	def	threader	and	3	Dregg2.Circuit.StateCommit.compressInjective,Dregg2.Circuit.StateCommit.compressNInjective,Dregg2.Circuit.StateCommit.logHashInjective	-
CARRIER	Dregg2.Verify.KeystoneAuditTerminalAdapters.cap_leaf_value_codec_KS	Dregg2.Verify.KeystoneAuditTerminalAdapters	Dregg2/Verify/KeystoneAuditTerminalAdapters.lean	105	108	def	threader	and	1	Dregg2.Circuit.Poseidon2Binding.Poseidon2SpongeCR	-
CARRIER	Dregg2.Verify.KeystoneAuditTransport.writeCell0_receipt_binds_tail_KS	Dregg2.Verify.KeystoneAuditTransport	Dregg2/Verify/KeystoneAuditTransport.lean	164	168	def	threader	eq	3	Dregg2.Circuit.StateCommit.compressNInjective	-
CARRIER	Dregg2.Verify.KeystoneAuditTransport.stateCommit_binds_cells_and_rest_KS	Dregg2.Verify.KeystoneAuditTransport	Dregg2/Verify/KeystoneAuditTransport.lean	170	174	def	threader	and	3	Dregg2.Circuit.StateCommit.compressInjective,Dregg2.Circuit.StateCommit.compressNInjective	-
CARRIER	Dregg2.Verify.KeystoneAuditUnfoolability.conserves_from_verification_KS	Dregg2.Verify.KeystoneAuditUnfoolability	Dregg2/Verify/KeystoneAuditUnfoolability.lean	67	71	def	threader	eq	7	Dregg2.Circuit.StateCommit.compressInjective,Dregg2.Circuit.StateCommit.compressNInjective,Dregg2.Circuit.StateCommit.cellLeafInjective	-
CARRIER	Dregg2.Verify.KeystoneAuditUnfoolability.verified_history_conserves_KS	Dregg2.Verify.KeystoneAuditUnfoolability	Dregg2/Verify/KeystoneAuditUnfoolability.lean	97	101	def	threader	eq	6	Dregg2.Circuit.StateCommit.compressInjective,Dregg2.Circuit.StateCommit.compressNInjective,Dregg2.Circuit.StateCommit.cellLeafInjective	-
CARRIER	Dregg2.Verify.KeystoneAuditUnfoolability.root_tooth_pins_kernel_KS	Dregg2.Verify.KeystoneAuditUnfoolability	Dregg2/Verify/KeystoneAuditUnfoolability.lean	111	115	def	threader	eq	4	Dregg2.Circuit.StateCommit.compressInjective,Dregg2.Circuit.StateCommit.compressNInjective,Dregg2.Circuit.StateCommit.cellLeafInjective	-
CARRIER	Dregg2.Verify.ReceiptContract.resolution_visible_rejects_tampered	Dregg2.Verify.ReceiptContract	Dregg2/Verify/ReceiptContract.lean	242	263	thm	threader	not	2	Dregg2.Circuit.StateCommit.compressNInjective	-
CARRIER	Market.ProtocolAssurance.ShieldedRingDescriptorRefines	Market.ProtocolAssurance	Market/ProtocolAssurance.lean	376	389	def	prop-body	other	0	Dregg2.Circuit.Poseidon2Binding.Poseidon2SpongeCR	direct
CARRIER	Market.ProtocolAssurance.ShieldedRingApexRefinementResidual	Market.ProtocolAssurance	Market/ProtocolAssurance.lean	391	391	def	prop-body	other	1	Dregg2.Circuit.Poseidon2Binding.Poseidon2SpongeCR	via-propdef
CARRIER	Market.ProtocolAssurance.starkMarketClaimExtraction_of_effect_step	Market.ProtocolAssurance	Market/ProtocolAssurance.lean	579	603	thm	threader	opaque-pred	2	Dregg2.Circuit.Poseidon2Binding.Poseidon2SpongeCR	uses-propdef,simp
CARRIER	Market.ProtocolAssurance.shieldedRingApexStep_of_accept	Market.ProtocolAssurance	Market/ProtocolAssurance.lean	614	632	thm	threader	exists	2	Dregg2.Circuit.Poseidon2Binding.Poseidon2SpongeCR	uses-propdef,ho-thread
CARRIER	Market.ProtocolAssurance.starkMarketClaimExtraction_of_shielded_descriptor	Market.ProtocolAssurance	Market/ProtocolAssurance.lean	634	653	thm	threader	opaque-pred	3	Dregg2.Circuit.Poseidon2Binding.Poseidon2SpongeCR	uses-propdef,simp
CARRIER	Market.ProtocolAssurance.lightclient_market_seam	Market.ProtocolAssurance	Market/ProtocolAssurance.lean	660	707	thm	threader	exists	2	Dregg2.Circuit.Poseidon2Binding.Poseidon2SpongeCR	uses-propdef,simp
CARRIER	Market.ProtocolAssurance.lightclient_market_seam_of_shielded_descriptor	Market.ProtocolAssurance	Market/ProtocolAssurance.lean	709	742	thm	threader	exists	3	Dregg2.Circuit.Poseidon2Binding.Poseidon2SpongeCR	uses-propdef,simp
CARRIER	Market.ProtocolAssurance.accepted_market_settles_on_same_commitment_surface	Market.ProtocolAssurance	Market/ProtocolAssurance.lean	744	788	thm	threader	exists	2	Dregg2.Circuit.Poseidon2Binding.Poseidon2SpongeCR	uses-propdef,simp
CARRIER	Market.WideCommitBoundary.turnDigest_binds	Market.WideCommitBoundary	Market/WideCommitBoundary.lean	138	144	thm	endpoint	eq	0	Dregg2.Circuit.Poseidon2Binding.Poseidon2SpongeCR	simp
CARRIER	Market.WideCommitBoundary.receiptRoot_binds	Market.WideCommitBoundary	Market/WideCommitBoundary.lean	153	178	thm	endpoint	opaque-pred	1	Dregg2.Circuit.Poseidon2Binding.Poseidon2SpongeCR	-
CARRIER	Market.WideCommitBoundary.stateDecode8_pre_faithful	Market.WideCommitBoundary	Market/WideCommitBoundary.lean	225	265	thm	threader	or	2	Dregg2.Circuit.Poseidon2Binding.Poseidon2SpongeCR	simp
CARRIER	Market.WideCommitBoundary.stateDecode8_post_faithful	Market.WideCommitBoundary	Market/WideCommitBoundary.lean	267	304	thm	threader	or	2	Dregg2.Circuit.Poseidon2Binding.Poseidon2SpongeCR	simp
CARRIER	Metatheory.Adversary.customCarrierDynamics	Metatheory.Adversary.Instances	Metatheory/Adversary/Instances.lean	262	275	def	threader	opaque-pred	2	Dregg2.Circuit.Poseidon2Binding.Poseidon2SpongeCR	-
CARRIER	Metatheory.Adversary.custom_backing_via_schema	Metatheory.Adversary.Instances	Metatheory/Adversary/Instances.lean	277	286	thm	threader	and	3	Dregg2.Circuit.Poseidon2Binding.Poseidon2SpongeCR	-
CARRIER	Metatheory.Adversary.customCarrier_bites	Metatheory.Adversary.Instances	Metatheory/Adversary/Instances.lean	288	296	thm	threader	and	3	Dregg2.Circuit.Poseidon2Binding.Poseidon2SpongeCR	conc-floor
CARRIER	Metatheory.Adversary.factoryCarrierDynamics	Metatheory.Adversary.Instances	Metatheory/Adversary/Instances.lean	300	312	def	threader	opaque-pred	2	Dregg2.Circuit.Poseidon2Binding.Poseidon2SpongeCR	-
CARRIER	Metatheory.Adversary.factory_backing_via_schema	Metatheory.Adversary.Instances	Metatheory/Adversary/Instances.lean	314	322	thm	threader	and	3	Dregg2.Circuit.Poseidon2Binding.Poseidon2SpongeCR	-
CARRIER	Metatheory.Adversary.factoryCarrier_bites	Metatheory.Adversary.Instances	Metatheory/Adversary/Instances.lean	324	331	thm	threader	and	3	Dregg2.Circuit.Poseidon2Binding.Poseidon2SpongeCR	conc-floor
CARRIER	Metatheory.Adversary.sovereignCarrierDynamics	Metatheory.Adversary.Instances	Metatheory/Adversary/Instances.lean	335	347	def	threader	opaque-pred	2	Dregg2.Circuit.Poseidon2Binding.Poseidon2SpongeCR	-
CARRIER	Metatheory.Adversary.sovereign_backing_via_schema	Metatheory.Adversary.Instances	Metatheory/Adversary/Instances.lean	349	357	thm	threader	and	3	Dregg2.Circuit.Poseidon2Binding.Poseidon2SpongeCR	-
CARRIER	Metatheory.Adversary.sovereignCarrier_bites	Metatheory.Adversary.Instances	Metatheory/Adversary/Instances.lean	359	366	thm	threader	and	3	Dregg2.Circuit.Poseidon2Binding.Poseidon2SpongeCR	conc-floor
CARRIER	Metatheory.Adversary.membershipCarrierDynamics	Metatheory.Adversary.Instances	Metatheory/Adversary/Instances.lean	370	382	def	threader	opaque-pred	2	Dregg2.Circuit.Poseidon2Binding.Poseidon2SpongeCR	-
CARRIER	Metatheory.Adversary.membership_backing_via_schema	Metatheory.Adversary.Instances	Metatheory/Adversary/Instances.lean	384	392	thm	threader	and	3	Dregg2.Circuit.Poseidon2Binding.Poseidon2SpongeCR	-
CARRIER	Metatheory.Adversary.membershipCarrier_bites	Metatheory.Adversary.Instances	Metatheory/Adversary/Instances.lean	394	401	thm	threader	and	3	Dregg2.Circuit.Poseidon2Binding.Poseidon2SpongeCR	conc-floor
CARRIER	Metatheory.Adversary.dslCarrierDynamics	Metatheory.Adversary.Instances	Metatheory/Adversary/Instances.lean	405	417	def	threader	opaque-pred	3	Dregg2.Circuit.Poseidon2Binding.Poseidon2SpongeCR	-
CARRIER	Metatheory.Adversary.dsl_backing_via_schema	Metatheory.Adversary.Instances	Metatheory/Adversary/Instances.lean	419	427	thm	threader	and	4	Dregg2.Circuit.Poseidon2Binding.Poseidon2SpongeCR	-
CARRIER	Metatheory.Adversary.dslCarrier_bites	Metatheory.Adversary.Instances	Metatheory/Adversary/Instances.lean	429	436	thm	threader	and	4	Dregg2.Circuit.Poseidon2Binding.Poseidon2SpongeCR	conc-floor
CARRIER	Metatheory.Adversary.hatcheryCarrierDynamics	Metatheory.Adversary.Instances	Metatheory/Adversary/Instances.lean	440	452	def	threader	opaque-pred	2	Dregg2.Circuit.Poseidon2Binding.Poseidon2SpongeCR	-
CARRIER	Metatheory.Adversary.hatchery_backing_via_schema	Metatheory.Adversary.Instances	Metatheory/Adversary/Instances.lean	454	462	thm	threader	and	3	Dregg2.Circuit.Poseidon2Binding.Poseidon2SpongeCR	-
CARRIER	Metatheory.Adversary.hatcheryCarrier_bites	Metatheory.Adversary.Instances	Metatheory/Adversary/Instances.lean	464	471	thm	threader	and	3	Dregg2.Circuit.Poseidon2Binding.Poseidon2SpongeCR	conc-floor
CARRIER	Metatheory.Adversary.bridgeCarrierDynamics	Metatheory.Adversary.Instances	Metatheory/Adversary/Instances.lean	475	487	def	threader	opaque-pred	1	Dregg2.Circuit.Poseidon2Binding.Poseidon2SpongeCR	-
CARRIER	Metatheory.Adversary.bridge_backing_via_schema	Metatheory.Adversary.Instances	Metatheory/Adversary/Instances.lean	489	497	thm	threader	and	2	Dregg2.Circuit.Poseidon2Binding.Poseidon2SpongeCR	-
CARRIER	Metatheory.Adversary.bridgeCarrier_bites	Metatheory.Adversary.Instances	Metatheory/Adversary/Instances.lean	499	506	thm	threader	and	2	Dregg2.Circuit.Poseidon2Binding.Poseidon2SpongeCR	conc-floor
CARRIER	Metatheory.Adversary.decoCarrierDynamics	Metatheory.Adversary.Instances	Metatheory/Adversary/Instances.lean	510	522	def	threader	opaque-pred	1	Dregg2.Circuit.Poseidon2Binding.Poseidon2SpongeCR	-
CARRIER	Metatheory.Adversary.deco_backing_via_schema	Metatheory.Adversary.Instances	Metatheory/Adversary/Instances.lean	524	532	thm	threader	and	2	Dregg2.Circuit.Poseidon2Binding.Poseidon2SpongeCR	-
CARRIER	Metatheory.Adversary.decoCarrier_bites	Metatheory.Adversary.Instances	Metatheory/Adversary/Instances.lean	534	541	thm	threader	and	2	Dregg2.Circuit.Poseidon2Binding.Poseidon2SpongeCR	conc-floor
CARRIER	Metatheory.Adversary.assuranceApexDynamics	Metatheory.Adversary.Instances	Metatheory/Adversary/Instances.lean	721	754	def	threader	opaque-pred	8	Dregg2.Circuit.StateCommit.compressInjective,Dregg2.Circuit.StateCommit.compressNInjective,Dregg2.Circuit.StateCommit.cellLeafInjective	-
CARRIER	Metatheory.Adversary.deployed_system_secure_via_schema	Metatheory.Adversary.Instances	Metatheory/Adversary/Instances.lean	756	770	thm	threader	opaque-pred	9	Dregg2.Circuit.StateCommit.compressInjective,Dregg2.Circuit.StateCommit.compressNInjective,Dregg2.Circuit.StateCommit.cellLeafInjective	conc-floor
CARRIER	Metatheory.Adversary.apex_accept_satisfiable_of_floor	Metatheory.Adversary.Instances	Metatheory/Adversary/Instances.lean	772	793	thm	threader	exists	9	Dregg2.Circuit.StateCommit.compressInjective,Dregg2.Circuit.StateCommit.compressNInjective,Dregg2.Circuit.StateCommit.cellLeafInjective	conc-floor
CARRIER	Metatheory.Adversary.assurance_case_governed	Metatheory.Adversary.Instances	Metatheory/Adversary/Instances.lean	811	860	thm	threader	and	3	Dregg2.Circuit.Poseidon2Binding.Poseidon2SpongeCR	uses-propdef
CARRIER	Metatheory.Adversary.unfoolable_against_adversary	Metatheory.Adversary.Model	Metatheory/Adversary/Model.lean	99	118	thm	threader	exists	2	Dregg2.Circuit.Poseidon2Binding.Poseidon2SpongeCR	uses-propdef
CARRIER	Metatheory.Adversary.non_domination_and_unfoolability	Metatheory.Adversary.Model	Metatheory/Adversary/Model.lean	132	163	thm	threader	and	3	Dregg2.Circuit.Poseidon2Binding.Poseidon2SpongeCR	uses-propdef
CARRIER	Metatheory.Adversary.circuitDynamics	Metatheory.Adversary.Schema	Metatheory/Adversary/Schema.lean	118	136	def	threader	opaque-pred	2	Dregg2.Circuit.Poseidon2Binding.Poseidon2SpongeCR	uses-propdef
CARRIER	Metatheory.Adversary.unfoolability_via_schema	Metatheory.Adversary.Schema	Metatheory/Adversary/Schema.lean	138	155	thm	threader	exists	3	Dregg2.Circuit.Poseidon2Binding.Poseidon2SpongeCR	uses-propdef
CARRIER	Metatheory.Adversary.adversary_governed_uniformly	Metatheory.Adversary.Schema	Metatheory/Adversary/Schema.lean	163	189	thm	threader	and	3	Dregg2.Circuit.Poseidon2Binding.Poseidon2SpongeCR	uses-propdef
CARRIER	Metatheory.Adversary.circuit_accept_satisfiable_of_floor	Metatheory.Adversary.Schema	Metatheory/Adversary/Schema.lean	214	229	thm	threader	exists	3	Dregg2.Circuit.Poseidon2Binding.Poseidon2SpongeCR	conc-floor,uses-propdef
RELEVEL	Dregg2.AssuranceCaseGrounded.grounded_capstone_engine_fires	4	6
RELEVEL	Dregg2.AssuranceCaseGrounded.grounded_capstone_engine_fires_v2	5	7
RELEVEL	Dregg2.Circuit.CircuitCompletenessAssembled.verifyBatch_kernel_bidirectional	2	3
RELEVEL	Dregg2.Circuit.CircuitSoundness.lightclient_unfoolable	0	1
RELEVEL	Dregg2.Circuit.CircuitSoundness.lightclient_turn_unfoolable	1	2
RELEVEL	Dregg2.Circuit.CircuitSoundness.stepsRefine_of_descriptorRefines	0	1
RELEVEL	Dregg2.Circuit.CircuitSoundness.lightclient_turn_unfoolable_forest	1	2
RELEVEL	Dregg2.Circuit.CircuitSoundnessAssembled.lightclient_unfoolable_assembled	1	2
RELEVEL	Dregg2.Circuit.CircuitSoundnessAssembled.lightclient_turn_unfoolable_forest_assembled	2	3
RELEVEL	Dregg2.Circuit.ClosureAll.lightclient_unfoolable_closed	1	2
RELEVEL	Dregg2.Circuit.ClosureFinal.lightclient_unfoolable_one	0	1
RELEVEL	Dregg2.Circuit.EffectEmittedRefinement.createCell_emitted_equiv_circuit	4	5
RELEVEL	Dregg2.Circuit.EffectEmittedRefinement.spawn_emitted_equiv_circuit	4	5
RELEVEL	Dregg2.Circuit.EffectEmittedRefinement.noteSpend_emitted_equiv_circuit	4	5
RELEVEL	Dregg2.Circuit.EffectEmittedRefinement.noteCreate_emitted_equiv_circuit	4	5
RELEVEL	Dregg2.Circuit.FriVerifierBridge.lightclient_unfoolable_via_algo	1	2
RELEVEL	Dregg2.Circuit.GroundedApex.engineSound_grounded	3	5
RELEVEL	Dregg2.Circuit.GroundedApex.engineSound_grounded_v2	4	6
RELEVEL	Dregg2.Circuit.GroundedApex.light_client_verifies_whole_history_grounded	4	6
RELEVEL	Dregg2.Circuit.GroundedApex.light_client_verifies_whole_history_grounded_v2	5	7
RELEVEL	Dregg2.Circuit.GroundedApex.lightclient_unfoolable_grounded	2	3
RELEVEL	Dregg2.Circuit.GroundedApex.engineSound_grounded_constructs	4	6
RELEVEL	Dregg2.Circuit.GroundedApex.grounded_light_client_fires	5	7
RELEVEL	Dregg2.Circuit.GroundedApex.grounded_light_client_fires_v2	6	8
RELEVEL	Dregg2.Circuit.GroundedApex.lightclient_unfoolable_grounded_fires	3	4
RELEVEL	Dregg2.Circuit.LightClientFusion.deployed_SatBindsProduced	0	1
RELEVEL	Dregg2.Circuit.LightClientFusion.deployed_unfoolable	1	2
RELEVEL	Dregg2.Circuit.LightClientFusion.deployed_accept_produces	2	3
RELEVEL	Dregg2.Circuit.LightClientFusion.deployed_fooling_breaks_floor	1	2
RELEVEL	Dregg2.Circuit.LightClientFusion.deployed_not_foolable	2	3
RELEVEL	Dregg2.Circuit.Poseidon2KeyedBridge.domainSeparatedCR_of_poseidon2SpongeCR	0	1
RELEVEL	Dregg2.Circuit.RotatedKernelForestCohortChain.chainForcesEveryCohort	1	2
RELEVEL	Dregg2.Circuit.RotatedKernelForestCohortChain.cohort_chain_forces_tail	2	3
RELEVEL	Dregg2.Circuit.RotatedKernelForestCohortChain.lightclient_cohort_chain_forces_full_turn	2	3
RELEVEL	Dregg2.Circuit.RotatedKernelForestFacet.lightclient_turn_unfoolable_forest_facet	0	1
RELEVEL	Dregg2.Circuit.RotatedKernelRefinementFacet.lightclient_transfer_faithful	1	2
RELEVEL	Dregg2.Circuit.RotatedKernelRefinementFacetTurnBound.lightclient_transfer_faithful_turnbound	0	1
RELEVEL	Dregg2.Circuit.StarkSoundReduction.lightclient_unfoolable_of_core	1	2
RELEVEL	Dregg2.Circuit.EffectRefinement.spawnFullCircuitStep.congr_simp	0	6
RELEVEL	Dregg2.Circuit.EffectRefinementBatch2.createCellFromFactoryCircuitStep.congr_simp	0	5
RELEVEL	Dregg2.Circuit.EffectRefinement.noteCreateCircuitStep.congr_simp	0	5
RELEVEL	Dregg2.Circuit.EffectRefinement.noteSpendCircuitStep.congr_simp	0	5
RELEVEL	Dregg2.Circuit.TurnEffectRefinement.fullActionCircuitStep.exerciseInnerFold.congr_simp	0	7
RELEVEL	Dregg2.Circuit.EffectRefinement.createCellCircuitStep.congr_simp	0	5
RELEVEL	Dregg2.Circuit.WitnessRealizing.lightclient_unfoolable_witness_realized	1	2
RELEVEL	Dregg2.Circuit.WitnessRealizing.leafStep_of_refinement	0	2
RELEVEL	Dregg2.Circuit.WitnessRealizing.leafSound_of_refinements	1	3
RELEVEL	Dregg2.Circuit.WitnessRealizing.engineSound_of_refinements	2	4
RELEVEL	Dregg2.Circuit.WitnessRealizing.leafSound_fires	2	4
RELEVEL	Market.ProtocolAssurance.starkMarketClaimExtraction_of_effect_step	1	2
RELEVEL	Market.ProtocolAssurance.shieldedRingApexStep_of_accept	0	2
RELEVEL	Market.ProtocolAssurance.starkMarketClaimExtraction_of_shielded_descriptor	1	3
RELEVEL	Market.ProtocolAssurance.lightclient_market_seam	1	2
RELEVEL	Market.ProtocolAssurance.lightclient_market_seam_of_shielded_descriptor	1	3
RELEVEL	Market.ProtocolAssurance.accepted_market_settles_on_same_commitment_surface	1	2
RELEVEL	Metatheory.Adversary.assurance_case_governed	2	3
RELEVEL	Metatheory.Adversary.unfoolable_against_adversary	1	2
RELEVEL	Metatheory.Adversary.non_domination_and_unfoolability	2	3
RELEVEL	Metatheory.Adversary.circuitDynamics	1	2
RELEVEL	Metatheory.Adversary.unfoolability_via_schema	2	3
RELEVEL	Metatheory.Adversary.adversary_governed_uniformly	2	3
RELEVEL	Metatheory.Adversary.circuit_accept_satisfiable_of_floor	2	3
COMBO	Dregg2.Circuit.StateCommit.cellLeafInjective+Dregg2.Circuit.StateCommit.compressInjective+Dregg2.Circuit.StateCommit.compressNInjective	306	203
COMBO	Dregg2.Circuit.StateCommit.cellLeafInjective+Dregg2.Circuit.StateCommit.compressNInjective+Dregg2.Circuit.StateCommit.logHashInjective	94	94
COMBO	Dregg2.Circuit.StateCommit.compressNInjective+Dregg2.Circuit.StateCommit.logHashInjective	42	42
COMBO	Dregg2.Circuit.StateCommit.cellLeafInjective+Dregg2.Circuit.StateCommit.compressNInjective	31	28
COMBO	Dregg2.Circuit.Poseidon2Binding.Poseidon2SpongeCR+Dregg2.Circuit.StateCommit.cellLeafInjective+Dregg2.Circuit.StateCommit.compressInjective+Dregg2.Circuit.StateCommit.compressNInjective	19	19
COMBO	Dregg2.Circuit.StateCommit.compressInjective+Dregg2.Circuit.StateCommit.compressNInjective+Dregg2.Circuit.StateCommit.logHashInjective	10	9
COMBO	Dregg2.Circuit.StateCommit.compressInjective+Dregg2.Circuit.StateCommit.compressNInjective	8	5
COMBO	Dregg2.Apps.QueueRoot.LeafCR+Dregg2.Apps.QueueRoot.RootCR	6	4
COMBO	Dregg2.Apps.QueueRoot.LenBindCR+Dregg2.Apps.QueueRoot.PairCR	4	1
COMBO	Dregg2.Circuit.Poseidon2Binding.Poseidon2SpongeCR+Dregg2.Circuit.StateCommit.compressInjective+Dregg2.Circuit.StateCommit.compressNInjective+Dregg2.Circuit.StateCommit.logHashInjective	4	4
COMBO	Dregg2.Circuit.StateCommit.cellLeafInjective+Dregg2.Circuit.StateCommit.compressInjective	3	1
COMBO	Dregg2.Circuit.StateCommit.cellLeafInjective+Dregg2.Circuit.StateCommit.compressInjective+Dregg2.Circuit.StateCommit.compressNInjective+Dregg2.Circuit.StateCommit.logHashInjective	3	2
COMBO	Dregg2.Circuit.Poseidon2Binding.Poseidon2SpongeCR+Dregg2.Circuit.StateCommit.compressNInjective	2	0
COMBO	Dregg2.Crypto.HomomorphicDigest.SumInjective+Dregg2.Crypto.Lattice.MSISHard	2	0
COMBO	Dregg2.Apps.PreRotation.KeySetCR+Dregg2.Circuit.HashFloorHonesty.CollisionResistant	1	0
COMBO	Dregg2.Apps.QueueRoot.LeafCR+Dregg2.Apps.QueueRoot.LenBindCR+Dregg2.Apps.QueueRoot.PairCR	1	0
COMBO	Dregg2.Apps.QueueRoot.LeafCR+Dregg2.Circuit.HashFloorHonesty.CollisionResistant	1	0
COMBO	Dregg2.Authority.MacaroonDischarge.BindingHashCR+Dregg2.Circuit.HashFloorHonesty.CollisionResistant	1	0
COMBO	Dregg2.Circuit.Blake3FloorReduce.Blake3NoCollision+Dregg2.Circuit.HashFloorHonesty.CollisionResistant	1	0
COMBO	Dregg2.Circuit.Blake3FloorReduce.MacPrfShape+Dregg2.Distributed.ThresholdDecrypt.Blake3Prf	1	0
COMBO	Dregg2.Circuit.CouncilCommit.RosterCR+Dregg2.Circuit.HashFloorHonesty.CollisionResistant	1	0
COMBO	Dregg2.Circuit.CouncilCommit.RosterCR+Dregg2.Circuit.StateCommit.cellLeafInjective+Dregg2.Circuit.StateCommit.compressInjective+Dregg2.Circuit.StateCommit.compressNInjective	1	0
COMBO	Dregg2.Circuit.FriVerifier.CompressInjective+Dregg2.Circuit.HashFloorHonesty.CollisionResistant	1	0
COMBO	Dregg2.Circuit.HashFloorHonesty.CollisionResistant+Dregg2.Circuit.StateCommit.logHashInjective	1	0
COMBO	Dregg2.Circuit.HashFloorHonesty.CollisionResistant+Dregg2.Crypto.SpongeReduction.CompressionCR	1	0
COMBO	Dregg2.Circuit.HashFloorHonesty.CollisionResistant+Dregg2.Deos.InAirAuthorityDigestGadget.FloorDigestBinds	1	0
COMBO	Dregg2.Circuit.HashFloorHonesty.CollisionResistant+Dregg2.Spike.EffectVmConstraints2.CommitTreeInjective	1	0
PROJ	Dregg2.Circuit.CircuitSoundness.CommitSurface.compNInj	Dregg2.Circuit.CircuitSoundness.CommitSurface	Dregg2.Circuit.StateCommit.compressNInjective
PROJ	Dregg2.Circuit.CircuitSoundness.CommitSurface.cmbInj	Dregg2.Circuit.CircuitSoundness.CommitSurface	Dregg2.Circuit.StateCommit.compressInjective
PROJ	Dregg2.Circuit.CircuitSoundness.CommitSurface.leafInj	Dregg2.Circuit.CircuitSoundness.CommitSurface	Dregg2.Circuit.StateCommit.cellLeafInjective
PROJ	Dregg2.Circuit.ClosureReadoutsRealizable.ClosureReadoutsLive.hNPermsVK	Dregg2.Circuit.ClosureReadoutsRealizable.ClosureReadoutsLive	Dregg2.Circuit.StateCommit.compressNInjective
PROJ	Dregg2.Circuit.ClosureLog.StateDecodeLog.hLogInj	Dregg2.Circuit.ClosureLog.StateDecodeLog	Dregg2.Circuit.StateCommit.logHashInjective
PROJ	Dregg2.Circuit.ClosureReadoutsRealizable.ClosureReadoutsLive.hNCellSeal	Dregg2.Circuit.ClosureReadoutsRealizable.ClosureReadoutsLive	Dregg2.Circuit.StateCommit.compressNInjective
PROJ	Dregg2.Circuit.Poseidon2Binding.LeafRealization.spongeCR	Dregg2.Circuit.Poseidon2Binding.LeafRealization	Dregg2.Circuit.Poseidon2Binding.Poseidon2SpongeCR
PROJ	Dregg2.Circuit.Poseidon2Binding.LogRealization.spongeCR	Dregg2.Circuit.Poseidon2Binding.LogRealization	Dregg2.Circuit.Poseidon2Binding.Poseidon2SpongeCR
PROJ	Dregg2.Circuit.Poseidon2Binding.Poseidon2RealizedSponge.spongeCR	Dregg2.Circuit.Poseidon2Binding.Poseidon2RealizedSponge	Dregg2.Circuit.Poseidon2Binding.Poseidon2SpongeCR
PROJ	Dregg2.Circuit.ClosureFanoutGenuine.ClosureReadouts.hNNotes	Dregg2.Circuit.ClosureFanoutGenuine.ClosureReadouts	Dregg2.Circuit.StateCommit.compressNInjective
PROJ	Dregg2.Circuit.CircuitSoundness.CommitSurface.compInj	Dregg2.Circuit.CircuitSoundness.CommitSurface	Dregg2.Circuit.StateCommit.compressInjective
PROJ	Dregg2.Circuit.ClosureReadoutsRealizable.ClosureReadoutsLive.hNLife	Dregg2.Circuit.ClosureReadoutsRealizable.ClosureReadoutsLive	Dregg2.Circuit.StateCommit.compressNInjective
PROJ	Dregg2.Circuit.ClosureReadoutsRealizable.ClosureReadoutsLive.hNNotes	Dregg2.Circuit.ClosureReadoutsRealizable.ClosureReadoutsLive	Dregg2.Circuit.StateCommit.compressNInjective
PROJ	Dregg2.Circuit.ClosureFanoutGenuine.ClosureReadouts.hNBirth	Dregg2.Circuit.ClosureFanoutGenuine.ClosureReadouts	Dregg2.Circuit.StateCommit.compressNInjective
PROJ	Dregg2.Circuit.ClosureFanoutGenuine.ClosureReadouts.hNCellSeal	Dregg2.Circuit.ClosureFanoutGenuine.ClosureReadouts	Dregg2.Circuit.StateCommit.compressNInjective
PROJ	Dregg2.Circuit.ClosureReadoutsRealizable.ClosureReadoutsLive.hNBirth	Dregg2.Circuit.ClosureReadoutsRealizable.ClosureReadoutsLive	Dregg2.Circuit.StateCommit.compressNInjective
PROJ	Dregg2.Circuit.ClosureFanoutGenuine.ClosureReadouts.hNPermsVK	Dregg2.Circuit.ClosureFanoutGenuine.ClosureReadouts	Dregg2.Circuit.StateCommit.compressNInjective
PROJ	Dregg2.Circuit.ClosureFanoutGenuine.ClosureReadouts.hNLife	Dregg2.Circuit.ClosureFanoutGenuine.ClosureReadouts	Dregg2.Circuit.StateCommit.compressNInjective
BUNDLE	Dregg2.Circuit.CircuitSoundness.CommitSurface
BUNDLE	Dregg2.Circuit.ClosureReadoutsRealizable.ClosureReadoutsLive
BUNDLE	Dregg2.Circuit.ClosureLog.StateDecodeLog
BUNDLE	Dregg2.Circuit.Poseidon2Binding.LeafRealization
BUNDLE	Dregg2.Circuit.Poseidon2Binding.LogRealization
BUNDLE	Dregg2.Circuit.Poseidon2Binding.Poseidon2RealizedSponge
BUNDLE	Dregg2.Circuit.ClosureFanoutGenuine.ClosureReadouts
SHAPE	Dregg2.Circuit.Inst.RevokeDelegationFullA.revokeDelegationFullE	Dregg2.Circuit.Inst.revokeDelegationFullA	Dregg2/Circuit/Inst/revokeDelegationFullA.lean	140	fvar
SHAPE	Dregg2.Circuit.Inst.RevokeDelegationFullA.revokeDelegationFullE	Dregg2.Circuit.Inst.revokeDelegationFullA	Dregg2/Circuit/Inst/revokeDelegationFullA.lean	140	fvar
SHAPE	Dregg2.Circuit.Inst.SpawnA.delegationsComp	Dregg2.Circuit.Inst.spawnA	Dregg2/Circuit/Inst/spawnA.lean	115	fvar
SHAPE	Dregg2.Circuit.Inst.HeapWriteA.heapWriteRestFrameDecodes	Dregg2.Circuit.Inst.heapWriteA	Dregg2/Circuit/Inst/heapWriteA.lean	158	fvar
SHAPE	Dregg2.Circuit.Inst.HeapWriteA.heapWriteRestFrameDecodes	Dregg2.Circuit.Inst.heapWriteA	Dregg2/Circuit/Inst/heapWriteA.lean	158	fvar
SHAPE	Dregg2.Circuit.LogHashPortedCone.RevokeDelegationA.revokeDelegationA_full_sound_of_noColl	Dregg2.Tools.ConePortLogHashRun	Dregg2/Tools/ConePortLogHashRun.lean	0	fvar
SHAPE	Dregg2.Metatheory.FinitePolynomialFunctionLimits.finite_hom_bound	Dregg2.Metatheory.FinitePolynomialFunctionLimits	Dregg2/Metatheory/FinitePolynomialFunctionLimits.lean	64	fvar
SHAPE	Dregg2.Circuit.Poseidon2Surface.boundedList_code_injective	Dregg2.Circuit.Poseidon2Surface	Dregg2/Circuit/Poseidon2Surface.lean	168	fvar
SHAPE	Dregg2.Substrate.Heap.rootColl_refutable_of_injective	Dregg2.Substrate.Heap	Dregg2/Substrate/Heap.lean	571	fvar
SHAPE	Dregg2.Circuit.WitnessExtractPerEffect.revoke_extract	Dregg2.Circuit.WitnessExtractPerEffect	Dregg2/Circuit/WitnessExtractPerEffect.lean	347	fvar
SHAPE	Dregg2.Metatheory.FinitePolynomialFunctionLimits.FaithfulEncoding.mk.injEq	Dregg2.Metatheory.FinitePolynomialFunctionLimits	Dregg2/Metatheory/FinitePolynomialFunctionLimits.lean	0	fvar
SHAPE	Dregg2.Metatheory.FinitePolynomialFunctionLimits.FaithfulEncoding.mk.injEq	Dregg2.Metatheory.FinitePolynomialFunctionLimits	Dregg2/Metatheory/FinitePolynomialFunctionLimits.lean	0	fvar
SHAPE	Dregg2.Crypto.MlKemIndCca.hybrid_kem_ind_cca_grounded_in_mlwe	Dregg2.Crypto.MlKemIndCca	Dregg2/Crypto/MlKemIndCca.lean	340	fvar
SHAPE	Dregg2.Circuit.TurnEmit.mintA_extract_rejects_wrong_supply	Dregg2.Circuit.TurnEmit	Dregg2/Circuit/TurnEmit.lean	665	fvar
SHAPE	Dregg2.Exec.Receipts.chain_tamper_evident	Dregg2.Exec.Receipt	Dregg2/Exec/Receipt.lean	121	fvar
SHAPE	Dregg2.Crypto.HierarchicalGraphFrame.treeAbsorbInjective_of_digest8_injective	Dregg2.Crypto.HierarchicalGraphFrame	Dregg2/Crypto/HierarchicalGraphFrame.lean	368	Dregg2.Crypto.PrivateGraphRewrite.digest8
SHAPE	Dregg2.Circuit.FriDeployedRateInstance.pR_repsR_inj	Dregg2.Circuit.FriDeployedRateInstance	Dregg2/Circuit/FriDeployedRateInstance.lean	260	fun
SHAPE	Dregg2.Circuit.Inst.RevokeDelegationA.revokeGuardEncodes	Dregg2.Circuit.Inst.revokeDelegationA	Dregg2/Circuit/Inst/revokeDelegationA.lean	173	fvar
SHAPE	Dregg2.Circuit.EffectRefinement.burn_spec_refines_circuit	Dregg2.Circuit.EffectRefinement	Dregg2/Circuit/EffectRefinement.lean	243	fvar
SHAPE	Dregg2.Circuit.Inst.BridgeMintA.apex_iff_inboundMintSpec	Dregg2.Circuit.Inst.bridgeMintA	Dregg2/Circuit/Inst/bridgeMintA.lean	154	fvar
SHAPE	Dregg2.Circuit.EffectEmittedRefinement.burn_emitted_equiv_circuit	Dregg2.Circuit.EffectEmittedRefinement	Dregg2/Circuit/EffectEmittedRefinement.lean	262	fvar
SHAPE	Dregg2.Circuit.FriBridgeDeployedArity.friProximityK8_discharge0	Dregg2.Circuit.FriBridgeDeployedArity	Dregg2/Circuit/FriBridgeDeployedArity.lean	108	fvar
SHAPE	Dregg2.Circuit.Inst.BurnA.balComponent	Dregg2.Circuit.Inst.burnA	Dregg2/Circuit/Inst/burnA.lean	101	fvar
SHAPE	Dregg2.Circuit.Emit.EffectVmEmitRotationR.wireCommitR8_binds_of_injective	Dregg2.Circuit.Emit.EffectVmEmitRotationR	Dregg2/Circuit/Emit/EffectVmEmitRotationR.lean	457	fvar
SHAPE	Dregg2.Crypto.MlKemIndCca.ml_kem_ind_cca_reduces_to_mlwe	Dregg2.Crypto.MlKemIndCca	Dregg2/Crypto/MlKemIndCca.lean	300	fvar
SHAPE	Dregg2.Circuit.WitnessExtractPerEffect.receiptArchiveLifecycleA_extract	Dregg2.Circuit.WitnessExtractPerEffect	Dregg2/Circuit/WitnessExtractPerEffect.lean	634	fvar
SHAPE	Dregg2.Circuit.FriDeployedRateInstance.friSetupR	Dregg2.Circuit.FriDeployedRateInstance	Dregg2/Circuit/FriDeployedRateInstance.lean	347	fun
SHAPE	Dregg2.Circuit.Argus.Effects.BalanceA.balanceACircuit	Dregg2.Circuit.Argus.Effects.BalanceA	Dregg2/Circuit/Argus/Effects/BalanceA.lean	196	fvar
SHAPE	Dregg2.Substrate.Heap.root_injective	Dregg2.Substrate.Heap	Dregg2/Substrate/Heap.lean	555	fvar
SHAPE	Dregg2.Circuit.WitnessExtractPerEffect.cellSealA_extract	Dregg2.Circuit.WitnessExtractPerEffect	Dregg2/Circuit/WitnessExtractPerEffect.lean	556	fvar
SHAPE	Dregg2.Circuit.CorrelatedAgreement.closeN_iff_bw_certified	Dregg2.Circuit.CorrelatedAgreement.BerlekampWelch	Dregg2/Circuit/CorrelatedAgreement/BerlekampWelch.lean	221	fvar
SHAPE	Dregg2.Circuit.WitnessExtractPerEffect.delegateAttenA_extract	Dregg2.Circuit.WitnessExtractPerEffect	Dregg2/Circuit/WitnessExtractPerEffect.lean	270	fvar
SHAPE	Dregg2.Circuit.EffectInstances2.balComponent	Dregg2.Circuit.EffectInstances2	Dregg2/Circuit/EffectInstances2.lean	105	fvar
SHAPE	Dregg2.Circuit.ShieldedWideJoinPin.wide_join_forces_same_opening	Dregg2.Circuit.ShieldedWideJoinPin	Dregg2/Circuit/ShieldedWideJoinPin.lean	203	fvar
SHAPE	Dregg2.Metatheory.FinitePolynomialCategoryClassification.fixedShape_forces_finite	Dregg2.Metatheory.FinitePolynomialCategoryClassification	Dregg2/Metatheory/FinitePolynomialCategoryClassification.lean	191	fvar
SHAPE	Dregg2.Circuit.Inst.HeapWriteA.heapWriteE	Dregg2.Circuit.Inst.heapWriteA	Dregg2/Circuit/Inst/heapWriteA.lean	112	fvar
SHAPE	Dregg2.Circuit.Inst.HeapWriteA.heapWriteE	Dregg2.Circuit.Inst.heapWriteA	Dregg2/Circuit/Inst/heapWriteA.lean	112	fvar
SHAPE	Dregg2.Circuit.DecodeAgreesOpenings.decoder_output_agrees_and_unique	Dregg2.Circuit.DecodeAgreesOpenings	Dregg2/Circuit/DecodeAgreesOpenings.lean	119	fvar
SHAPE	Dregg2.Metatheory.FamilyPolynomialYonedaFrontier.BindingCommitment.mk.sizeOf_spec	Dregg2.Metatheory.FamilyPolynomialYonedaFrontier	Dregg2/Metatheory/FamilyPolynomialYonedaFrontier.lean	0	fvar
SHAPE	Dregg2.Circuit.EffectEmittedRefinement.transfer_emitted_equiv_circuit	Dregg2.Circuit.EffectEmittedRefinement	Dregg2/Circuit/EffectEmittedRefinement.lean	364	fvar
SHAPE	Dregg2.Circuit.Inst.AttenuateA.attenuateE	Dregg2.Circuit.Inst.attenuateA	Dregg2/Circuit/Inst/attenuateA.lean	143	fvar
SHAPE	Dregg2.Exec.PrivacyTheorems.fresh_ephemeral_distinct_onetime	Dregg2.Exec.PrivacyTheorems	Dregg2/Exec/PrivacyTheorems.lean	204	fvar
SHAPE	Dregg2.Circuit.Inst.BurnA.burnEWire_circuit_eq	Dregg2.Circuit.Inst.burnA	Dregg2/Circuit/Inst/burnA.lean	226	fvar
SHAPE	Dregg2.Circuit.digest_collision_is_hash_collision	Dregg2.Circuit	Dregg2/Circuit.lean	340	fvar
SHAPE	Dregg2.Circuit.EffectEmittedRefinement.mint_emitted_equiv_circuit	Dregg2.Circuit.EffectEmittedRefinement	Dregg2/Circuit/EffectEmittedRefinement.lean	242	fvar
SHAPE	Market.DarkBazaarAttestation.OrderCommitmentCarrier.mk.injEq	Market.DarkBazaarAttestation	Market/DarkBazaarAttestation.lean	0	fvar
SHAPE	Market.DarkBazaarAttestation.OrderCommitmentCarrier.mk.injEq	Market.DarkBazaarAttestation	Market/DarkBazaarAttestation.lean	0	fvar
SHAPE	Dregg2.Circuit.FriExtractNonCircular.child_decoders_agree	Dregg2.Circuit.FriExtractNonCircular	Dregg2/Circuit/FriExtractNonCircular.lean	129	fvar
SHAPE	Dregg2.Circuit.WitnessExtractDual.heapWriteA_extract	Dregg2.Circuit.WitnessExtractDual	Dregg2/Circuit/WitnessExtractDual.lean	180	fvar
SHAPE	Dregg2.Circuit.WitnessExtractDual.heapWriteA_extract	Dregg2.Circuit.WitnessExtractDual	Dregg2/Circuit/WitnessExtractDual.lean	180	fvar
SHAPE	Dregg2.Circuit.LogHashPortedCone.AttenuateA.attenuateA_full_sound_of_noColl	Dregg2.Tools.ConePortLogHashRun	Dregg2/Tools/ConePortLogHashRun.lean	0	fvar
SHAPE	Dregg2.Circuit.Inst.RevokeDelegationFullA.revokeGuardDecodes	Dregg2.Circuit.Inst.revokeDelegationFullA	Dregg2/Circuit/Inst/revokeDelegationFullA.lean	167	fvar
SHAPE	Dregg2.Circuit.Inst.RevokeDelegationFullA.revokeGuardDecodes	Dregg2.Circuit.Inst.revokeDelegationFullA	Dregg2/Circuit/Inst/revokeDelegationFullA.lean	167	fvar
SHAPE	Dregg2.Circuit.CorrelatedAgreement.monomial_far	Dregg2.Circuit.CorrelatedAgreement.Theorems	Dregg2/Circuit/CorrelatedAgreement/Theorems.lean	588	fvar
SHAPE	Dregg2.Circuit.Inst.CellUnsealA.cellUnsealRestFrameDecodes	Dregg2.Circuit.Inst.cellUnsealA	Dregg2/Circuit/Inst/cellUnsealA.lean	121	fvar
SHAPE	Dregg2.Circuit.Inst.CreateCellFromFactoryA.slotCaveatsComp	Dregg2.Circuit.Inst.createCellFromFactoryA	Dregg2/Circuit/Inst/createCellFromFactoryA.lean	150	fvar
SHAPE	Dregg2.Circuit.CorrelatedAgreement.bw_div_eq	Dregg2.Circuit.CorrelatedAgreement.BerlekampWelch	Dregg2/Circuit/CorrelatedAgreement/BerlekampWelch.lean	186	fvar
SHAPE	Dregg2.Circuit.SpongeForgeReduction.codeRom_forgery_is_break	Dregg2.Circuit.SpongeForgeReduction	Dregg2/Circuit/SpongeForgeReduction.lean	464	fvar
SHAPE	Dregg2.Circuit.DecodeAgreesOpenings.openings_realize_unique_interpolant	Dregg2.Circuit.DecodeAgreesOpenings	Dregg2/Circuit/DecodeAgreesOpenings.lean	172	fvar
SHAPE	Dregg2.Circuit.FriArityForking.no_injective_into_singleton	Dregg2.Circuit.FriArityForking	Dregg2/Circuit/FriArityForking.lean	364	fvar
SHAPE	Dregg2.Circuit.EffectInstances2.mintGuardEncodes	Dregg2.Circuit.EffectInstances2	Dregg2/Circuit/EffectInstances2.lean	146	fvar
SHAPE	Dregg2.Circuit.MapOpWideKeyGate.LaneEnc.mk.inj	Dregg2.Circuit.MapOpWideKeyGate	Dregg2/Circuit/MapOpWideKeyGate.lean	0	fvar
SHAPE	Dregg2.Circuit.MapOpWideKeyGate.LaneEnc.mk.inj	Dregg2.Circuit.MapOpWideKeyGate	Dregg2/Circuit/MapOpWideKeyGate.lean	0	fvar
SHAPE	Dregg2.Circuit.EffectRefinement.revokeCircuitStep	Dregg2.Circuit.EffectRefinement	Dregg2/Circuit/EffectRefinement.lean	754	fvar
SHAPE	Dregg2.Circuit.Inst.AttenuateA.capsComponent	Dregg2.Circuit.Inst.attenuateA	Dregg2/Circuit/Inst/attenuateA.lean	132	fvar
SHAPE	Dregg2.Metatheory.FamilyPolynomialYonedaFrontier.BindingCommitment.mk	Dregg2.Metatheory.FamilyPolynomialYonedaFrontier	Dregg2/Metatheory/FamilyPolynomialYonedaFrontier.lean	487	fvar
SHAPE	Dregg2.Circuit.EffectRefinement.mint_spec_refines_circuit	Dregg2.Circuit.EffectRefinement	Dregg2/Circuit/EffectRefinement.lean	166	fvar
SHAPE	Dregg2.Cell.InterfaceIdWidth.seed_arity_injective	Dregg2.Cell.InterfaceIdWidth	Dregg2/Cell/InterfaceIdWidth.lean	155	fvar
SHAPE	Dregg2.Circuit.Inst.AttenuateA.attenuateGuardDecodes	Dregg2.Circuit.Inst.attenuateA	Dregg2/Circuit/Inst/attenuateA.lean	168	fvar
SHAPE	Dregg2.Circuit.EffectEmittedRefinement.revokeEmittedStep	Dregg2.Circuit.EffectEmittedRefinement	Dregg2/Circuit/EffectEmittedRefinement.lean	473	fvar
SHAPE	Dregg2.Circuit.EffectRefinement.burnRestFrameEncodes	Dregg2.Circuit.EffectRefinement	Dregg2/Circuit/EffectRefinement.lean	227	fvar
SHAPE	Dregg2.Circuit.WitnessExtractPerEffect.introduceA_extract_rejects_wrong_caps	Dregg2.Circuit.WitnessExtractPerEffect	Dregg2/Circuit/WitnessExtractPerEffect.lean	338	fvar
SHAPE	Dregg2.Circuit.Inst.AttenuateA.apex_iff_attenuateSpec	Dregg2.Circuit.Inst.attenuateA	Dregg2/Circuit/Inst/attenuateA.lean	205	fvar
SHAPE	Dregg2.Circuit.EffectRefinement.mintEmittedStep	Dregg2.Circuit.EffectRefinement	Dregg2/Circuit/EffectRefinement.lean	146	fvar
SHAPE	Dregg2.Circuit.EffectEmittedRefinement.revokeDelegationEmittedStep	Dregg2.Circuit.EffectEmittedRefinement	Dregg2/Circuit/EffectEmittedRefinement.lean	499	fvar
SHAPE	Dregg2.Circuit.EffectEmittedRefinement.revokeDelegationEmittedStep	Dregg2.Circuit.EffectEmittedRefinement	Dregg2/Circuit/EffectEmittedRefinement.lean	499	fvar
SHAPE	Dregg2.Circuit.FriDeepQuotientRlc.deepQuotWord_agree_card_le	Dregg2.Circuit.FriDeepQuotientRlc	Dregg2/Circuit/FriDeepQuotientRlc.lean	442	fvar
SHAPE	Dregg2.Circuit.CorrelatedAgreement.bwMatrix_minor_eq_zero	Dregg2.Circuit.CorrelatedAgreement.Interpolation	Dregg2/Circuit/CorrelatedAgreement/Interpolation.lean	370	fvar
SHAPE	Dregg2.Circuit.CorrelatedAgreement.bwMatrix_minor_eq_zero	Dregg2.Circuit.CorrelatedAgreement.Interpolation	Dregg2/Circuit/CorrelatedAgreement/Interpolation.lean	370	fvar
SHAPE	Dregg2.Circuit.Inst.RefreshDelegationA.refreshDelegationE	Dregg2.Circuit.Inst.refreshDelegationA	Dregg2/Circuit/Inst/refreshDelegationA.lean	93	fvar
SHAPE	Dregg2.Circuit.EffectRefinement.transfer_spec_refines_circuit	Dregg2.Circuit.EffectRefinement	Dregg2/Circuit/EffectRefinement.lean	508	fvar
SHAPE	Dregg2.Circuit.MapInsertImtRepoint.reconcileGates_aafi_forces_key_present	Dregg2.Circuit.MapInsertImtRepoint	Dregg2/Circuit/MapInsertImtRepoint.lean	812	fvar
SHAPE	Dregg2.Circuit.CorrelatedAgreement.bw_dvd	Dregg2.Circuit.CorrelatedAgreement.BerlekampWelch	Dregg2/Circuit/CorrelatedAgreement/BerlekampWelch.lean	178	fvar
SHAPE	Dregg2.Circuit.Poseidon2KeyedBridge.family_H_injective_of_injective_sponge	Dregg2.Circuit.Poseidon2KeyedBridge	Dregg2/Circuit/Poseidon2KeyedBridge.lean	181	Dregg2.Circuit.Poseidon2KeyedBridge.DomainSeparatedSponge.sponge
SHAPE	Dregg2.Circuit.WitnessExtractPerEffect.cellUnsealA_extract_rejects_wrong_lifecycle	Dregg2.Circuit.WitnessExtractPerEffect	Dregg2/Circuit/WitnessExtractPerEffect.lean	593	fvar
SHAPE	Market.DarkBazaarAttestation.OrderToCertFCompiler.mk.noConfusion	Market.DarkBazaarAttestation	Market/DarkBazaarAttestation.lean	185	fvar
SHAPE	Market.DarkBazaarAttestation.OrderToCertFCompiler.mk.noConfusion	Market.DarkBazaarAttestation	Market/DarkBazaarAttestation.lean	185	fvar
SHAPE	Dregg2.Circuit.MapOpWideKeyGate.LaneEnc.mk.sizeOf_spec	Dregg2.Circuit.MapOpWideKeyGate	Dregg2/Circuit/MapOpWideKeyGate.lean	0	fvar
SHAPE	Dregg2.Circuit.Inst.Transfer.balanceGuardEncodes	Dregg2.Circuit.Inst.transfer	Dregg2/Circuit/Inst/transfer.lean	157	fvar
SHAPE	Dregg2.Circuit.Inst.SpawnA.spawnCreateLegComp	Dregg2.Circuit.Inst.spawnA	Dregg2/Circuit/Inst/spawnA.lean	101	fvar
SHAPE	Dregg2.Circuit.LogHashPortedCone.IntroduceA.introduceA_full_sound_of_noColl	Dregg2.Tools.ConePortLogHashRun	Dregg2/Tools/ConePortLogHashRun.lean	0	fvar
SHAPE	Dregg2.Circuit.Inst.HeapWriteA.heapWriteGuardDecodes	Dregg2.Circuit.Inst.heapWriteA	Dregg2/Circuit/Inst/heapWriteA.lean	137	fvar
SHAPE	Dregg2.Circuit.Inst.HeapWriteA.heapWriteGuardDecodes	Dregg2.Circuit.Inst.heapWriteA	Dregg2/Circuit/Inst/heapWriteA.lean	137	fvar
SHAPE	Dregg2.Circuit.WitnessExtractPerEffect.balanceA_extract_rejects_wrong_ledger	Dregg2.Circuit.WitnessExtractPerEffect	Dregg2/Circuit/WitnessExtractPerEffect.lean	141	fvar
SHAPE	Dregg2.Circuit.RsUniqueDecoding.rs_min_distance	Dregg2.Circuit.RsUniqueDecoding	Dregg2/Circuit/RsUniqueDecoding.lean	64	fvar
SHAPE	Dregg2.Circuit.WitnessExtractPerEffect.revoke_extract_emitted	Dregg2.Circuit.WitnessExtractPerEffect	Dregg2/Circuit/WitnessExtractPerEffect.lean	361	fvar
SHAPE	Dregg2.Cell.InterfaceIdWidth.wideId_injective	Dregg2.Cell.InterfaceIdWidth	Dregg2/Cell/InterfaceIdWidth.lean	145	fvar
SHAPE	Dregg2.Crypto.FactoryBindingFloorRegrounded.factoryRom_nonNegl_forger_excluded	Dregg2.Crypto.FactoryBindingFloorRegrounded	Dregg2/Crypto/FactoryBindingFloorRegrounded.lean	917	fvar
SHAPE	Dregg2.Circuit.LogHashPortedCone.BurnA.burnA_full_sound_of_noColl	Dregg2.Tools.ConePortLogHashRun	Dregg2/Tools/ConePortLogHashRun.lean	0	fvar
SHAPE	Dregg2.Circuit.EffectRefinementBatch2.refreshDelegationCircuitStep	Dregg2.Circuit.EffectRefinementBatch2	Dregg2/Circuit/EffectRefinementBatch2.lean	279	fvar
SHAPE	Dregg2.Circuit.Inst.RevokeDelegationFullA.apex_iff_revokeDelegationFullSpec	Dregg2.Circuit.Inst.revokeDelegationFullA	Dregg2/Circuit/Inst/revokeDelegationFullA.lean	204	fvar
SHAPE	Dregg2.Circuit.Inst.RevokeDelegationFullA.apex_iff_revokeDelegationFullSpec	Dregg2.Circuit.Inst.revokeDelegationFullA	Dregg2/Circuit/Inst/revokeDelegationFullA.lean	204	fvar
SHAPE	Dregg2.Circuit.SpongeForgeReduction.digest_binds_or_collides	Dregg2.Circuit.SpongeForgeReduction	Dregg2/Circuit/SpongeForgeReduction.lean	341	fvar
SHAPE	Dregg2.Circuit.Inst.MintA.mintE	Dregg2.Circuit.Inst.mintA	Dregg2/Circuit/Inst/mintA.lean	108	fvar
SHAPE	Dregg2.Metatheory.FamilyPolynomialYonedaFrontier.BindingCommitment.mk.noConfusion	Dregg2.Metatheory.FamilyPolynomialYonedaFrontier	Dregg2/Metatheory/FamilyPolynomialYonedaFrontier.lean	487	fvar
SHAPE	Dregg2.Metatheory.FamilyPolynomialYonedaFrontier.BindingCommitment.mk.noConfusion	Dregg2.Metatheory.FamilyPolynomialYonedaFrontier	Dregg2/Metatheory/FamilyPolynomialYonedaFrontier.lean	487	fvar
SHAPE	Dregg2.Circuit.WitnessExtractPerEffect.introduceA_extract_emitted	Dregg2.Circuit.WitnessExtractPerEffect	Dregg2/Circuit/WitnessExtractPerEffect.lean	324	fvar
SHAPE	Dregg2.Circuit.EffectRefinement.balanceARestFrameEncodes	Dregg2.Circuit.EffectRefinement	Dregg2/Circuit/EffectRefinement.lean	547	fvar
SHAPE	Dregg2.Circuit.Inst.BurnA.burnRestFrameDecodes	Dregg2.Circuit.Inst.burnA	Dregg2/Circuit/Inst/burnA.lean	155	fvar
SHAPE	Dregg2.Confluence.SemanticConvergence.sameEntity_dedup_by_content	Dregg2.Confluence.SemanticConvergence	Dregg2/Confluence/SemanticConvergence.lean	270	fvar
SHAPE	Dregg2.Circuit.Inst.IntroduceA.introduceGuardDecodes	Dregg2.Circuit.Inst.introduceA	Dregg2/Circuit/Inst/introduceA.lean	172	fvar
SHAPE	Dregg2.Circuit.BornEmptyCommit.bornEmptySideComponent	Dregg2.Circuit.BornEmptyCommit	Dregg2/Circuit/BornEmptyCommit.lean	144	fvar
SHAPE	Dregg2.Distributed.PrivateLeg.exists_forged_leg	Dregg2.Distributed.PrivateLeg	Dregg2/Distributed/PrivateLeg.lean	319	fvar
SHAPE	Dregg2.Circuit.LogHashPortedCone.RevokeDelegationFullA.revokeDelegationFull_full_sound_of_noColl	Dregg2.Tools.ConePortLogHashRun	Dregg2/Tools/ConePortLogHashRun.lean	0	fvar
SHAPE	Dregg2.Circuit.LogHashPortedCone.RevokeDelegationFullA.revokeDelegationFull_full_sound_of_noColl	Dregg2.Tools.ConePortLogHashRun	Dregg2/Tools/ConePortLogHashRun.lean	0	fvar
SHAPE	Dregg2.Circuit.Inst.RevokeDelegationFullA.capsComponent	Dregg2.Circuit.Inst.revokeDelegationFullA	Dregg2/Circuit/Inst/revokeDelegationFullA.lean	116	fvar
SHAPE	Dregg2.Circuit.ShieldedWideJoinPin.wide_join_rejects_the_falsifier	Dregg2.Circuit.ShieldedWideJoinPin	Dregg2/Circuit/ShieldedWideJoinPin.lean	216	fvar
SHAPE	Dregg2.Circuit.Inst.RefreshDelegationA.delegationsComponent	Dregg2.Circuit.Inst.refreshDelegationA	Dregg2/Circuit/Inst/refreshDelegationA.lean	77	fvar
SHAPE	Dregg2.Circuit.Inst.Revoke.capsComponent	Dregg2.Circuit.Inst.revoke	Dregg2/Circuit/Inst/revoke.lean	139	fvar
SHAPE	Dregg2.Circuit.Inst.RefreshDelegationA.refreshDelegationGuardDecodes	Dregg2.Circuit.Inst.refreshDelegationA	Dregg2/Circuit/Inst/refreshDelegationA.lean	115	fvar
SHAPE	Dregg2.Circuit.EffectEmittedRefinement.refreshDelegationAEmittedStep	Dregg2.Circuit.EffectEmittedRefinement	Dregg2/Circuit/EffectEmittedRefinement.lean	1025	fvar
SHAPE	Dregg2.Circuit.distinct_traces_break_hashcr	Dregg2.Circuit	Dregg2/Circuit.lean	328	fvar
SHAPE	Dregg2.Circuit.Inst.CellUnsealA.lifecycleComponent	Dregg2.Circuit.Inst.cellUnsealA	Dregg2/Circuit/Inst/cellUnsealA.lean	75	fvar
SHAPE	Dregg2.Circuit.Witness.RefreshDelegationWitness.execute_produces_satisfying_witness	Dregg2.Circuit.Witness.RefreshDelegationWitness	Dregg2/Circuit/Witness/RefreshDelegationWitness.lean	51	fvar
SHAPE	Dregg2.Circuit.WitnessExtractPerEffect.transfer_extract_rejects_wrong_ledger	Dregg2.Circuit.WitnessExtractPerEffect	Dregg2/Circuit/WitnessExtractPerEffect.lean	101	fvar
SHAPE	Dregg2.Circuit.EffectInstances2.mintE	Dregg2.Circuit.EffectInstances2	Dregg2/Circuit/EffectInstances2.lean	111	fvar
SHAPE	Dregg2.Circuit.Inst.ReceiptArchiveLifecycleA.archiveGuardEncodes	Dregg2.Circuit.Inst.receiptArchiveLifecycleA	Dregg2/Circuit/Inst/receiptArchiveLifecycleA.lean	123	fvar
SHAPE	Dregg2.Circuit.Poseidon2Surface.p2Digest_binds_rom	Dregg2.Circuit.Poseidon2Surface	Dregg2/Circuit/Poseidon2Surface.lean	211	fvar
SHAPE	Dregg2.Circuit.Inst.ReceiptArchiveLifecycleA.receiptArchiveLifecycleE	Dregg2.Circuit.Inst.receiptArchiveLifecycleA	Dregg2/Circuit/Inst/receiptArchiveLifecycleA.lean	91	fvar
SHAPE	Market.DarkBazaarAttestation.OrderToCertFCompiler.mk.inj	Market.DarkBazaarAttestation	Market/DarkBazaarAttestation.lean	0	fvar
SHAPE	Market.DarkBazaarAttestation.OrderToCertFCompiler.mk.inj	Market.DarkBazaarAttestation	Market/DarkBazaarAttestation.lean	0	fvar
SHAPE	Dregg2.Circuit.CorrelatedAgreement.interleavedClose_of_good_challenges	Dregg2.Circuit.CorrelatedAgreement.Interpolation	Dregg2/Circuit/CorrelatedAgreement/Interpolation.lean	591	fvar
SHAPE	Dregg2.Circuit.Poseidon2Surface.p2DigestRom_forgery_is_break	Dregg2.Circuit.Poseidon2Surface	Dregg2/Circuit/Poseidon2Surface.lean	199	fvar
SHAPE	Dregg2.Circuit.TurnEmit.mintA_extract_emitted	Dregg2.Circuit.TurnEmit	Dregg2/Circuit/TurnEmit.lean	650	fvar
SHAPE	Dregg2.Crypto.LossyIdentification.answerable_frac_le_advOf	Dregg2.Crypto.LossyIdentification	Dregg2/Crypto/LossyIdentification.lean	178	fun
SHAPE	Dregg2.Circuit.WitnessExtractPerEffect.refreshDelegationA_extract_rejects_wrong_delegations	Dregg2.Circuit.WitnessExtractPerEffect	Dregg2/Circuit/WitnessExtractPerEffect.lean	617	fvar
SHAPE	Dregg2.Circuit.Inst.CellSealA.cellSealRestFrameDecodes	Dregg2.Circuit.Inst.cellSealA	Dregg2/Circuit/Inst/cellSealA.lean	121	fvar
SHAPE	Dregg2.Circuit.WitnessExtractPerEffect.introduceA_extract	Dregg2.Circuit.WitnessExtractPerEffect	Dregg2/Circuit/WitnessExtractPerEffect.lean	310	fvar
SHAPE	Dregg2.Circuit.FriDeployedRateInstance.monoWord_farN	Dregg2.Circuit.FriDeployedRateInstance	Dregg2/Circuit/FriDeployedRateInstance.lean	211	fvar
SHAPE	Dregg2.Circuit.Inst.DelegateAttenA.delegateAttenE	Dregg2.Circuit.Inst.delegateAttenA	Dregg2/Circuit/Inst/delegateAttenA.lean	147	fvar
SHAPE	Dregg2.Circuit.ShieldedWideJoinPin.wide_join_same_value	Dregg2.Circuit.ShieldedWideJoinPin	Dregg2/Circuit/ShieldedWideJoinPin.lean	209	fvar
SHAPE	Dregg2.Circuit.Inst.IntroduceA.capsComponent	Dregg2.Circuit.Inst.introduceA	Dregg2/Circuit/Inst/introduceA.lean	137	fvar
SHAPE	Dregg2.Circuit.EffectEmittedRefinement.balanceAEmittedStep	Dregg2.Circuit.EffectEmittedRefinement	Dregg2/Circuit/EffectEmittedRefinement.lean	382	fvar
SHAPE	Dregg2.Crypto.WireAke.uks_breaks_hashcr	Dregg2.Crypto.WireAke	Dregg2/Crypto/WireAke.lean	239	fvar
SHAPE	Dregg2.Circuit.Inst.IntroduceA.apex_iff_delegateSpec	Dregg2.Circuit.Inst.introduceA	Dregg2/Circuit/Inst/introduceA.lean	211	fvar
SHAPE	Dregg2.Circuit.Inst.RevokeDelegationFullA.revokeGuardEncodes	Dregg2.Circuit.Inst.revokeDelegationFullA	Dregg2/Circuit/Inst/revokeDelegationFullA.lean	178	fvar
SHAPE	Dregg2.Circuit.Inst.RevokeDelegationFullA.revokeGuardEncodes	Dregg2.Circuit.Inst.revokeDelegationFullA	Dregg2/Circuit/Inst/revokeDelegationFullA.lean	178	fvar
SHAPE	Dregg2.Circuit.EffectRefinementBatch2.cellDestroyCircuitStep	Dregg2.Circuit.EffectRefinementBatch2	Dregg2/Circuit/EffectRefinementBatch2.lean	343	fvar
SHAPE	Dregg2.Circuit.EffectRefinementBatch2.cellDestroyCircuitStep	Dregg2.Circuit.EffectRefinementBatch2	Dregg2/Circuit/EffectRefinementBatch2.lean	343	fvar
SHAPE	Dregg2.Substrate.Heap.hget_hset_frame	Dregg2.Substrate.Heap	Dregg2/Substrate/Heap.lean	447	fvar
SHAPE	Dregg2.Circuit.Emit.EffectVmEmitRotationR.wireColl_refutable_of_injective	Dregg2.Circuit.Emit.EffectVmEmitRotationR	Dregg2/Circuit/Emit/EffectVmEmitRotationR.lean	473	fvar
SHAPE	Dregg2.Circuit.LogHashPortedCone.CellDestroyA.cellDestroyA_full_sound_of_noColl	Dregg2.Tools.ConePortLogHashRun	Dregg2/Tools/ConePortLogHashRun.lean	0	fvar
SHAPE	Dregg2.Circuit.LogHashPortedCone.CellDestroyA.cellDestroyA_full_sound_of_noColl	Dregg2.Tools.ConePortLogHashRun	Dregg2/Tools/ConePortLogHashRun.lean	0	fvar
SHAPE	Dregg2.Circuit.LogHashPortedCone.RefreshDelegationA.refreshDelegationA_full_sound_of_noColl	Dregg2.Tools.ConePortLogHashRun	Dregg2/Tools/ConePortLogHashRun.lean	0	fvar
SHAPE	Dregg2.Circuit.EffectRefinement.revokeDelegationCircuitStep.congr_simp	Dregg2.Circuit.TurnEffectRefinement	Dregg2/Circuit/TurnEffectRefinement.lean	0	fvar
SHAPE	Dregg2.Circuit.EffectRefinement.revokeDelegationCircuitStep.congr_simp	Dregg2.Circuit.TurnEffectRefinement	Dregg2/Circuit/TurnEffectRefinement.lean	0	fvar
SHAPE	Dregg2.Circuit.WitnessExtractPerEffect.refreshDelegationA_extract	Dregg2.Circuit.WitnessExtractPerEffect	Dregg2/Circuit/WitnessExtractPerEffect.lean	602	fvar
SHAPE	Dregg2.Circuit.LogHashPortedCone.CellUnsealA.cellUnsealA_full_sound_of_noColl	Dregg2.Tools.ConePortLogHashRun	Dregg2/Tools/ConePortLogHashRun.lean	0	fvar
SHAPE	Dregg2.Circuit.WitnessExtractPerEffect.burnA_extract_emitted	Dregg2.Circuit.WitnessExtractPerEffect	Dregg2/Circuit/WitnessExtractPerEffect.lean	167	fvar
SHAPE	Dregg2.Circuit.FriDecodedDomainRebase.interpolate_stridePt_eq_self	Dregg2.Circuit.FriDecodedDomainRebase	Dregg2/Circuit/FriDecodedDomainRebase.lean	335	fun
SHAPE	Dregg2.Circuit.Inst.RevokeDelegationFullA.revokeRestFrameDecodes	Dregg2.Circuit.Inst.revokeDelegationFullA	Dregg2/Circuit/Inst/revokeDelegationFullA.lean	190	fvar
SHAPE	Dregg2.Circuit.Inst.RevokeDelegationFullA.revokeRestFrameDecodes	Dregg2.Circuit.Inst.revokeDelegationFullA	Dregg2/Circuit/Inst/revokeDelegationFullA.lean	190	fvar
SHAPE	Dregg2.Circuit.Inst.RefreshDelegationA.refreshDelegationGuardEncodes	Dregg2.Circuit.Inst.refreshDelegationA	Dregg2/Circuit/Inst/refreshDelegationA.lean	125	fvar
SHAPE	Dregg2.Circuit.EffectRefinement.transferCircuitStep	Dregg2.Circuit.EffectRefinement	Dregg2/Circuit/EffectRefinement.lean	488	fvar
SHAPE	Dregg2.Circuit.RsUniqueDecoding.decode_wellDefined	Dregg2.Circuit.RsUniqueDecoding	Dregg2/Circuit/RsUniqueDecoding.lean	123	fvar
SHAPE	Dregg2.Circuit.RsUniqueDecoding.unique_nearest_codeword_radius	Dregg2.Circuit.RsUniqueDecoding	Dregg2/Circuit/RsUniqueDecoding.lean	111	fvar
SHAPE	Dregg2.Circuit.EffectRefinement.balanceACircuitStep.congr_simp	Dregg2.Circuit.TurnEffectRefinement	Dregg2/Circuit/TurnEffectRefinement.lean	0	fvar
SHAPE	Dregg2.Circuit.RsUniqueDecoding.decode_wellDefined_deployedBlowup	Dregg2.Circuit.RsUniqueDecoding	Dregg2/Circuit/RsUniqueDecoding.lean	155	fvar
SHAPE	Dregg2.Circuit.EffectRefinementBatch2.cellSealCircuitStep	Dregg2.Circuit.EffectRefinementBatch2	Dregg2/Circuit/EffectRefinementBatch2.lean	255	fvar
SHAPE	Dregg2.Circuit.EffectRefinementBatch2.attenuateCircuitStep.congr_simp	Dregg2.Circuit.TurnEffectRefinement	Dregg2/Circuit/TurnEffectRefinement.lean	0	fvar
SHAPE	Dregg2.Crypto.GraphRewriteHistory.linked_graph_eq	Dregg2.Crypto.GraphRewriteHistory	Dregg2/Crypto/GraphRewriteHistory.lean	157	fvar
SHAPE	Dregg2.Crypto.MlKemIndCca.message_hidden_by_wide_mask	Dregg2.Crypto.MlKemIndCca	Dregg2/Crypto/MlKemIndCca.lean	167	fvar
SHAPE	Dregg2.Crypto.HashRandRefinement.HashRand.slot_collision_breaks_hashcr	Dregg2.Crypto.HashRandRefinement	Dregg2/Crypto/HashRandRefinement.lean	138	Dregg2.Crypto.HashRandRefinement.HashRand.frameOutput
SHAPE	Dregg2.Circuit.Inst.RevokeDelegationA.revokeRestFrameDecodes	Dregg2.Circuit.Inst.revokeDelegationA	Dregg2/Circuit/Inst/revokeDelegationA.lean	184	fvar
SHAPE	Dregg2.Circuit.Inst.HeapWriteA.heapsComponent	Dregg2.Circuit.Inst.heapWriteA	Dregg2/Circuit/Inst/heapWriteA.lean	105	fvar
SHAPE	Dregg2.Circuit.EffectEmittedRefinement.heapWriteAEmittedStep	Dregg2.Circuit.EffectEmittedRefinement	Dregg2/Circuit/EffectEmittedRefinement.lean	1055	fvar
SHAPE	Dregg2.Circuit.EffectEmittedRefinement.heapWriteAEmittedStep	Dregg2.Circuit.EffectEmittedRefinement	Dregg2/Circuit/EffectEmittedRefinement.lean	1055	fvar
SHAPE	Dregg2.Circuit.LogHashPortedCone.DelegateAttenA.delegateAttenA_full_sound_of_noColl	Dregg2.Tools.ConePortLogHashRun	Dregg2/Tools/ConePortLogHashRun.lean	0	fvar
SHAPE	Dregg2.Circuit.EffectRefinementBatch2.cellDestroyCircuitStep.congr_simp	Dregg2.Circuit.TurnEffectRefinement	Dregg2/Circuit/TurnEffectRefinement.lean	0	fvar
SHAPE	Dregg2.Circuit.EffectRefinementBatch2.cellDestroyCircuitStep.congr_simp	Dregg2.Circuit.TurnEffectRefinement	Dregg2/Circuit/TurnEffectRefinement.lean	0	fvar
SHAPE	Dregg2.Metatheory.FinitePolynomialFunctionLimits.FaithfulEncoding.mk	Dregg2.Metatheory.FinitePolynomialFunctionLimits	Dregg2/Metatheory/FinitePolynomialFunctionLimits.lean	97	fvar
SHAPE	Dregg2.Circuit.EffectEmittedRefinement.heapWriteA_emitted_equiv_circuit	Dregg2.Circuit.EffectEmittedRefinement	Dregg2/Circuit/EffectEmittedRefinement.lean	1061	fvar
SHAPE	Dregg2.Circuit.EffectEmittedRefinement.heapWriteA_emitted_equiv_circuit	Dregg2.Circuit.EffectEmittedRefinement	Dregg2/Circuit/EffectEmittedRefinement.lean	1061	fvar
SHAPE	Dregg2.Circuit.EffectEmittedRefinement.cellSealA_emitted_equiv_circuit	Dregg2.Circuit.EffectEmittedRefinement	Dregg2/Circuit/EffectEmittedRefinement.lean	911	fvar
SHAPE	Dregg2.Circuit.Inst.Revoke.revokeRestFrameDecodes	Dregg2.Circuit.Inst.revoke	Dregg2/Circuit/Inst/revoke.lean	194	fvar
SHAPE	Dregg2.Storage.verifiable_erasure_recovers	Dregg2.Storage.Availability	Dregg2/Storage/Availability.lean	29	fvar
SHAPE	Dregg2.Substrate.Heap.root_binds_get	Dregg2.Substrate.Heap	Dregg2/Substrate/Heap.lean	587	fvar
SHAPE	Dregg2.Circuit.Inst.BalanceA.balanceGuardEncodes	Dregg2.Circuit.Inst.balanceA	Dregg2/Circuit/Inst/balanceA.lean	148	fvar
SHAPE	Dregg2.Circuit.LogHashPortedCone.CellSealA.cellSealA_full_sound_of_noColl	Dregg2.Tools.ConePortLogHashRun	Dregg2/Tools/ConePortLogHashRun.lean	0	fvar
SHAPE	Dregg2.Circuit.FriDeployedRateInstance.monoWord_disagree_card	Dregg2.Circuit.FriDeployedRateInstance	Dregg2/Circuit/FriDeployedRateInstance.lean	152	fvar
SHAPE	Dregg2.Circuit.OodCommitmentBinding.commitmentOpening_binds_of_poseidon2CR	Dregg2.Circuit.OodCommitmentBinding	Dregg2/Circuit/OodCommitmentBinding.lean	200	fvar
SHAPE	Dregg2.Circuit.Emit.MembershipDepthGeneralRung2.foldNode4_len_lt	Dregg2.Circuit.Emit.MembershipDepthGeneralRung2	Dregg2/Circuit/Emit/MembershipDepthGeneralRung2.lean	180	fvar
SHAPE	Dregg2.Crypto.CommitmentBinding.Blake3Commitment.mk.injEq	Dregg2.Crypto.CommitmentBinding	Dregg2/Crypto/CommitmentBinding.lean	0	fvar
SHAPE	Dregg2.Crypto.CommitmentBinding.Blake3Commitment.mk.injEq	Dregg2.Crypto.CommitmentBinding	Dregg2/Crypto/CommitmentBinding.lean	0	fvar
SHAPE	Dregg2.Circuit.EffectRefinement.delegateCircuitStep	Dregg2.Circuit.EffectRefinement	Dregg2/Circuit/EffectRefinement.lean	595	fvar
SHAPE	Dregg2.Circuit.WitnessExtractPerEffect.attenuateA_extract_rejects_wrong_caps	Dregg2.Circuit.WitnessExtractPerEffect	Dregg2/Circuit/WitnessExtractPerEffect.lean	224	fvar
SHAPE	Dregg2.Circuit.Argus.Effects.CellDestroy.cellDestroyCircuit	Dregg2.Circuit.Argus.Effects.CellDestroy	Dregg2/Circuit/Argus/Effects/CellDestroy.lean	313	fvar
SHAPE	Dregg2.Circuit.Argus.Effects.CellDestroy.cellDestroyCircuit	Dregg2.Circuit.Argus.Effects.CellDestroy	Dregg2/Circuit/Argus/Effects/CellDestroy.lean	313	fvar
SHAPE	Dregg2.Circuit.FriBridgeDeployedArity.friProximityK8_discharge	Dregg2.Circuit.FriBridgeDeployedArity	Dregg2/Circuit/FriBridgeDeployedArity.lean	97	fvar
SHAPE	Dregg2.Circuit.WitnessExtractPerEffect.revoke_extract_rejects_wrong_caps	Dregg2.Circuit.WitnessExtractPerEffect	Dregg2/Circuit/WitnessExtractPerEffect.lean	375	fvar
SHAPE	Dregg2.Circuit.CorrelatedAgreement.rs_min_distance	Dregg2.Circuit.CorrelatedAgreement.Scaffolding	Dregg2/Circuit/CorrelatedAgreement/Scaffolding.lean	165	fvar
SHAPE	Dregg2.Circuit.EffectEmittedRefinement.mintEmittedStep	Dregg2.Circuit.EffectEmittedRefinement	Dregg2/Circuit/EffectEmittedRefinement.lean	238	fvar
SHAPE	Dregg2.Circuit.Inst.CellSealA.cellSealGuardEncodes	Dregg2.Circuit.Inst.cellSealA	Dregg2/Circuit/Inst/cellSealA.lean	111	fvar
SHAPE	Dregg2.Circuit.EffectRefinementBatch2.cellUnsealCircuitStep	Dregg2.Circuit.EffectRefinementBatch2	Dregg2/Circuit/EffectRefinementBatch2.lean	267	fvar
SHAPE	Dregg2.Crypto.GraphRewriteHistory.adjacent_agree_of_linked_of_injective	Dregg2.Crypto.GraphRewriteHistory	Dregg2/Crypto/GraphRewriteHistory.lean	216	fvar
SHAPE	Dregg2.Circuit.EffectEmittedRefinement.balanceA_emitted_equiv_circuit	Dregg2.Circuit.EffectEmittedRefinement	Dregg2/Circuit/EffectEmittedRefinement.lean	386	fvar
SHAPE	Dregg2.Circuit.Inst.BurnA.burnE	Dregg2.Circuit.Inst.burnA	Dregg2/Circuit/Inst/burnA.lean	109	fvar
SHAPE	Dregg2.Circuit.Inst.BalanceA.balComponent	Dregg2.Circuit.Inst.balanceA	Dregg2/Circuit/Inst/balanceA.lean	104	fvar
SHAPE	Dregg2.Circuit.CorrelatedAgreement.close_of_bw_dvd	Dregg2.Circuit.CorrelatedAgreement.BerlekampWelch	Dregg2/Circuit/CorrelatedAgreement/BerlekampWelch.lean	195	fvar
SHAPE	Dregg2.Circuit.Inst.Transfer.balanceRestFrameDecodes	Dregg2.Circuit.Inst.transfer	Dregg2/Circuit/Inst/transfer.lean	168	fvar
SHAPE	Dregg2.Crypto.LossyIdentification.answerable_keys_card_le	Dregg2.Crypto.LossyIdentification	Dregg2/Crypto/LossyIdentification.lean	158	fun
SHAPE	Dregg2.Circuit.EffectEmittedRefinement.revokeDelegationAEmittedStep	Dregg2.Circuit.EffectEmittedRefinement	Dregg2/Circuit/EffectEmittedRefinement.lean	780	fvar
SHAPE	Dregg2.Storage.ClientProtocol.data_survives_and_cheaters_pay	Dregg2.Storage.ClientProtocol	Dregg2/Storage/ClientProtocol.lean	31	fvar
SHAPE	Dregg2.Circuit.Inst.RevokeDelegationA.capsComponent	Dregg2.Circuit.Inst.revokeDelegationA	Dregg2/Circuit/Inst/revokeDelegationA.lean	129	fvar
SHAPE	Dregg2.Circuit.CommitDifferential.effectVmCommit_binds_record_digest_of_injective	Dregg2.Circuit.CommitDifferential	Dregg2/Circuit/CommitDifferential.lean	202	Dregg2.Circuit.CommitDifferential.h4q
SHAPE	Dregg2.Circuit.FriCloseNUniqueDecode.closeN_rsCode_decode	Dregg2.Circuit.FriCloseNUniqueDecode	Dregg2/Circuit/FriCloseNUniqueDecode.lean	111	fvar
SHAPE	Market.DarkBazaarAttestation.OrderToCertFCompiler.mk.sizeOf_spec	Market.DarkBazaarAttestation	Market/DarkBazaarAttestation.lean	0	fvar
SHAPE	Dregg2.Circuit.CorrelatedAgreement.interleavedClose_pair_of_bw_factorization	Dregg2.Circuit.CorrelatedAgreement.Collinearity	Dregg2/Circuit/CorrelatedAgreement/Collinearity.lean	413	fvar
SHAPE	Dregg2.Crypto.CommitmentBinding.Blake3Commitment.mk.sizeOf_spec	Dregg2.Crypto.CommitmentBinding	Dregg2/Crypto/CommitmentBinding.lean	0	fvar
SHAPE	Dregg2.Circuit.MapInsertImtRepoint.padImtRoot_ne_mapRoot_of_good	Dregg2.Circuit.MapInsertImtRepoint	Dregg2/Circuit/MapInsertImtRepoint.lean	163	fvar
SHAPE	Dregg2.Circuit.WitnessExtractDual.cellDestroyA_extract	Dregg2.Circuit.WitnessExtractDual	Dregg2/Circuit/WitnessExtractDual.lean	162	fvar
SHAPE	Dregg2.Circuit.WitnessExtractDual.cellDestroyA_extract	Dregg2.Circuit.WitnessExtractDual	Dregg2/Circuit/WitnessExtractDual.lean	162	fvar
SHAPE	Dregg2.Circuit.WitnessExtractPerEffect.attenuateA_extract	Dregg2.Circuit.WitnessExtractPerEffect	Dregg2/Circuit/WitnessExtractPerEffect.lean	196	fvar
SHAPE	Dregg2.Circuit.WitnessExtractPerEffect.delegate_extract_rejects_wrong_caps	Dregg2.Circuit.WitnessExtractPerEffect	Dregg2/Circuit/WitnessExtractPerEffect.lean	261	fvar
SHAPE	Dregg2.Circuit.EffectInstances2.mintEWire_circuit_eq	Dregg2.Circuit.EffectInstances2	Dregg2/Circuit/EffectInstances2.lean	224	fvar
SHAPE	Dregg2.Circuit.EffectRefinement.revokeCircuitStep.congr_simp	Dregg2.Circuit.TurnEffectRefinement	Dregg2/Circuit/TurnEffectRefinement.lean	0	fvar
SHAPE	Dregg2.Circuit.FriPositiveRadiusPayment.far_oracle_query_payment	Dregg2.Circuit.FriPositiveRadiusPayment	Dregg2/Circuit/FriPositiveRadiusPayment.lean	104	fvar
SHAPE	Dregg2.Circuit.CorrelatedAgreement.curveUDParam_of_classical	Dregg2.Circuit.CorrelatedAgreement.Theorems	Dregg2/Circuit/CorrelatedAgreement/Theorems.lean	270	fvar
SHAPE	Dregg2.Circuit.CorrelatedAgreement.interleavedClose_of_bw_factorization	Dregg2.Circuit.CorrelatedAgreement.Collinearity	Dregg2/Circuit/CorrelatedAgreement/Collinearity.lean	387	fvar
SHAPE	Dregg2.Circuit.MapPaddedDenotation.narrow_opensToMerkle_functional	Dregg2.Circuit.MapPaddedDenotation	Dregg2/Circuit/MapPaddedDenotation.lean	893	fvar
SHAPE	Dregg2.Circuit.Inst.BridgeMintA.bridgeMintGuardDecodes	Dregg2.Circuit.Inst.bridgeMintA	Dregg2/Circuit/Inst/bridgeMintA.lean	124	fvar
SHAPE	Dregg2.Circuit.Inst.Transfer.balComponent	Dregg2.Circuit.Inst.transfer	Dregg2/Circuit/Inst/transfer.lean	113	fvar
SHAPE	Dregg2.Circuit.CorrelatedAgreement.curveUDParamAt_of_ps	Dregg2.Circuit.CorrelatedAgreement.Theorems	Dregg2/Circuit/CorrelatedAgreement/Theorems.lean	339	fvar
SHAPE	Dregg2.Circuit.EffectRefinement.balanceA_spec_refines_circuit	Dregg2.Circuit.EffectRefinement	Dregg2/Circuit/EffectRefinement.lean	563	fvar
SHAPE	Dregg2.Circuit.EffectRefinement.revokeRestFrameEncodes	Dregg2.Circuit.EffectRefinement	Dregg2/Circuit/EffectRefinement.lean	758	fvar
SHAPE	Dregg2.Circuit.EffectRefinementBatch2.heapWriteCircuitStep.congr_simp	Dregg2.Circuit.TurnEffectRefinement	Dregg2/Circuit/TurnEffectRefinement.lean	0	fvar
SHAPE	Dregg2.Circuit.EffectRefinementBatch2.heapWriteCircuitStep.congr_simp	Dregg2.Circuit.TurnEffectRefinement	Dregg2/Circuit/TurnEffectRefinement.lean	0	fvar
SHAPE	Dregg2.Circuit.Inst.HeapWriteA.heapWriteGuardEncodes	Dregg2.Circuit.Inst.heapWriteA	Dregg2/Circuit/Inst/heapWriteA.lean	147	fvar
SHAPE	Dregg2.Circuit.Inst.HeapWriteA.heapWriteGuardEncodes	Dregg2.Circuit.Inst.heapWriteA	Dregg2/Circuit/Inst/heapWriteA.lean	147	fvar
SHAPE	Dregg2.Crypto.DfaEncodingWeld.weld_matches_of_injective	Dregg2.Crypto.DfaEncodingWeld	Dregg2/Crypto/DfaEncodingWeld.lean	187	fvar
SHAPE	Dregg2.Crypto.DfaEncodingWeld.weld_matches_of_injective	Dregg2.Crypto.DfaEncodingWeld	Dregg2/Crypto/DfaEncodingWeld.lean	187	fvar
SHAPE	Dregg2.Circuit.WitnessExtractPerEffect.receiptArchiveLifecycleA_extract_rejects_wrong_lifecycle	Dregg2.Circuit.WitnessExtractPerEffect	Dregg2/Circuit/WitnessExtractPerEffect.lean	649	fvar
SHAPE	Dregg2.Circuit.Inst.MintA.mintRestFrameDecodes	Dregg2.Circuit.Inst.mintA	Dregg2/Circuit/Inst/mintA.lean	154	fvar
SHAPE	Dregg2.Circuit.MapOpWideKeyGate.LaneEnc.mk	Dregg2.Circuit.MapOpWideKeyGate	Dregg2/Circuit/MapOpWideKeyGate.lean	133	fvar
SHAPE	Dregg2.Circuit.Inst.RevokeDelegationA.revokeDelegationE	Dregg2.Circuit.Inst.revokeDelegationA	Dregg2/Circuit/Inst/revokeDelegationA.lean	137	fvar
SHAPE	Dregg2.Circuit.EffectRefinementBatch2.delegateAttenCircuitStep.congr_simp	Dregg2.Circuit.TurnEffectRefinement	Dregg2/Circuit/TurnEffectRefinement.lean	0	fvar
SHAPE	Dregg2.Circuit.MapInsertImtRepoint.reconcileGates_aafi_unsat_at_fresh_key	Dregg2.Circuit.MapInsertImtRepoint	Dregg2/Circuit/MapInsertImtRepoint.lean	835	fvar
SHAPE	Dregg2.Circuit.EffectRefinement.delegateCircuitStep.congr_simp	Dregg2.Circuit.TurnEffectRefinement	Dregg2/Circuit/TurnEffectRefinement.lean	0	fvar
SHAPE	Dregg2.Circuit.EffectRefinement.revokeDelegationCircuitStep	Dregg2.Circuit.EffectRefinement	Dregg2/Circuit/EffectRefinement.lean	833	fvar
SHAPE	Dregg2.Circuit.EffectRefinement.revokeDelegationCircuitStep	Dregg2.Circuit.EffectRefinement	Dregg2/Circuit/EffectRefinement.lean	833	fvar
SHAPE	Dregg2.Circuit.Inst.RefreshDelegationA.refreshDelegationRestFrameDecodes	Dregg2.Circuit.Inst.refreshDelegationA	Dregg2/Circuit/Inst/refreshDelegationA.lean	136	fvar
SHAPE	Dregg2.Circuit.Inst.CellDestroyA.cellDestroyRestFrameDecodes	Dregg2.Circuit.Inst.cellDestroyA	Dregg2/Circuit/Inst/cellDestroyA.lean	133	fvar
SHAPE	Dregg2.Circuit.Inst.CellDestroyA.cellDestroyRestFrameDecodes	Dregg2.Circuit.Inst.cellDestroyA	Dregg2/Circuit/Inst/cellDestroyA.lean	133	fvar
SHAPE	Dregg2.Circuit.EffectRefinement.burnCircuitStep.congr_simp	Dregg2.Circuit.TurnEffectRefinement	Dregg2/Circuit/TurnEffectRefinement.lean	0	fvar
SHAPE	Dregg2.Circuit.DeployedTraceExtract.accept_close_or_paid	Dregg2.Circuit.DeployedTraceExtract	Dregg2/Circuit/DeployedTraceExtract.lean	542	fvar
SHAPE	Dregg2.Circuit.FriExtractNonCircular.child_pins_in_ball	Dregg2.Circuit.FriExtractNonCircular	Dregg2/Circuit/FriExtractNonCircular.lean	118	fvar
SHAPE	Dregg2.Circuit.RsUniqueDecoding.decode_existsUnique	Dregg2.Circuit.RsUniqueDecoding	Dregg2/Circuit/RsUniqueDecoding.lean	132	fvar
SHAPE	Dregg2.Circuit.FriDeepQuotientRlc.oodValue_correct_of_close	Dregg2.Circuit.FriDeepQuotientRlc	Dregg2/Circuit/FriDeepQuotientRlc.lean	487	fvar
SHAPE	Dregg2.Circuit.Inst.MintA.mintEWire_circuit_eq	Dregg2.Circuit.Inst.mintA	Dregg2/Circuit/Inst/mintA.lean	225	fvar
SHAPE	Dregg2.Circuit.LogHashPortedCone.Transfer.transfer_full_sound_of_noColl	Dregg2.Tools.ConePortLogHashRun	Dregg2/Tools/ConePortLogHashRun.lean	0	fvar
SHAPE	Dregg2.Circuit.Inst.CellUnsealA.cellUnsealE	Dregg2.Circuit.Inst.cellUnsealA	Dregg2/Circuit/Inst/cellUnsealA.lean	80	fvar
SHAPE	Dregg2.Crypto.Smudging.statDist_unif_image	Dregg2.Crypto.Smudging	Dregg2/Crypto/Smudging.lean	81	fvar
SHAPE	Dregg2.Circuit.Inst.DelegateAttenA.capsComponent	Dregg2.Circuit.Inst.delegateAttenA	Dregg2/Circuit/Inst/delegateAttenA.lean	138	fvar
SHAPE	Dregg2.Circuit.EffectRefinement.delegate_spec_refines_circuit	Dregg2.Circuit.EffectRefinement	Dregg2/Circuit/EffectRefinement.lean	615	fvar
SHAPE	Dregg2.Circuit.EffectRefinementBatch2.receiptArchiveLifecycleCircuitStep.congr_simp	Dregg2.Circuit.TurnEffectRefinement	Dregg2/Circuit/TurnEffectRefinement.lean	0	fvar
SHAPE	Dregg2.Circuit.Inst.MintA.mintGuardEncodes	Dregg2.Circuit.Inst.mintA	Dregg2/Circuit/Inst/mintA.lean	143	fvar
SHAPE	Dregg2.Circuit.Inst.CellUnsealA.cellUnsealGuardDecodes	Dregg2.Circuit.Inst.cellUnsealA	Dregg2/Circuit/Inst/cellUnsealA.lean	102	fvar
SHAPE	Dregg2.Circuit.CorrelatedAgreement.bw_horizontal_line	Dregg2.Circuit.CorrelatedAgreement.Interpolation	Dregg2/Circuit/CorrelatedAgreement/Interpolation.lean	528	fvar
SHAPE	Dregg2.Circuit.Inst.CreateCellFromFactoryA.bornEmptyAuthorityComp	Dregg2.Circuit.Inst.createCellFromFactoryA	Dregg2/Circuit/Inst/createCellFromFactoryA.lean	154	fvar
SHAPE	Dregg2.Circuit.Inst.DelegateAttenA.apex_iff_delegateAttenSpec	Dregg2.Circuit.Inst.delegateAttenA	Dregg2/Circuit/Inst/delegateAttenA.lean	209	fvar
SHAPE	Dregg2.Circuit.WitnessExtractPerEffect.revokeDelegationA_extract	Dregg2.Circuit.WitnessExtractPerEffect	Dregg2/Circuit/WitnessExtractPerEffect.lean	384	fvar
SHAPE	Dregg2.Circuit.EffectRefinementBatch2.heapWriteCircuitStep	Dregg2.Circuit.EffectRefinementBatch2	Dregg2/Circuit/EffectRefinementBatch2.lean	357	fvar
SHAPE	Dregg2.Circuit.EffectRefinementBatch2.heapWriteCircuitStep	Dregg2.Circuit.EffectRefinementBatch2	Dregg2/Circuit/EffectRefinementBatch2.lean	357	fvar
SHAPE	Dregg2.Circuit.EffectRefinement.revoke_spec_refines_circuit	Dregg2.Circuit.EffectRefinement	Dregg2/Circuit/EffectRefinement.lean	774	fvar
SHAPE	Dregg2.Circuit.Inst.IntroduceA.introduceE	Dregg2.Circuit.Inst.introduceA	Dregg2/Circuit/Inst/introduceA.lean	147	fvar
SHAPE	Dregg2.Crypto.FactoryBindingFloorRegrounded.factoryRomGame	Dregg2.Crypto.FactoryBindingFloorRegrounded	Dregg2/Crypto/FactoryBindingFloorRegrounded.lean	870	fvar
SHAPE	Dregg2.Circuit.CorrelatedAgreement.card_eval_zero_le	Dregg2.Circuit.CorrelatedAgreement.BerlekampWelch	Dregg2/Circuit/CorrelatedAgreement/BerlekampWelch.lean	66	fvar
SHAPE	Dregg2.Circuit.Inst.BalanceA.balanceGuardDecodes	Dregg2.Circuit.Inst.balanceA	Dregg2/Circuit/Inst/balanceA.lean	137	fvar
SHAPE	Dregg2.Circuit.CorrelatedAgreement.interpCurve_eval	Dregg2.Circuit.CorrelatedAgreement.Theorems	Dregg2/Circuit/CorrelatedAgreement/Theorems.lean	91	fvar
SHAPE	Dregg2.Circuit.Inst.CellSealA.cellSealE	Dregg2.Circuit.Inst.cellSealA	Dregg2/Circuit/Inst/cellSealA.lean	80	fvar
SHAPE	Dregg2.Circuit.SpongeForgeReduction.codeRomCarrier	Dregg2.Circuit.SpongeForgeReduction	Dregg2/Circuit/SpongeForgeReduction.lean	448	fvar
SHAPE	Dregg2.Circuit.Inst.DelegateAttenA.delAttenGuardEncodes	Dregg2.Circuit.Inst.delegateAttenA	Dregg2/Circuit/Inst/delegateAttenA.lean	183	fvar
SHAPE	Dregg2.Circuit.Inst.CellUnsealA.cellUnsealGuardEncodes	Dregg2.Circuit.Inst.cellUnsealA	Dregg2/Circuit/Inst/cellUnsealA.lean	111	fvar
SHAPE	Dregg2.Circuit.WitnessExtractPerEffect.burnA_extract_rejects_wrong_supply	Dregg2.Circuit.WitnessExtractPerEffect	Dregg2/Circuit/WitnessExtractPerEffect.lean	181	fvar
SHAPE	Dregg2.Circuit.WitnessExtractPerEffect.revokeDelegationA_extract_rejects_wrong_caps	Dregg2.Circuit.WitnessExtractPerEffect	Dregg2/Circuit/WitnessExtractPerEffect.lean	414	fvar
SHAPE	Dregg2.Circuit.ShieldedTransferStark.shielded_keys_distinct	Dregg2.Circuit.ShieldedTransferStark	Dregg2/Circuit/ShieldedTransferStark.lean	169	fvar
SHAPE	Dregg2.Circuit.FriQuerySoundness.arity_constant_bites	Dregg2.Circuit.FriQuerySoundness	Dregg2/Circuit/FriQuerySoundness.lean	257	fvar
SHAPE	Dregg2.Circuit.Inst.ReceiptArchiveLifecycleA.archiveGuardDecodes	Dregg2.Circuit.Inst.receiptArchiveLifecycleA	Dregg2/Circuit/Inst/receiptArchiveLifecycleA.lean	114	fvar
SHAPE	Dregg2.Circuit.EffectInstances2.apex_iff_mintASpec	Dregg2.Circuit.EffectInstances2	Dregg2/Circuit/EffectInstances2.lean	164	fvar
SHAPE	Dregg2.Circuit.WitnessExtractPerEffect.transfer_extract	Dregg2.Circuit.WitnessExtractPerEffect	Dregg2/Circuit/WitnessExtractPerEffect.lean	71	fvar
SHAPE	Dregg2.Crypto.CommitmentBinding.Blake3Commitment.mk.inj	Dregg2.Crypto.CommitmentBinding	Dregg2/Crypto/CommitmentBinding.lean	0	fvar
SHAPE	Dregg2.Crypto.CommitmentBinding.Blake3Commitment.mk.inj	Dregg2.Crypto.CommitmentBinding	Dregg2/Crypto/CommitmentBinding.lean	0	fvar
SHAPE	Dregg2.Circuit.Inst.HeapWriteA.apex_iff_heapWriteSpec	Dregg2.Circuit.Inst.heapWriteA	Dregg2/Circuit/Inst/heapWriteA.lean	163	fvar
SHAPE	Dregg2.Circuit.Inst.HeapWriteA.apex_iff_heapWriteSpec	Dregg2.Circuit.Inst.heapWriteA	Dregg2/Circuit/Inst/heapWriteA.lean	163	fvar
SHAPE	Dregg2.Circuit.FriFoldArity.fold_close_of_arity_challenges	Dregg2.Circuit.FriFoldArity	Dregg2/Circuit/FriFoldArity.lean	175	fvar
SHAPE	Dregg2.Circuit.Inst.SpawnA.delegateComp	Dregg2.Circuit.Inst.spawnA	Dregg2/Circuit/Inst/spawnA.lean	110	fvar
SHAPE	Dregg2.Circuit.Inst.DelegateAttenA.delAttenGuardDecodes	Dregg2.Circuit.Inst.delegateAttenA	Dregg2/Circuit/Inst/delegateAttenA.lean	172	fvar
SHAPE	Dregg2.Circuit.Inst.CreateCellFromFactoryA.cellComp	Dregg2.Circuit.Inst.createCellFromFactoryA	Dregg2/Circuit/Inst/createCellFromFactoryA.lean	146	fvar
SHAPE	Dregg2.Circuit.NearDecodesWitness.deployed_near_decodes_existsUnique_evalVec	Dregg2.Circuit.NearDecodesWitness	Dregg2/Circuit/NearDecodesWitness.lean	215	fvar
SHAPE	Dregg2.Circuit.Inst.BalanceA.apex_iff_balanceASpec	Dregg2.Circuit.Inst.balanceA	Dregg2/Circuit/Inst/balanceA.lean	173	fvar
SHAPE	Dregg2.Circuit.FriPositiveRadiusPayment.far_oracle_has_far_fold	Dregg2.Circuit.FriPositiveRadiusPayment	Dregg2/Circuit/FriPositiveRadiusPayment.lean	72	fvar
SHAPE	Dregg2.Circuit.OodCommitmentBinding.merkleRecomputeZ_binds	Dregg2.Circuit.OodCommitmentBinding	Dregg2/Circuit/OodCommitmentBinding.lean	181	fvar
SHAPE	Dregg2.Circuit.EffectEmittedRefinement.receiptArchiveLifecycleA_emitted_equiv_circuit	Dregg2.Circuit.EffectEmittedRefinement	Dregg2/Circuit/EffectEmittedRefinement.lean	937	fvar
SHAPE	Dregg2.Circuit.Poseidon2Surface.p2Digest_binds_or_collides	Dregg2.Circuit.Poseidon2Surface	Dregg2/Circuit/Poseidon2Surface.lean	131	fvar
SHAPE	Dregg2.Circuit.EffectRefinement.delegateRestFrameEncodes	Dregg2.Circuit.EffectRefinement	Dregg2/Circuit/EffectRefinement.lean	599	fvar
SHAPE	Dregg2.Circuit.Inst.CellDestroyA.apex_iff_cellDestroySpec	Dregg2.Circuit.Inst.cellDestroyA	Dregg2/Circuit/Inst/cellDestroyA.lean	138	fvar
SHAPE	Dregg2.Circuit.Inst.CellDestroyA.apex_iff_cellDestroySpec	Dregg2.Circuit.Inst.cellDestroyA	Dregg2/Circuit/Inst/cellDestroyA.lean	138	fvar
SHAPE	Dregg2.Circuit.SpongeForgeReduction.injective_code_forgery_is_break	Dregg2.Circuit.SpongeForgeReduction	Dregg2/Circuit/SpongeForgeReduction.lean	331	fvar
SHAPE	Dregg2.Crypto.HashRandRefinement.hashrand_prediction_breaks_hashcr	Dregg2.Crypto.HashRandRefinement	Dregg2/Crypto/HashRandRefinement.lean	232	Dregg2.Crypto.HashRandRefinement.HashRand.frameOutput
SHAPE	Dregg2.Circuit.NearDecodesWitness.near_word_decodes_existsUnique	Dregg2.Circuit.NearDecodesWitness	Dregg2/Circuit/NearDecodesWitness.lean	75	fvar
SHAPE	Dregg2.Circuit.CorrelatedAgreement.deployed_unique_decoding	Dregg2.Circuit.CorrelatedAgreement.Scaffolding	Dregg2/Circuit/CorrelatedAgreement/Scaffolding.lean	280	fvar
SHAPE	Dregg2.Circuit.MapOpWideKeyGate.LaneEnc.mk.injEq	Dregg2.Circuit.MapOpWideKeyGate	Dregg2/Circuit/MapOpWideKeyGate.lean	0	fvar
SHAPE	Dregg2.Circuit.MapOpWideKeyGate.LaneEnc.mk.injEq	Dregg2.Circuit.MapOpWideKeyGate	Dregg2/Circuit/MapOpWideKeyGate.lean	0	fvar
SHAPE	Dregg2.Circuit.LogHashPortedCone.BridgeMintA.bridgeMintA_full_sound_of_noColl	Dregg2.Tools.ConePortLogHashRun	Dregg2/Tools/ConePortLogHashRun.lean	0	fvar
SHAPE	Dregg2.Circuit.MapKindImtGates.map_imtLeafHash_injective	Dregg2.Circuit.MapKindImtGates	Dregg2/Circuit/MapKindImtGates.lean	898	fvar
SHAPE	Dregg2.Circuit.EffectEmittedRefinement.attenuateA_emitted_equiv_circuit	Dregg2.Circuit.EffectEmittedRefinement	Dregg2/Circuit/EffectEmittedRefinement.lean	643	fvar
SHAPE	Dregg2.Crypto.FactoryBindingFloorRegrounded.vk_determines_invariants_binds_rom	Dregg2.Crypto.FactoryBindingFloorRegrounded	Dregg2/Crypto/FactoryBindingFloorRegrounded.lean	880	fvar
SHAPE	Dregg2.Circuit.Inst.BalanceA.balanceRestFrameDecodes	Dregg2.Circuit.Inst.balanceA	Dregg2/Circuit/Inst/balanceA.lean	159	fvar
SHAPE	Dregg2.Circuit.Emit.MembershipDepthGeneralRung2.foldNode4_inj	Dregg2.Circuit.Emit.MembershipDepthGeneralRung2	Dregg2/Circuit/Emit/MembershipDepthGeneralRung2.lean	110	fvar
SHAPE	Dregg2.Circuit.Inst.RefreshDelegationA.apex_iff_refreshDelegationSpec	Dregg2.Circuit.Inst.refreshDelegationA	Dregg2/Circuit/Inst/refreshDelegationA.lean	141	fvar
SHAPE	Market.DarkBazaarAttestation.OrderCommitmentCarrier.mk.noConfusion	Market.DarkBazaarAttestation	Market/DarkBazaarAttestation.lean	61	fvar
SHAPE	Market.DarkBazaarAttestation.OrderCommitmentCarrier.mk.noConfusion	Market.DarkBazaarAttestation	Market/DarkBazaarAttestation.lean	61	fvar
SHAPE	Dregg2.Circuit.Inst.CreateCellA.bornEmptyComp	Dregg2.Circuit.Inst.createCellA	Dregg2/Circuit/Inst/createCellA.lean	103	fvar
SHAPE	Dregg2.Circuit.Poseidon2Surface.p2Digest_forgery_is_break	Dregg2.Circuit.Poseidon2Surface	Dregg2/Circuit/Poseidon2Surface.lean	122	fvar
SHAPE	Dregg2.Circuit.WitnessExtractPerEffect.bridgeMintA_extract_rejects_wrong_supply	Dregg2.Circuit.WitnessExtractPerEffect	Dregg2/Circuit/WitnessExtractPerEffect.lean	542	fvar
SHAPE	Dregg2.Circuit.Inst.BridgeMintA.bridgeMintGuardEncodes	Dregg2.Circuit.Inst.bridgeMintA	Dregg2/Circuit/Inst/bridgeMintA.lean	135	fvar
SHAPE	Dregg2.Circuit.Inst.CellUnsealA.apex_iff_cellUnsealSpec	Dregg2.Circuit.Inst.cellUnsealA	Dregg2/Circuit/Inst/cellUnsealA.lean	125	fvar
SHAPE	Dregg2.Circuit.Inst.Revoke.revokeGuardDecodes	Dregg2.Circuit.Inst.revoke	Dregg2/Circuit/Inst/revoke.lean	173	fvar
SHAPE	Dregg2.Circuit.MapKindImtGates.reconcileGates_insert_forces_key_present	Dregg2.Circuit.MapKindImtGates	Dregg2/Circuit/MapKindImtGates.lean	761	fvar
SHAPE	Dregg2.Circuit.EffectRefinement.mintCircuitStep	Dregg2.Circuit.EffectRefinement	Dregg2/Circuit/EffectRefinement.lean	142	fvar
SHAPE	Dregg2.Circuit.Inst.Revoke.revokeE	Dregg2.Circuit.Inst.revoke	Dregg2/Circuit/Inst/revoke.lean	148	fvar
SHAPE	Dregg2.Circuit.Inst.RevokeDelegationFullA.delegationStepComponent	Dregg2.Circuit.Inst.revokeDelegationFullA	Dregg2/Circuit/Inst/revokeDelegationFullA.lean	123	fvar
SHAPE	Dregg2.Circuit.Inst.CellDestroyA.cellDestroyGuardEncodes	Dregg2.Circuit.Inst.cellDestroyA	Dregg2/Circuit/Inst/cellDestroyA.lean	122	fvar
SHAPE	Dregg2.Circuit.Inst.CellDestroyA.cellDestroyGuardEncodes	Dregg2.Circuit.Inst.cellDestroyA	Dregg2/Circuit/Inst/cellDestroyA.lean	122	fvar
SHAPE	Dregg2.Circuit.WitnessExtractPerEffect.balanceA_extract_emitted	Dregg2.Circuit.WitnessExtractPerEffect	Dregg2/Circuit/WitnessExtractPerEffect.lean	126	fvar
SHAPE	Dregg2.Circuit.Argus.Effects.RefreshDelegation.refreshDelegationCircuit	Dregg2.Circuit.Argus.Effects.RefreshDelegation	Dregg2/Circuit/Argus/Effects/RefreshDelegation.lean	239	fvar
SHAPE	Dregg2.Circuit.WitnessExtractPerEffect.attenuateA_extract_emitted	Dregg2.Circuit.WitnessExtractPerEffect	Dregg2/Circuit/WitnessExtractPerEffect.lean	210	fvar
SHAPE	Dregg2.Circuit.Inst.BurnA.apex_iff_burnSpec	Dregg2.Circuit.Inst.burnA	Dregg2/Circuit/Inst/burnA.lean	163	fvar
SHAPE	Dregg2.Circuit.Inst.MintA.apex_iff_mintASpec	Dregg2.Circuit.Inst.mintA	Dregg2/Circuit/Inst/mintA.lean	162	fvar
SHAPE	Dregg2.Circuit.FriArityForking.straightline_cannot_supply_arity8	Dregg2.Circuit.FriArityForking	Dregg2/Circuit/FriArityForking.lean	342	fvar
SHAPE	Dregg2.Circuit.EffectEmittedRefinement.introduceA_emitted_equiv_circuit	Dregg2.Circuit.EffectEmittedRefinement	Dregg2/Circuit/EffectEmittedRefinement.lean	762	fvar
SHAPE	Dregg2.Circuit.NearDecodesWitness.extendWord_apply	Dregg2.Circuit.NearDecodesWitness	Dregg2/Circuit/NearDecodesWitness.lean	105	fvar
SHAPE	Dregg2.Circuit.MapPaddedDenotation.narrow_opensToMerkle_some_excludes_none	Dregg2.Circuit.MapPaddedDenotation	Dregg2/Circuit/MapPaddedDenotation.lean	901	fvar
SHAPE	Dregg2.Circuit.Inst.CellDestroyA.cellDestroyE	Dregg2.Circuit.Inst.cellDestroyA	Dregg2/Circuit/Inst/cellDestroyA.lean	88	fvar
SHAPE	Dregg2.Circuit.Inst.CellDestroyA.cellDestroyE	Dregg2.Circuit.Inst.cellDestroyA	Dregg2/Circuit/Inst/cellDestroyA.lean	88	fvar
SHAPE	Dregg2.Circuit.Inst.Delegate.apex_iff_delegateSpec	Dregg2.Circuit.Inst.delegate	Dregg2/Circuit/Inst/delegate.lean	203	fvar
SHAPE	Dregg2.Circuit.Argus.Effects.DelegateAtten.delegateAttenCircuit	Dregg2.Circuit.Argus.Effects.DelegateAtten	Dregg2/Circuit/Argus/Effects/DelegateAtten.lean	268	fvar
SHAPE	Dregg2.Cell.InterfaceIdWidth.seedOf_ne_stepOf	Dregg2.Cell.InterfaceIdWidth	Dregg2/Cell/InterfaceIdWidth.lean	102	fvar
SHAPE	Dregg2.Circuit.LogHashPortedCone.ReceiptArchiveLifecycleA.receiptArchiveLifecycleA_full_sound_of_noColl	Dregg2.Tools.ConePortLogHashRun	Dregg2/Tools/ConePortLogHashRun.lean	0	fvar
SHAPE	Dregg2.Circuit.EffectEmittedRefinement.delegateAttenAEmittedStep	Dregg2.Circuit.EffectEmittedRefinement	Dregg2/Circuit/EffectEmittedRefinement.lean	735	fvar
SHAPE	Dregg2.Circuit.Witness.DelegateWitness.execute_produces_satisfying_witness	Dregg2.Circuit.Witness.DelegateWitness	Dregg2/Circuit/Witness/DelegateWitness.lean	66	fvar
SHAPE	Dregg2.Circuit.FriExtractNonCircular.child_pins_unique_polynomial_both	Dregg2.Circuit.FriExtractNonCircular	Dregg2/Circuit/FriExtractNonCircular.lean	145	fvar
SHAPE	Dregg2.Circuit.FriExtractNonCircular.child_extracted_eq_interpolant	Dregg2.Circuit.FriExtractNonCircular	Dregg2/Circuit/FriExtractNonCircular.lean	193	fvar
SHAPE	Dregg2.Circuit.EffectRefinement.mintCircuitStep.congr_simp	Dregg2.Circuit.TurnEffectRefinement	Dregg2/Circuit/TurnEffectRefinement.lean	0	fvar
SHAPE	Dregg2.Circuit.CorrelatedAgreement.pairUDParam_of_classical	Dregg2.Circuit.CorrelatedAgreement.Theorems	Dregg2/Circuit/CorrelatedAgreement/Theorems.lean	282	fvar
SHAPE	Dregg2.Circuit.Inst.MintA.balComponent	Dregg2.Circuit.Inst.mintA	Dregg2/Circuit/Inst/mintA.lean	100	fvar
SHAPE	Dregg2.Circuit.TurnEmit.mintA_extract	Dregg2.Circuit.TurnEmit	Dregg2/Circuit/TurnEmit.lean	632	fvar
SHAPE	Dregg2.Circuit.Inst.SpawnA.capsComp	Dregg2.Circuit.Inst.spawnA	Dregg2/Circuit/Inst/spawnA.lean	105	fvar
SHAPE	Dregg2.Circuit.BornEmptyCommit.bornEmptyAuthorityComponent	Dregg2.Circuit.BornEmptyCommit	Dregg2/Circuit/BornEmptyCommit.lean	155	fvar
SHAPE	Market.DarkBazaarAttestation.OrderCommitmentCarrier.mk	Market.DarkBazaarAttestation	Market/DarkBazaarAttestation.lean	61	fvar
SHAPE	Dregg2.Circuit.Argus.Effects.CellUnseal.cellUnsealCircuit	Dregg2.Circuit.Argus.Effects.CellUnseal	Dregg2/Circuit/Argus/Effects/CellUnseal.lean	211	fvar
SHAPE	Dregg2.Circuit.MapOpWideKeyGate.LaneEnc.mk.noConfusion	Dregg2.Circuit.MapOpWideKeyGate	Dregg2/Circuit/MapOpWideKeyGate.lean	133	fvar
SHAPE	Dregg2.Circuit.MapOpWideKeyGate.LaneEnc.mk.noConfusion	Dregg2.Circuit.MapOpWideKeyGate	Dregg2/Circuit/MapOpWideKeyGate.lean	133	fvar
SHAPE	Dregg2.Circuit.EffectEmittedRefinement.introduceAEmittedStep	Dregg2.Circuit.EffectEmittedRefinement	Dregg2/Circuit/EffectEmittedRefinement.lean	758	fvar
SHAPE	Dregg2.Circuit.Inst.RevokeDelegationA.revokeGuardDecodes	Dregg2.Circuit.Inst.revokeDelegationA	Dregg2/Circuit/Inst/revokeDelegationA.lean	162	fvar
SHAPE	Dregg2.Circuit.EffectCommit2.funcComponent	Dregg2.Circuit.EffectCommit2	Dregg2/Circuit/EffectCommit2.lean	146	fvar
SHAPE	Dregg2.Circuit.Inst.BridgeMintA.bridgeMintE	Dregg2.Circuit.Inst.bridgeMintA	Dregg2/Circuit/Inst/bridgeMintA.lean	96	fvar
SHAPE	Dregg2.Circuit.EffectEmittedRefinement.receiptArchiveLifecycleAEmittedStep	Dregg2.Circuit.EffectEmittedRefinement	Dregg2/Circuit/EffectEmittedRefinement.lean	932	fvar
SHAPE	Dregg2.Circuit.EffectEmittedRefinement.delegate_emitted_equiv_circuit	Dregg2.Circuit.EffectEmittedRefinement	Dregg2/Circuit/EffectEmittedRefinement.lean	407	fvar
SHAPE	Dregg2.Circuit.EffectEmittedRefinement.cellDestroyAEmittedStep	Dregg2.Circuit.EffectEmittedRefinement	Dregg2/Circuit/EffectEmittedRefinement.lean	990	fvar
SHAPE	Dregg2.Circuit.EffectEmittedRefinement.cellDestroyAEmittedStep	Dregg2.Circuit.EffectEmittedRefinement	Dregg2/Circuit/EffectEmittedRefinement.lean	990	fvar
SHAPE	Dregg2.Cell.InterfaceIdWidth.stepOf_inj	Dregg2.Cell.InterfaceIdWidth	Dregg2/Cell/InterfaceIdWidth.lean	90	fvar
SHAPE	Dregg2.Circuit.WitnessExtractPerEffect.bridgeMintA_extract	Dregg2.Circuit.WitnessExtractPerEffect	Dregg2/Circuit/WitnessExtractPerEffect.lean	514	fvar
SHAPE	Dregg2.Circuit.EffectRefinementBatch2.cellUnsealCircuitStep.congr_simp	Dregg2.Circuit.TurnEffectRefinement	Dregg2/Circuit/TurnEffectRefinement.lean	0	fvar
SHAPE	Dregg2.Circuit.Poseidon2Surface.p2Code_injective	Dregg2.Circuit.Poseidon2Surface	Dregg2/Circuit/Poseidon2Surface.lean	110	fvar
SHAPE	Market.DarkBazaarAttestation.OrderToCertFCompiler.mk	Market.DarkBazaarAttestation	Market/DarkBazaarAttestation.lean	185	fvar
SHAPE	Dregg2.Cell.InterfaceIdWidth.wide_separates	Dregg2.Cell.InterfaceIdWidth	Dregg2/Cell/InterfaceIdWidth.lean	222	fvar
SHAPE	Dregg2.Circuit.LogHashPortedCone.BalanceA.balanceA_full_sound_of_noColl	Dregg2.Tools.ConePortLogHashRun	Dregg2/Tools/ConePortLogHashRun.lean	0	fvar
SHAPE	Dregg2.Circuit.EffectRefinement.burnCircuitStep	Dregg2.Circuit.EffectRefinement	Dregg2/Circuit/EffectRefinement.lean	223	fvar
SHAPE	Dregg2.Circuit.EffectEmittedRefinement.cellDestroyA_emitted_equiv_circuit	Dregg2.Circuit.EffectEmittedRefinement	Dregg2/Circuit/EffectEmittedRefinement.lean	996	fvar
SHAPE	Dregg2.Circuit.EffectEmittedRefinement.cellDestroyA_emitted_equiv_circuit	Dregg2.Circuit.EffectEmittedRefinement	Dregg2/Circuit/EffectEmittedRefinement.lean	996	fvar
SHAPE	Dregg2.Verify.ExistsImageVacuity.property_transfers_of_injective	Dregg2.Verify.ExistsImageVacuity	Dregg2/Verify/ExistsImageVacuity.lean	228	fvar
SHAPE	Dregg2.Circuit.CorrelatedAgreement.bw_solution_eq_mul	Dregg2.Circuit.CorrelatedAgreement.BerlekampWelch	Dregg2/Circuit/CorrelatedAgreement/BerlekampWelch.lean	143	fvar
SHAPE	Dregg2.Circuit.EffectRefinementBatch2.refreshDelegationFullCircuitStep	Dregg2.Circuit.EffectRefinementBatch2	Dregg2/Circuit/EffectRefinementBatch2.lean	305	fvar
SHAPE	Dregg2.Circuit.Inst.Delegate.delegateGuardEncodes	Dregg2.Circuit.Inst.delegate	Dregg2/Circuit/Inst/delegate.lean	178	fvar
SHAPE	Dregg2.Circuit.Inst.RevokeDelegationA.apex_iff_revokeSpec	Dregg2.Circuit.Inst.revokeDelegationA	Dregg2/Circuit/Inst/revokeDelegationA.lean	199	fvar
SHAPE	Dregg2.Circuit.LogHashPortedCone.Delegate.delegate_full_sound_of_noColl	Dregg2.Tools.ConePortLogHashRun	Dregg2/Tools/ConePortLogHashRun.lean	0	fvar
SHAPE	Dregg2.Privacy.Metadata.payload_anonymity_card_ge	Dregg2.Privacy.Metadata	Dregg2/Privacy/Metadata.lean	213	fun
SHAPE	Dregg2.Crypto.CommitmentBinding.Blake3Commitment.mk.noConfusion	Dregg2.Crypto.CommitmentBinding	Dregg2/Crypto/CommitmentBinding.lean	236	fvar
SHAPE	Dregg2.Crypto.CommitmentBinding.Blake3Commitment.mk.noConfusion	Dregg2.Crypto.CommitmentBinding	Dregg2/Crypto/CommitmentBinding.lean	236	fvar
SHAPE	Dregg2.Circuit.Inst.Revoke.revokeGuardEncodes	Dregg2.Circuit.Inst.revoke	Dregg2/Circuit/Inst/revoke.lean	183	fvar
SHAPE	Dregg2.Circuit.EffectRefinement.balanceACircuitStep	Dregg2.Circuit.EffectRefinement	Dregg2/Circuit/EffectRefinement.lean	543	fvar
SHAPE	Dregg2.Circuit.WitnessExtractPerEffect.delegateAttenA_extract_emitted	Dregg2.Circuit.WitnessExtractPerEffect	Dregg2/Circuit/WitnessExtractPerEffect.lean	285	fvar
SHAPE	Dregg2.Crypto.FactoryBindingFloorRegrounded.factoryRom_class_inhabited_pos	Dregg2.Crypto.FactoryBindingFloorRegrounded	Dregg2/Crypto/FactoryBindingFloorRegrounded.lean	894	fvar
SHAPE	Dregg2.Circuit.Inst.ReceiptArchiveLifecycleA.archiveRestFrameDecodes	Dregg2.Circuit.Inst.receiptArchiveLifecycleA	Dregg2/Circuit/Inst/receiptArchiveLifecycleA.lean	133	fvar
SHAPE	Dregg2.Circuit.Inst.MintA.mintGuardDecodes	Dregg2.Circuit.Inst.mintA	Dregg2/Circuit/Inst/mintA.lean	133	fvar
SHAPE	Dregg2.Circuit.Inst.Transfer.apex_iff_balanceMovementSpec	Dregg2.Circuit.Inst.transfer	Dregg2/Circuit/Inst/transfer.lean	183	fvar
SHAPE	Dregg2.Circuit.WitnessExtractPerEffect.bridgeMintA_extract_emitted	Dregg2.Circuit.WitnessExtractPerEffect	Dregg2/Circuit/WitnessExtractPerEffect.lean	528	fvar
SHAPE	Dregg2.Circuit.EffectEmittedRefinement.delegateEmittedStep	Dregg2.Circuit.EffectEmittedRefinement	Dregg2/Circuit/EffectEmittedRefinement.lean	403	fvar
SHAPE	Dregg2.Circuit.EffectRefinementBatch2.delegateAttenCircuitStep	Dregg2.Circuit.EffectRefinementBatch2	Dregg2/Circuit/EffectRefinementBatch2.lean	233	fvar
SHAPE	Dregg2.Authority.CrossCellImport.importProvenance_tamper_evident	Dregg2.Authority.CrossCellImport	Dregg2/Authority/CrossCellImport.lean	177	fvar
SHAPE	Dregg2.Circuit.Inst.CellSealA.apex_iff_cellSealSpec	Dregg2.Circuit.Inst.cellSealA	Dregg2/Circuit/Inst/cellSealA.lean	125	fvar
SHAPE	Dregg2.Metatheory.FinitePolynomialFunctionLimits.FaithfulEncoding.mk.noConfusion	Dregg2.Metatheory.FinitePolynomialFunctionLimits	Dregg2/Metatheory/FinitePolynomialFunctionLimits.lean	97	fvar
SHAPE	Dregg2.Metatheory.FinitePolynomialFunctionLimits.FaithfulEncoding.mk.noConfusion	Dregg2.Metatheory.FinitePolynomialFunctionLimits	Dregg2/Metatheory/FinitePolynomialFunctionLimits.lean	97	fvar
SHAPE	Dregg2.Circuit.Inst.CellSealA.lifecycleComponent	Dregg2.Circuit.Inst.cellSealA	Dregg2/Circuit/Inst/cellSealA.lean	75	fvar
SHAPE	Dregg2.Circuit.EffectEmittedRefinement.refreshDelegationA_emitted_equiv_circuit	Dregg2.Circuit.EffectEmittedRefinement	Dregg2/Circuit/EffectEmittedRefinement.lean	1030	fvar
SHAPE	Dregg2.Circuit.EffectRefinementBatch2.receiptArchiveLifecycleCircuitStep	Dregg2.Circuit.EffectRefinementBatch2	Dregg2/Circuit/EffectRefinementBatch2.lean	194	fvar
SHAPE	Dregg2.Exec.PrivacyTheorems.stealth_distinct_statements	Dregg2.Exec.PrivacyTheorems	Dregg2/Exec/PrivacyTheorems.lean	217	fvar
SHAPE	Dregg2.Circuit.CorrelatedAgreement.curveUDParamAt_combined	Dregg2.Circuit.CorrelatedAgreement.Theorems	Dregg2/Circuit/CorrelatedAgreement/Theorems.lean	369	fvar
SHAPE	Dregg2.Circuit.FriDeepQuotientRlc.oodValues_correct_of_rlcDistributes	Dregg2.Circuit.FriDeepQuotientRlc	Dregg2/Circuit/FriDeepQuotientRlc.lean	608	fvar
SHAPE	Dregg2.Crypto.GraphRewriteHistory.linked_has_cert	Dregg2.Crypto.GraphRewriteHistory	Dregg2/Crypto/GraphRewriteHistory.lean	239	fvar
SHAPE	Dregg2.Circuit.EffectRefinement.mintRestFrameEncodes	Dregg2.Circuit.EffectRefinement	Dregg2/Circuit/EffectRefinement.lean	150	fvar
SHAPE	Dregg2.Circuit.Poseidon2Surface.p2DigestRomGame	Dregg2.Circuit.Poseidon2Surface	Dregg2/Circuit/Poseidon2Surface.lean	193	fvar
SHAPE	Dregg2.Circuit.Inst.CellDestroyA.lifecycleComponent	Dregg2.Circuit.Inst.cellDestroyA	Dregg2/Circuit/Inst/cellDestroyA.lean	78	fvar
SHAPE	Dregg2.Metatheory.FamilyPolynomialYonedaFrontier.BindingCommitment.mk.injEq	Dregg2.Metatheory.FamilyPolynomialYonedaFrontier	Dregg2/Metatheory/FamilyPolynomialYonedaFrontier.lean	0	fvar
SHAPE	Dregg2.Metatheory.FamilyPolynomialYonedaFrontier.BindingCommitment.mk.injEq	Dregg2.Metatheory.FamilyPolynomialYonedaFrontier	Dregg2/Metatheory/FamilyPolynomialYonedaFrontier.lean	0	fvar
SHAPE	Dregg2.Metatheory.FamilyPolynomialYonedaFrontier.BindingCommitment.mk.inj	Dregg2.Metatheory.FamilyPolynomialYonedaFrontier	Dregg2/Metatheory/FamilyPolynomialYonedaFrontier.lean	0	fvar
SHAPE	Dregg2.Metatheory.FamilyPolynomialYonedaFrontier.BindingCommitment.mk.inj	Dregg2.Metatheory.FamilyPolynomialYonedaFrontier	Dregg2/Metatheory/FamilyPolynomialYonedaFrontier.lean	0	fvar
SHAPE	Dregg2.Metatheory.FinitePolynomialFunctionLimits.FaithfulEncoding.mk.sizeOf_spec	Dregg2.Metatheory.FinitePolynomialFunctionLimits	Dregg2/Metatheory/FinitePolynomialFunctionLimits.lean	0	fvar
SHAPE	Dregg2.Circuit.Inst.BridgeMintA.bridgeMintRestFrameDecodes	Dregg2.Circuit.Inst.bridgeMintA	Dregg2/Circuit/Inst/bridgeMintA.lean	146	fvar
SHAPE	Dregg2.Circuit.CorrelatedAgreement.quotient_agrees_on_lines	Dregg2.Circuit.CorrelatedAgreement.Collinearity	Dregg2/Circuit/CorrelatedAgreement/Collinearity.lean	348	fvar
SHAPE	Dregg2.Circuit.WitnessExtractPerEffect.cellUnsealA_extract	Dregg2.Circuit.WitnessExtractPerEffect	Dregg2/Circuit/WitnessExtractPerEffect.lean	579	fvar
SHAPE	Dregg2.Circuit.Inst.HeapWriteA.cellComponent	Dregg2.Circuit.Inst.heapWriteA	Dregg2/Circuit/Inst/heapWriteA.lean	97	fvar
SHAPE	Dregg2.Circuit.EffectEmittedRefinement.cellUnsealAEmittedStep	Dregg2.Circuit.EffectEmittedRefinement	Dregg2/Circuit/EffectEmittedRefinement.lean	964	fvar
SHAPE	Dregg2.Circuit.WitnessExtractPerEffect.balanceA_extract	Dregg2.Circuit.WitnessExtractPerEffect	Dregg2/Circuit/WitnessExtractPerEffect.lean	112	fvar
SHAPE	Dregg2.Verify.ExistsImageVacuity.inImage_determines_witness_of_injective	Dregg2.Verify.ExistsImageVacuity	Dregg2/Verify/ExistsImageVacuity.lean	222	fvar
SHAPE	Dregg2.Circuit.FriDeployedRateInstance.friGeomR.eq_1	Dregg2.Circuit.FriDeployedRateInstance	Dregg2/Circuit/FriDeployedRateInstance.lean	0	fun
SHAPE	Dregg2.Circuit.EffectEmittedRefinement.delegateAttenA_emitted_equiv_circuit	Dregg2.Circuit.EffectEmittedRefinement	Dregg2/Circuit/EffectEmittedRefinement.lean	739	fvar
SHAPE	Dregg2.Circuit.BornEmptyCommit.bornEmptyCellMetaComponent	Dregg2.Circuit.BornEmptyCommit	Dregg2/Circuit/BornEmptyCommit.lean	165	fvar
SHAPE	Dregg2.Deos.Rehydration.replayedDeterministic_replays	Dregg2.Deos.Rehydration	Dregg2/Deos/Rehydration.lean	236	fvar
SHAPE	Dregg2.Circuit.WitnessExtractPerEffect.cellSealA_extract_rejects_wrong_lifecycle	Dregg2.Circuit.WitnessExtractPerEffect	Dregg2/Circuit/WitnessExtractPerEffect.lean	570	fvar
SHAPE	Dregg2.Circuit.EffectRefinementBatch2.refreshDelegationFullCircuitStep.congr_simp	Dregg2.Circuit.TurnEffectRefinement	Dregg2/Circuit/TurnEffectRefinement.lean	0	fvar
SHAPE	Dregg2.Circuit.Inst.Delegate.delegateGuardDecodes	Dregg2.Circuit.Inst.delegate	Dregg2/Circuit/Inst/delegate.lean	168	fvar
SHAPE	Dregg2.Circuit.CorrelatedAgreement.rs_unique_decoding	Dregg2.Circuit.CorrelatedAgreement.Scaffolding	Dregg2/Circuit/CorrelatedAgreement/Scaffolding.lean	188	fvar
SHAPE	Dregg2.Circuit.Inst.Delegate.capsComponent	Dregg2.Circuit.Inst.delegate	Dregg2/Circuit/Inst/delegate.lean	133	fvar
SHAPE	Dregg2.Circuit.WitnessExtractPerEffect.burnA_extract	Dregg2.Circuit.WitnessExtractPerEffect	Dregg2/Circuit/WitnessExtractPerEffect.lean	152	fvar
SHAPE	Dregg2.Circuit.Witness.IntroduceWitness.execute_produces_satisfying_witness	Dregg2.Circuit.Witness.IntroduceWitness	Dregg2/Circuit/Witness/IntroduceWitness.lean	51	fvar
SHAPE	Dregg2.Circuit.CorrelatedAgreement.snoc_injective_of_notMem	Dregg2.Circuit.CorrelatedAgreement.Interpolation	Dregg2/Circuit/CorrelatedAgreement/Interpolation.lean	137	fvar
SHAPE	Dregg2.Circuit.LogHashPortedCone.HeapWriteA.heapWriteA_full_sound_of_noColl	Dregg2.Tools.ConePortLogHashRun	Dregg2/Tools/ConePortLogHashRun.lean	0	fvar
SHAPE	Dregg2.Circuit.LogHashPortedCone.HeapWriteA.heapWriteA_full_sound_of_noColl	Dregg2.Tools.ConePortLogHashRun	Dregg2/Tools/ConePortLogHashRun.lean	0	fvar
SHAPE	Dregg2.Circuit.EffectRefinementBatch2.attenuateCircuitStep	Dregg2.Circuit.EffectRefinementBatch2	Dregg2/Circuit/EffectRefinementBatch2.lean	244	fvar
SHAPE	Dregg2.Circuit.NearDecodesWitness.decoded_eq_interpolant	Dregg2.Circuit.NearDecodesWitness	Dregg2/Circuit/NearDecodesWitness.lean	110	fvar
SHAPE	Dregg2.Crypto.CommitmentBinding.Blake3Commitment.mk	Dregg2.Crypto.CommitmentBinding	Dregg2/Crypto/CommitmentBinding.lean	236	fvar
SHAPE	Dregg2.Circuit.Poseidon2KeyedBridge.domainSeparatedCR_of_injective_sponge	Dregg2.Circuit.Poseidon2KeyedBridge	Dregg2/Circuit/Poseidon2KeyedBridge.lean	188	Dregg2.Circuit.Poseidon2KeyedBridge.DomainSeparatedSponge.sponge
SHAPE	Dregg2.Circuit.SpongeForgeReduction.codeRom_nonNegl_forger_excluded	Dregg2.Circuit.SpongeForgeReduction	Dregg2/Circuit/SpongeForgeReduction.lean	489	fvar
SHAPE	Market.DarkBazaarAttestation.OrderCommitmentCarrier.mk.sizeOf_spec	Market.DarkBazaarAttestation	Market/DarkBazaarAttestation.lean	0	fvar
SHAPE	Dregg2.Circuit.WitnessExtractPerEffect.transfer_extract_emitted	Dregg2.Circuit.WitnessExtractPerEffect	Dregg2/Circuit/WitnessExtractPerEffect.lean	85	fvar
SHAPE	Dregg2.Circuit.Inst.ReceiptArchiveLifecycleA.apex_iff_ReceiptArchiveLifecycleSpec	Dregg2.Circuit.Inst.receiptArchiveLifecycleA	Dregg2/Circuit/Inst/receiptArchiveLifecycleA.lean	137	fvar
SHAPE	Dregg2.Crypto.MlKemIndCca.ml_kem_secret_unpredictable	Dregg2.Crypto.MlKemIndCca	Dregg2/Crypto/MlKemIndCca.lean	292	fvar
SHAPE	Dregg2.Circuit.EffectRefinement.mint_emitted_equiv_circuit	Dregg2.Circuit.EffectRefinement	Dregg2/Circuit/EffectRefinement.lean	194	fvar
SHAPE	Dregg2.Circuit.Inst.BurnA.burnGuardDecodes	Dregg2.Circuit.Inst.burnA	Dregg2/Circuit/Inst/burnA.lean	134	fvar
SHAPE	Dregg2.Circuit.EffectEmittedRefinement.attenuateAEmittedStep	Dregg2.Circuit.EffectEmittedRefinement	Dregg2/Circuit/EffectEmittedRefinement.lean	639	fvar
SHAPE	Dregg2.Circuit.CorrelatedAgreement.bw_bivariate_solution_of_closeN	Dregg2.Circuit.CorrelatedAgreement.Interpolation	Dregg2/Circuit/CorrelatedAgreement/Interpolation.lean	419	fvar
SHAPE	Dregg2.Circuit.FriDeployedRateInstance.friGeomR	Dregg2.Circuit.FriDeployedRateInstance	Dregg2/Circuit/FriDeployedRateInstance.lean	277	fun
SHAPE	Dregg2.Circuit.CorrelatedAgreement.interleavedClose_of_classical_regime	Dregg2.Circuit.CorrelatedAgreement.Theorems	Dregg2/Circuit/CorrelatedAgreement/Theorems.lean	170	fvar
SHAPE	Dregg2.Circuit.Inst.Delegate.delegateRestFrameDecodes	Dregg2.Circuit.Inst.delegate	Dregg2/Circuit/Inst/delegate.lean	189	fvar
SHAPE	Dregg2.Circuit.Inst.IntroduceA.introduceRestFrameDecodes	Dregg2.Circuit.Inst.introduceA	Dregg2/Circuit/Inst/introduceA.lean	194	fvar
SHAPE	Dregg2.Circuit.Inst.Transfer.balanceE	Dregg2.Circuit.Inst.transfer	Dregg2/Circuit/Inst/transfer.lean	121	fvar
SHAPE	Dregg2.Circuit.LogHashPortedCone.EffectInstances2.mintE_full_sound_of_noColl	Dregg2.Tools.ConePortLogHashRun	Dregg2/Tools/ConePortLogHashRun.lean	0	fvar
SHAPE	Dregg2.Circuit.RsUniqueDecoding.unique_nearest_codeword_babyBear	Dregg2.Circuit.RsUniqueDecoding	Dregg2/Circuit/RsUniqueDecoding.lean	146	fvar
SHAPE	Market.DarkBazaarAttestation.OrderToCertFCompiler.mk.injEq	Market.DarkBazaarAttestation	Market/DarkBazaarAttestation.lean	0	fvar
SHAPE	Market.DarkBazaarAttestation.OrderToCertFCompiler.mk.injEq	Market.DarkBazaarAttestation	Market/DarkBazaarAttestation.lean	0	fvar
SHAPE	Dregg2.Circuit.WitnessExtractPerEffect.delegate_extract_emitted	Dregg2.Circuit.WitnessExtractPerEffect	Dregg2/Circuit/WitnessExtractPerEffect.lean	247	fvar
SHAPE	Dregg2.Spec.committed_iff_cleartext	Dregg2.Spec.Conservation	Dregg2/Spec/Conservation.lean	328	DFunLike.coe
SHAPE	Dregg2.Circuit.WitnessExtractPerEffect.revokeDelegationA_extract_emitted	Dregg2.Circuit.WitnessExtractPerEffect	Dregg2/Circuit/WitnessExtractPerEffect.lean	399	fvar
SHAPE	Dregg2.Circuit.EffectInstances2.mintRestFrameDecodes	Dregg2.Circuit.EffectInstances2	Dregg2/Circuit/EffectInstances2.lean	157	fvar
SHAPE	Dregg2.Circuit.LogHashPortedCone.MintA.mintA_full_sound_of_noColl	Dregg2.Tools.ConePortLogHashRun	Dregg2/Tools/ConePortLogHashRun.lean	0	fvar
SHAPE	Dregg2.Circuit.CorrelatedAgreement.rs_ball_subsingleton	Dregg2.Circuit.CorrelatedAgreement.Scaffolding	Dregg2/Circuit/CorrelatedAgreement/Scaffolding.lean	202	fvar
SHAPE	Dregg2.Circuit.Witness.DelegateAttenWitness.execute_produces_satisfying_witness	Dregg2.Circuit.Witness.DelegateAttenWitness	Dregg2/Circuit/Witness/DelegateAttenWitness.lean	53	fvar
SHAPE	Dregg2.Circuit.Inst.AttenuateA.attenuateGuardEncodes	Dregg2.Circuit.Inst.attenuateA	Dregg2/Circuit/Inst/attenuateA.lean	178	fvar
SHAPE	Dregg2.Circuit.Witness.RevokeDelegationWitness.execute_produces_satisfying_witness	Dregg2.Circuit.Witness.RevokeDelegationWitness	Dregg2/Circuit/Witness/RevokeDelegationWitness.lean	64	fvar
SHAPE	Dregg2.Circuit.Poseidon2Surface.p2RomCarrier	Dregg2.Circuit.Poseidon2Surface	Dregg2/Circuit/Poseidon2Surface.lean	183	fvar
SHAPE	Dregg2.Circuit.WitnessExtractPerEffect.delegate_extract	Dregg2.Circuit.WitnessExtractPerEffect	Dregg2/Circuit/WitnessExtractPerEffect.lean	233	fvar
SHAPE	Dregg2.Circuit.Argus.Effects.CellDestroy.cellDestroyE_components_are_full_functions	Dregg2.Circuit.Argus.Effects.CellDestroy	Dregg2/Circuit/Argus/Effects/CellDestroy.lean	402	fvar
SHAPE	Dregg2.Circuit.Argus.Effects.CellDestroy.cellDestroyE_components_are_full_functions	Dregg2.Circuit.Argus.Effects.CellDestroy	Dregg2/Circuit/Argus/Effects/CellDestroy.lean	402	fvar
SHAPE	Dregg2.Circuit.EffectEmittedRefinement.revokeDelegationA_emitted_equiv_circuit	Dregg2.Circuit.EffectEmittedRefinement	Dregg2/Circuit/EffectEmittedRefinement.lean	784	fvar
SHAPE	Dregg2.Circuit.EffectInstances2.mintGuardDecodes	Dregg2.Circuit.EffectInstances2	Dregg2/Circuit/EffectInstances2.lean	136	fvar
SHAPE	Dregg2.Circuit.Inst.CreateCellA.balComp	Dregg2.Circuit.Inst.createCellA	Dregg2/Circuit/Inst/createCellA.lean	99	fvar
SHAPE	Dregg2.Circuit.Inst.AttenuateA.attenuateRestFrameDecodes	Dregg2.Circuit.Inst.attenuateA	Dregg2/Circuit/Inst/attenuateA.lean	189	fvar
SHAPE	Dregg2.Circuit.EffectRefinementBatch2.cellSealCircuitStep.congr_simp	Dregg2.Circuit.TurnEffectRefinement	Dregg2/Circuit/TurnEffectRefinement.lean	0	fvar
SHAPE	Dregg2.Circuit.RsUniqueDecoding.unique_nearest_codeword	Dregg2.Circuit.RsUniqueDecoding	Dregg2/Circuit/RsUniqueDecoding.lean	94	fvar
SHAPE	Dregg2.Circuit.Inst.BurnA.burnGuardEncodes	Dregg2.Circuit.Inst.burnA	Dregg2/Circuit/Inst/burnA.lean	144	fvar
SHAPE	Dregg2.Deos.AnchoredQuote.anchored_quote_unforgeable	Dregg2.Deos.AnchoredQuote	Dregg2/Deos/AnchoredQuote.lean	120	fvar
SHAPE	Dregg2.Crypto.HashRandRefinement.hashrand_bias_breaks_hashcr	Dregg2.Crypto.HashRandRefinement	Dregg2/Crypto/HashRandRefinement.lean	198	Dregg2.Crypto.HashRandRefinement.HashRand.frameOutput
SHAPE	Dregg2.Circuit.Inst.IntroduceA.introduceGuardEncodes	Dregg2.Circuit.Inst.introduceA	Dregg2/Circuit/Inst/introduceA.lean	183	fvar
SHAPE	Dregg2.Circuit.Inst.Transfer.balanceGuardDecodes	Dregg2.Circuit.Inst.transfer	Dregg2/Circuit/Inst/transfer.lean	146	fvar
SHAPE	Dregg2.Circuit.Argus.Effects.CellSeal.cellSealCircuit	Dregg2.Circuit.Argus.Effects.CellSeal	Dregg2/Circuit/Argus/Effects/CellSeal.lean	197	fvar
SHAPE	Dregg2.Crypto.HermineHiding.signature_hides_secret	Dregg2.Crypto.HermineHiding	Dregg2/Crypto/HermineHiding.lean	174	fvar
SHAPE	Dregg2.Circuit.Inst.Delegate.delegateE	Dregg2.Circuit.Inst.delegate	Dregg2/Circuit/Inst/delegate.lean	143	fvar
SHAPE	Dregg2.Circuit.ShieldedValueLinkPin.verify_value_link_forces_link	Dregg2.Circuit.ShieldedValueLinkPin	Dregg2/Circuit/ShieldedValueLinkPin.lean	254	fvar
SHAPE	Dregg2.Crypto.DfaEncodingWeld.weld_matches_encV	Dregg2.Crypto.DfaEncodingWeld	Dregg2/Crypto/DfaEncodingWeld.lean	211	fvar
SHAPE	Dregg2.Circuit.Poseidon2Surface.refP2_digest_binds	Dregg2.Circuit.Poseidon2Surface	Dregg2/Circuit/Poseidon2Surface.lean	403	fvar
SHAPE	Dregg2.Circuit.SpongeForgeReduction.codeForge_binds_rom	Dregg2.Circuit.SpongeForgeReduction	Dregg2/Circuit/SpongeForgeReduction.lean	475	fvar
SHAPE	Dregg2.Circuit.Inst.CellDestroyA.cellDestroyGuardDecodes	Dregg2.Circuit.Inst.cellDestroyA	Dregg2/Circuit/Inst/cellDestroyA.lean	112	fvar
SHAPE	Dregg2.Circuit.Inst.CellDestroyA.cellDestroyGuardDecodes	Dregg2.Circuit.Inst.cellDestroyA	Dregg2/Circuit/Inst/cellDestroyA.lean	112	fvar
SHAPE	Dregg2.Circuit.CommitDifferential.coll4_refutable_of_injective	Dregg2.Circuit.CommitDifferential	Dregg2/Circuit/CommitDifferential.lean	219	Dregg2.Circuit.CommitDifferential.h4q
SHAPE	Dregg2.Circuit.NearDecodesWitness.near_decodes_of_interpolant_lowDegree	Dregg2.Circuit.NearDecodesWitness	Dregg2/Circuit/NearDecodesWitness.lean	135	fvar
SHAPE	Dregg2.Circuit.Inst.DelegateAttenA.delAttenRestFrameDecodes	Dregg2.Circuit.Inst.delegateAttenA	Dregg2/Circuit/Inst/delegateAttenA.lean	194	fvar
SHAPE	Dregg2.Circuit.WitnessExtractPerEffect.delegateAttenA_extract_rejects_wrong_caps	Dregg2.Circuit.WitnessExtractPerEffect	Dregg2/Circuit/WitnessExtractPerEffect.lean	300	fvar
SHAPE	Dregg2.Circuit.Witness.CellSealWitness.seal_execute_produces_satisfying_witness	Dregg2.Circuit.Witness.CellSealWitness	Dregg2/Circuit/Witness/CellSealWitness.lean	44	fvar
SHAPE	Dregg2.Substrate.Heap.map_leaf_injective	Dregg2.Substrate.Heap	Dregg2/Substrate/Heap.lean	499	fvar
SHAPE	Dregg2.Circuit.Inst.Revoke.apex_iff_revokeSpec	Dregg2.Circuit.Inst.revoke	Dregg2/Circuit/Inst/revoke.lean	209	fvar
SHAPE	Dregg2.Circuit.CorrelatedAgreement.bw_decodes	Dregg2.Circuit.CorrelatedAgreement.BerlekampWelch	Dregg2/Circuit/CorrelatedAgreement/BerlekampWelch.lean	241	fvar
SHAPE	Dregg2.Circuit.EffectRefinement.transferRestFrameEncodes	Dregg2.Circuit.EffectRefinement	Dregg2/Circuit/EffectRefinement.lean	492	fvar
SHAPE	Dregg2.Circuit.SpongeForgeReduction.codeForgeRomGame	Dregg2.Circuit.SpongeForgeReduction	Dregg2/Circuit/SpongeForgeReduction.lean	458	fvar
SHAPE	Dregg2.Circuit.Inst.CreateCellFromFactoryA.balComp	Dregg2.Circuit.Inst.createCellFromFactoryA	Dregg2/Circuit/Inst/createCellFromFactoryA.lean	142	fvar
SHAPE	Dregg2.Verify.KeystoneAuditConservation.committed_iff_cleartext_KS	Dregg2.Verify.KeystoneAuditConservation	Dregg2/Verify/KeystoneAuditConservation.lean	301	DFunLike.coe
SHAPE	Dregg2.Circuit.Inst.BalanceA.balanceAE	Dregg2.Circuit.Inst.balanceA	Dregg2/Circuit/Inst/balanceA.lean	112	fvar
SHAPE	Dregg2.Circuit.LogHashPortedCone.Revoke.revoke_full_sound_of_noColl	Dregg2.Tools.ConePortLogHashRun	Dregg2/Tools/ConePortLogHashRun.lean	0	fvar
SHAPE	Market.DarkBazaarAttestation.OrderCommitmentCarrier.mk.inj	Market.DarkBazaarAttestation	Market/DarkBazaarAttestation.lean	0	fvar
SHAPE	Market.DarkBazaarAttestation.OrderCommitmentCarrier.mk.inj	Market.DarkBazaarAttestation	Market/DarkBazaarAttestation.lean	0	fvar
SHAPE	Dregg2.Circuit.EffectEmittedRefinement.cellUnsealA_emitted_equiv_circuit	Dregg2.Circuit.EffectEmittedRefinement	Dregg2/Circuit/EffectEmittedRefinement.lean	969	fvar
SHAPE	Dregg2.Circuit.Inst.ReceiptArchiveLifecycleA.lifecycleComponent	Dregg2.Circuit.Inst.receiptArchiveLifecycleA	Dregg2/Circuit/Inst/receiptArchiveLifecycleA.lean	84	fvar
SHAPE	Dregg2.Circuit.Inst.CellDestroyA.deathCertComponent	Dregg2.Circuit.Inst.cellDestroyA	Dregg2/Circuit/Inst/cellDestroyA.lean	83	fvar
SHAPE	Dregg2.Circuit.BornEmptyCommit.spawnCreateLegComponent	Dregg2.Circuit.BornEmptyCommit	Dregg2/Circuit/BornEmptyCommit.lean	219	fvar
SHAPE	Dregg2.Crypto.FactoryBindingFloorRegrounded.factoryRomCarrier	Dregg2.Crypto.FactoryBindingFloorRegrounded	Dregg2/Crypto/FactoryBindingFloorRegrounded.lean	856	fvar
SHAPE	Dregg2.Crypto.GraphRewriteHistory.linked_reduces	Dregg2.Crypto.GraphRewriteHistory	Dregg2/Crypto/GraphRewriteHistory.lean	229	fvar
SHAPE	Dregg2.Circuit.Inst.CellSealA.cellSealGuardDecodes	Dregg2.Circuit.Inst.cellSealA	Dregg2/Circuit/Inst/cellSealA.lean	102	fvar
SHAPE	Dregg2.Metatheory.FinitePolynomialFunctionLimits.FaithfulEncoding.mk.inj	Dregg2.Metatheory.FinitePolynomialFunctionLimits	Dregg2/Metatheory/FinitePolynomialFunctionLimits.lean	0	fvar
SHAPE	Dregg2.Metatheory.FinitePolynomialFunctionLimits.FaithfulEncoding.mk.inj	Dregg2.Metatheory.FinitePolynomialFunctionLimits	Dregg2/Metatheory/FinitePolynomialFunctionLimits.lean	0	fvar
SHAPE	Dregg2.Circuit.MapPaddedDenotation.narrow_writesToMerkle_functional	Dregg2.Circuit.MapPaddedDenotation	Dregg2/Circuit/MapPaddedDenotation.lean	907	fvar
SHAPE	Dregg2.Circuit.EffectEmittedRefinement.cellSealAEmittedStep	Dregg2.Circuit.EffectEmittedRefinement	Dregg2/Circuit/EffectEmittedRefinement.lean	906	fvar
SHAPE	Dregg2.Circuit.EffectEmittedRefinement.revoke_emitted_equiv_circuit	Dregg2.Circuit.EffectEmittedRefinement	Dregg2/Circuit/EffectEmittedRefinement.lean	477	fvar
SHAPE	Dregg2.Circuit.MapKindImtGates.reconcileGates_insert_unsat_at_fresh_key	Dregg2.Circuit.MapKindImtGates	Dregg2/Circuit/MapKindImtGates.lean	783	fvar
SHAPE	Dregg2.Circuit.CorrelatedAgreement.card_agreeSet_lt	Dregg2.Circuit.CorrelatedAgreement.Scaffolding	Dregg2/Circuit/CorrelatedAgreement/Scaffolding.lean	136	fvar
SHAPE	Dregg2.Circuit.EffectEmittedRefinement.transferEmittedStep	Dregg2.Circuit.EffectEmittedRefinement	Dregg2/Circuit/EffectEmittedRefinement.lean	360	fvar
SHAPE	Dregg2.Circuit.EffectEmittedRefinement.burnEmittedStep	Dregg2.Circuit.EffectEmittedRefinement	Dregg2/Circuit/EffectEmittedRefinement.lean	258	fvar
MODULE	Dregg2.Tactics
MODULE	Dregg2.Core
MODULE	Dregg2.Resource
MODULE	Dregg2.Resource.TokenAutonomy
MODULE	Dregg2.Laws
MODULE	Dregg2.Exec.Value
MODULE	Dregg2.Authority.ClearanceGraph
MODULE	Dregg2.Exec.Program
MODULE	Dregg2.Authority.Positional
MODULE	Dregg2.Execution
MODULE	Dregg2.Exec.Kernel
MODULE	Dregg2.Exec.RecordKernel
MODULE	Dregg2.Spec.Guard
MODULE	Dregg2.Catalog
MODULE	Dregg2.Spec.Conservation
MODULE	Dregg2.CatalogInstances
MODULE	Dregg2.CatalogEffects
MODULE	Dregg2.Exec.TurnExecutor
MODULE	Dregg2.Exec.Caps
MODULE	Dregg2.Authority.Caveat
MODULE	Dregg2.Confluence
MODULE	Dregg2.Spec.Authority
MODULE	Metatheory.Dynamics.Substance
MODULE	Metatheory.Dynamics.VerbSignature
MODULE	Metatheory.Dynamics.Production
MODULE	Dregg2.Spec.ExecRefinement
MODULE	Dregg2.Exec.EffectsState
MODULE	Dregg2.Exec.RelationalCaveat
MODULE	Dregg2.CryptoKernel
MODULE	Dregg2.Authority.Predicate
MODULE	Dregg2.Authority.RelationalClosure
MODULE	Dregg2.Authority.AffineBridge
MODULE	Dregg2.Exec.StepComplete
MODULE	Dregg2.Boundary
MODULE	Dregg2.Exec.Cell
MODULE	Dregg2.Exec.Receipt
MODULE	Dregg2.Authority.CrossCellImport
MODULE	Dregg2.Authority.ImportBinding
MODULE	Dregg2.Apps.SubscriptionMetered
MODULE	Dregg2.Apps.GovernedParameters
MODULE	Dregg2.Spec.VatBoundary
MODULE	Dregg2.Await
MODULE	Dregg2.Authority.Discharge
MODULE	Dregg2.Spec.Await
MODULE	Dregg2.Exec.CapTP
MODULE	Dregg2.Exec.CapTPConcrete
MODULE	Dregg2.Firmament.CapGradation
MODULE	Dregg2.Firmament.SeL4Kernel
MODULE	Dregg2.Exec.AuthTurn
MODULE	Dregg2.Exec.Generators
MODULE	Dregg2.Crypto.Primitives
MODULE	Dregg2.Crypto.Merkle
MODULE	Dregg2.Exec.RecordCircuit
MODULE	Dregg2.Privacy
MODULE	Metatheory.ConstructiveKnowledge
MODULE	Metatheory.EpistemicDial
MODULE	Dregg2.Crypto.NonMembership
MODULE	Dregg2.Crypto.Lattice
MODULE	Dregg2.Crypto.HermineThreshold
MODULE	Dregg2.Crypto.HermineExtractor
MODULE	Dregg2.Crypto.HermineMSIS
MODULE	Dregg2.Crypto.HermineSelfTargetMSIS
MODULE	Dregg2.Crypto.Smudging
MODULE	Dregg2.Crypto.HermineHiding
MODULE	Dregg2.Crypto.HermineHintMLWE
MODULE	Dregg2.Circuit
MODULE	Dregg2.Circuit.Lookup
MODULE	Dregg2.Exec.CircuitEmit
MODULE	Dregg2.Circuit.Transfer
MODULE	Dregg2.Circuit.StateCommit
MODULE	Dregg2.Circuit.Poseidon2Binding
MODULE	Dregg2.Crypto.ConcreteSecurity
MODULE	Dregg2.Crypto.ShamirPrivacy
MODULE	Dregg2.Crypto.HermineTSUF
MODULE	Dregg2.Crypto.ProbCrypto
MODULE	Dregg2.Circuit.HashFloorHonesty
MODULE	Dregg2.Crypto.SchnorrCurveField
MODULE	Dregg2.Crypto.FloorGames
MODULE	Dregg2.Crypto.CostAdversary
MODULE	Dregg2.Crypto.CostNormAttr
MODULE	Dregg2.Crypto.CostTactics
MODULE	Dregg2.Crypto.SpongeCarrierReduction
MODULE	Dregg2.Crypto.RomCounting
MODULE	Dregg2.Crypto.RomOracle
MODULE	Dregg2.Crypto.RomQueryFloor
MODULE	Dregg2.Crypto.KeyedRomFloor
MODULE	Dregg2.Crypto.RomBindingReduction
MODULE	Dregg2.Tactics.ThreadAdvantageBound
MODULE	Dregg2.Crypto.HermineHashCRRegrounded
MODULE	Dregg2.Crypto.RomCarrierSites
MODULE	Dregg2.Substrate.Heap
MODULE	Dregg2.Substrate.HeapKernel
MODULE	Dregg2.Exec.TurnExecutorFull.Scalar
MODULE	Dregg2.Exec.TurnExecutorFull.PerAsset
MODULE	Dregg2.Exec.TurnExecutorFull
MODULE	Dregg2.Exec.EffectsAuthority
MODULE	Dregg2.Firmament.SeL4Abstract
MODULE	Dregg2.Firmament.NotifyAuthority
MODULE	Dregg2.Apps.ComputeMarketDesk
MODULE	Dregg2.Apps.RealAppsRound2
MODULE	Dregg2.Firmament.SeL4Composition
MODULE	Dregg2.Apps.AgentOrchestrationBudget
MODULE	Dregg2.Apps.EscrowDeskCouncil
MODULE	Dregg2.Apps.IntegratorWedge
MODULE	Dregg2.Confluence.CRDT
MODULE	Dregg2.StepCamera
MODULE	Dregg2.JointTurn
MODULE	Dregg2.Finality
MODULE	Dregg2.Coordination
MODULE	Dregg2.Projection
MODULE	Dregg2.Liveness
MODULE	Dregg2.Upgrade
MODULE	Dregg2.PrivacyKernel
MODULE	Dregg2.Privacy.Metadata
MODULE	Dregg2.Crypto.VerifierKernel
MODULE	Dregg2.Crypto.PredicateKernel
MODULE	Dregg2.Crypto.PortalFloor
MODULE	Dregg2.Crypto.Ed25519Reduction
MODULE	Dregg2.Crypto.TurnAuthSignature
MODULE	Dregg2.Crypto.DualSchemeAuthority
MODULE	Dregg2.Crypto.QuantumOracle
MODULE	Dregg2.Crypto.OneWayToHiding
MODULE	Dregg2.World
MODULE	Dregg2.Exec.Collections
MODULE	Dregg2.Exec.FullForest
MODULE	Dregg2.Exec.CellReal
MODULE	Dregg2.Exec.CellCarry
MODULE	Dregg2.Exec.CellConfine
MODULE	Dregg2.Exec.CellNullifier
MODULE	Dregg2.Exec.CellCommit
MODULE	Dregg2.Exec.Durability
MODULE	Dregg2.Exec.VatBoundary
MODULE	Dregg2.Exec.Unified
MODULE	Dregg2.Exec.AuthModes
MODULE	Dregg2.Exec.JointCell
MODULE	Dregg2.Exec.CrossCaveat
MODULE	Dregg2.Exec.NullifierCell
MODULE	Dregg2.Authority.Credential
MODULE	Dregg2.Authority.CaveatChain
MODULE	Dregg2.Authority.ThirdPartyDischarge
MODULE	Dregg2.Confluence.DriftStable
MODULE	Dregg2.Exec.FullForestAuth
MODULE	Dregg2.Exec.EffectTransfer
MODULE	Dregg2.Exec.Admission
MODULE	Dregg2.Exec.GatedForestCfg
MODULE	Dregg2.Exec.Handler
MODULE	Dregg2.Exec.Handlers.StateSupply
MODULE	Dregg2.Exec.Handlers.Escrow
MODULE	Dregg2.Exec.Handlers.Authority
MODULE	Dregg2.Exec.Handlers.Bridge
MODULE	Dregg2.Exec.Handlers.Exercise
MODULE	Dregg2.Exec.Handlers.Lifecycle
MODULE	Dregg2.Exec.HandlerFloors
MODULE	Dregg2.Exec.HandlerExecutor
MODULE	Dregg2.Exec.TurnAdmission
MODULE	Dregg2.Exec.AdmissionWire
MODULE	Dregg2.Exec.AdmissionReason
MODULE	Dregg2.Exec.FFI.Narrow
MODULE	Dregg2.Exec.FFI
MODULE	Dregg2.Exec.DeployedConstraint
MODULE	Dregg2.Exec.CustomAppWrite
MODULE	Dregg2.Exec.CodecRoundtrip.Leaves
MODULE	Dregg2.Exec.CodecRoundtrip.Value
MODULE	Dregg2.Exec.CodecRoundtrip.Auth
MODULE	Dregg2.Exec.CodecRoundtrip.SideTables
MODULE	Dregg2.Exec.CodecRoundtrip.Action
MODULE	Dregg2.Exec.CodecRoundtrip.Forest
MODULE	Dregg2.Exec.CodecRoundtrip.Wire
MODULE	Dregg2.Exec.CodecRoundtrip
MODULE	Dregg2.Exec.FFI.Refine
MODULE	Dregg2.Exec.CellProgram
MODULE	Dregg2.Spec.ExecRefinementFull
MODULE	Dregg2.Proof.LTS
MODULE	Dregg2.Proof.CrossCellLTS
MODULE	Dregg2.Hyperedge
MODULE	Dregg2.Proof.ForestLTS
MODULE	Dregg2.Exec.ConditionalTurn
MODULE	Dregg2.Proof.Refine
MODULE	Dregg2.Protocol.Transfer
MODULE	Dregg2.Protocol.Workflow
MODULE	Dregg2.Authority.CDT
MODULE	Dregg2.Authority.BiscuitGraph
MODULE	Dregg2.Authority.Intent
MODULE	Dregg2.Exec.MultiAsset
MODULE	Dregg2.Exec.RecordCell
MODULE	Dregg2.Exec.CellFinality
MODULE	Dregg2.Exec.CellPrivacy
MODULE	Dregg2.Exec.CellUpgrade
MODULE	Dregg2.Exec.CellLiveness
MODULE	Dregg2.Exec.Factory
MODULE	Dregg2.Authority.VerificationKey
MODULE	Dregg2.Exec.CapInbox
MODULE	Dregg2.Exec.PubSubTopic
MODULE	Dregg2.Exec.BlindedQueue
MODULE	Dregg2.Exec.RelayOperator
MODULE	Dregg2.Exec.CustodyReceipt
MODULE	Dregg2.Exec.Effect
MODULE	Dregg2.Distributed.Revocation
MODULE	Dregg2.Proof.BFT
MODULE	Dregg2.Authority.Blocklace
MODULE	Dregg2.Proof.CordialMiners
MODULE	Dregg2.Exec.ConsensusExec
MODULE	Dregg2.Distributed.HistoryAggregation
MODULE	Dregg2.Distributed.Fibration
MODULE	Dregg2.Exec.RecordCellLive
MODULE	Dregg2.Exec.CellRuntime
MODULE	Dregg2.Conserve
MODULE	Dregg2.Proof.BFTLiveness
MODULE	Dregg2.Proof.Synchronizer
MODULE	Dregg2.Proof.GST
MODULE	Dregg2.Proof.CordialMinersLiveness
MODULE	Dregg2.Exec.Consensus
MODULE	Dregg2.Spec.Lifecycle
MODULE	Dregg2.Spec.JointViaHyper
MODULE	Dregg2.Spec.Choreography
MODULE	Dregg2.Spec.Coherence
MODULE	Dregg2.Proof.WP
MODULE	Dregg2.Crypto.Temporal
MODULE	Dregg2.Crypto.RangeProof
MODULE	Dregg2.Crypto.Chain
MODULE	Dregg2.Crypto.Dfa
MODULE	Dregg2.Crypto.DfaAcceptanceAir
MODULE	Dregg2.Exec.PredAlgebra
MODULE	Dregg2.Crypto.Deriv.Core
MODULE	Dregg2.Crypto.Deriv.Correctness
MODULE	Dregg2.Crypto.Deriv.Similarity
MODULE	Dregg2.Crypto.Deriv.Determinize
MODULE	Dregg2.Crypto.Deriv.Combinatorics
MODULE	Dregg2.Crypto.Deriv.Permute
MODULE	Dregg2.Crypto.Deriv.TTerm
MODULE	Dregg2.Crypto.Deriv.SymbolicDerivative
MODULE	Dregg2.Crypto.Deriv.Pieces
MODULE	Dregg2.Crypto.Deriv.Finite
MODULE	Dregg2.Crypto.Deriv.Monotone
MODULE	Dregg2.Crypto.Deriv.Finiteness
MODULE	Dregg2.Crypto.Deriv.TableDfa
MODULE	Dregg2.Crypto.Deriv.Powerset
MODULE	Dregg2.Crypto.Deriv.Thompson
MODULE	Dregg2.DSL
MODULE	Dregg2.Proof.WPCatalog
MODULE	Dregg2.Paco.Basic
MODULE	Dregg2.Paco.UpTo.Rclo
MODULE	Dregg2.Paco.UpTo.Compat
MODULE	Dregg2.Paco.UpTo.Cpn
MODULE	Dregg2.Paco.UpTo.GPacoClo
MODULE	Dregg2.Paco.UpTo.WCompat
MODULE	Dregg2.Paco.UpTo.Closures
MODULE	Dregg2.Paco.UpTo.CompatProps
MODULE	Dregg2.Paco.Companion
MODULE	Dregg2.Paco.Compat
MODULE	Dregg2.Paco.GPaco
MODULE	Dregg2.Paco.UpTo.Compose
MODULE	Dregg2.Paco.UpTo.Respectful.Core
MODULE	Dregg2.Paco.UpTo.Respectful.Tagged
MODULE	Dregg2.Paco.UpTo.Respectful.WRespectful
MODULE	Dregg2.Paco.UpTo.Respectful.PRespectful
MODULE	Dregg2.Paco.UpTo.Respectful.GRespectful
MODULE	Dregg2.Paco.UpTo.Respectful
MODULE	Dregg2.Paco.UpTo
MODULE	Dregg2.Paco.Coind
MODULE	Dregg2.Paco.Simp
MODULE	Dregg2.Paco.Tactic
MODULE	Dregg2.Paco
MODULE	Dregg2.Proof.CoinductiveAdversary
MODULE	Dregg2.Proof.BeaconSpace
MODULE	Dregg2.Crypto.BlindedSet
MODULE	Dregg2.Crypto.Custom
MODULE	Dregg2.Distributed.EntangledJoint
MODULE	Dregg2.Crypto.GarbledJoint
MODULE	Dregg2.DSLChoreo
MODULE	Dregg2.Exec.DfaRouting
MODULE	Dregg2.Crypto.UCBridge
MODULE	Dregg2.Exec.CapTPGC
MODULE	Dregg2.Exec.CapTPGCConcrete
MODULE	Dregg2.Exec.TurnForest
MODULE	Dregg2.Proof.ContendedCrossCell
MODULE	Dregg2.Proof.ContendedForest
MODULE	Dregg2.Crypto.Bridge
MODULE	Dregg2.Crypto.Pedersen
MODULE	Dregg2.Crypto.Deco
MODULE	Dregg2.Crypto.Hypergraph
MODULE	Dregg2.Crypto.Cfg
MODULE	Dregg2.Crypto.CfgCompact
MODULE	Dregg2.Crypto.DecoUnforgeable
MODULE	Dregg2.Crypto.ZkOracle
MODULE	Dregg2.Crypto.Handlebars
MODULE	Dregg2.Crypto.HandlebarsWitness
MODULE	Dregg2.Crypto.HandlebarsCompose
MODULE	Dregg2.Crypto.Segmentation
MODULE	Dregg2.Crypto.HandlebarsUniqueness
MODULE	Dregg2.Crypto.HandlebarsFFI
MODULE	Dregg2.Crypto.HandlebarsGuarded
MODULE	Dregg2.Crypto.DfaAsCert
MODULE	Dregg2.Crypto.AbstractMachine
MODULE	Dregg2.Crypto.ReplayAsCert
MODULE	Dregg2.Crypto.VpaAsCert
MODULE	Dregg2.Crypto.VpaDecidable
MODULE	Dregg2.Crypto.CertFoldForward
MODULE	Dregg2.Crypto.GuardedSpans
MODULE	Dregg2.Crypto.Deriv.SatOracle
MODULE	Dregg2.Crypto.Deriv.SymbolicEmptiness
MODULE	Dregg2.Crypto.Deriv.StepBridge
MODULE	Dregg2.Crypto.Deriv.SymbolicEmptinessUnbounded
MODULE	Dregg2.Crypto.Deriv.SymbolicDecision
MODULE	Dregg2.Crypto.Deriv.SymbolicEquivalence
MODULE	Dregg2.Crypto.Deriv.SymbolicMinterms
MODULE	Dregg2.Crypto.Deriv.AciNormal
MODULE	Dregg2.Crypto.Deriv.AciComplete
MODULE	Dregg2.Crypto.Deriv.SymbolicFixpoint
MODULE	Dregg2.Crypto.Deriv.EquivalenceFixpoint
MODULE	Dregg2.Crypto.Deriv.SymbolicMintermsPlus
MODULE	Dregg2.Crypto.Deriv.SymbolicIntervals
MODULE	Dregg2.Crypto.Deriv.SymbolicDifference
MODULE	Dregg2.Crypto.Deriv.SymbolicAffine
MODULE	Dregg2.Crypto.Deriv.PredicateLibrary
MODULE	Dregg2.Crypto.Deriv.RealGuardAudit2
MODULE	Dregg2.Crypto.Deriv.RealGuardAudit
MODULE	Dregg2.Circuit.FriSoundness
MODULE	Dregg2.Circuit.BabyBearFriField
MODULE	Dregg2.Circuit.Emit.EffectVmEmit
MODULE	Dregg2.Crypto.SpongeReduction
MODULE	Dregg2.Crypto.CommitmentBinding
MODULE	Dregg2.Exec.FacetAuthority
MODULE	Dregg2.Circuit.Emit.EffectVmEmitCapRoot
MODULE	Dregg2.Circuit.Emit.EffectVmEmitCapReshape
MODULE	Dregg2.Circuit.CapMerkleGeneric
MODULE	Dregg2.Crypto.RomChainedReduction
MODULE	Dregg2.Crypto.RomMerkleOpening
MODULE	Dregg2.Crypto.RomHashedLeafOpening
MODULE	Dregg2.Circuit.DeployedCapTree
MODULE	Dregg2.Circuit.DeployedHeapTree
MODULE	Dregg2.Circuit.MapMerkleRoot
MODULE	Dregg2.Crypto.MemoryChecking
MODULE	Dregg2.Crypto.UniversalMemory
MODULE	Dregg2.Circuit.DescriptorIR2
MODULE	Dregg2.Circuit.Emit.EffectVmEmitTransfer
MODULE	Dregg2.Circuit.Argus.InterpCore
MODULE	Dregg2.Circuit.DecideSatisfied2
MODULE	Dregg2.Circuit.NarrowChip
MODULE	Dregg2.Circuit.ChipNarrowLookup
MODULE	Dregg2.Circuit.Emit.DyckStackEmit
MODULE	Dregg2.Circuit.Emit.DyckStackRefine
MODULE	Dregg2.Circuit.Emit.DyckStackReplay
MODULE	Dregg2.Games.Automatafl
MODULE	Dregg2.Circuit.Emit.AutomataflCommit
MODULE	Dregg2.Circuit.Emit.AutomataflStepEmit
MODULE	Dregg2.Circuit.Emit.AutomataflStepRefine
MODULE	Dregg2.Circuit.Emit.AutomataflResolveEmit
MODULE	Dregg2.Circuit.Emit.AutomataflResolveMembership
MODULE	Dregg2.Games.AutomataflRules
MODULE	Dregg2.Circuit.Emit.AutomataflOcclusionGeneric
MODULE	Dregg2.Circuit.Emit.AutomataflCoord
MODULE	Dregg2.Circuit.Emit.AutomataflCommitRefine
MODULE	Dregg2.Circuit.Emit.AutomataflResolveRefine
MODULE	Dregg2.Circuit.Emit.AutomataflOcclusionBridge
MODULE	Dregg2.Circuit.Emit.AutomataflMarks
MODULE	Dregg2.Circuit.Emit.AutomataflLegCEmit
MODULE	Dregg2.Circuit.Emit.AutomataflLegCGolden
MODULE	Dregg2.Circuit.Emit.AutomataflOcclusionBridgeN
MODULE	Dregg2.Circuit.Emit.AutomataflResolveCapstone
MODULE	Dregg2.Circuit.Emit.AutomataflLegCRefine
MODULE	Dregg2.Circuit.Emit.AutomataflRevealEmit
MODULE	Dregg2.Circuit.Emit.AutomataflRevealRefine
MODULE	Dregg2.Lightclient.HistoryIndex
MODULE	Dregg2.Circuit.RecursiveAggregation
MODULE	Dregg2.Lightclient.AttestedQuery
MODULE	Dregg2.Lightclient.MMR
MODULE	Dregg2.Circuit.RotationLayout
MODULE	Dregg2.Circuit.Emit.EffectVmEmitTransferSound
MODULE	Dregg2.Circuit.Spec.supplydestruction
MODULE	Dregg2.Circuit.ListCommit
MODULE	Dregg2.Exec.SystemRoots
MODULE	Dregg2.Circuit.Emit.EffectVmFullStateRunnable
MODULE	Dregg2.Circuit.Emit.EffectVmRowCommitReduction
MODULE	Dregg2.Circuit.Emit.EffectVmEmitBurn
MODULE	Dregg2.Circuit.Spec.supplycreation
MODULE	Dregg2.Circuit.Emit.EffectVmKeyedStateCommit
MODULE	Dregg2.Circuit.Emit.EffectVmEmitMint
MODULE	Dregg2.Circuit.Spec.notenullifier
MODULE	Dregg2.Circuit.Emit.EffectVmEmitNoteSpend
MODULE	Dregg2.Circuit.Spec.notecommitment
MODULE	Dregg2.Circuit.Emit.EffectVmEmitNoteCreate
MODULE	Dregg2.Circuit.Spec.celllifecycle
MODULE	Dregg2.Circuit.Emit.EffectVmEmitCellSeal
MODULE	Dregg2.Circuit.Emit.EffectVmEmitCellDestroy
MODULE	Dregg2.Circuit.Spec.cellstateaudit
MODULE	Dregg2.Circuit.Emit.EffectVmEmitRefusal
MODULE	Dregg2.Circuit.Spec.cellstatepermissions
MODULE	Dregg2.Circuit.Emit.EffectVmEmitSetPermissions
MODULE	Dregg2.Circuit.Spec.cellstatevk
MODULE	Dregg2.Circuit.Emit.EffectVmEmitSetVK
MODULE	Dregg2.Circuit.Spec.accountgrowth
MODULE	Dregg2.Circuit.Spec.authorityattenuation
MODULE	Dregg2.Circuit.Spec.authorityrevocation
MODULE	Dregg2.Circuit.Spec.authorityunattenuated
MODULE	Dregg2.Circuit.Spec.balancemovement
MODULE	Dregg2.Circuit.Spec.bridgeinboundmint
MODULE	Dregg2.Circuit.Spec.cellstatefield
MODULE	Dregg2.Circuit.Spec.cellstatelog
MODULE	Dregg2.Circuit.Spec.cellstatemonotone
MODULE	Dregg2.Circuit.Spec.cellstateprogram
MODULE	Dregg2.Circuit.Spec.factorycreation
MODULE	Dregg2.Circuit.Spec.queuepipelinedsend
MODULE	Dregg2.Circuit.Spec.heapwrite
MODULE	Dregg2.Circuit.Spec.refreshdelegation
MODULE	Dregg2.Circuit.Spec.sovereigncommitment
MODULE	Dregg2.Circuit.Spec.Turn
MODULE	Dregg2.Circuit.ActionDispatch
MODULE	Dregg2.Circuit.Emit.EffectVmEmitExercise
MODULE	Dregg2.Circuit.LogCommitRegrounded
MODULE	Dregg2.Circuit.EffectCommit
MODULE	Dregg2.Circuit.Inst.pipelinedSendA
MODULE	Dregg2.Circuit.Emit.EffectVmEmitPipelinedSend
MODULE	Dregg2.Circuit.KeyedCommit
MODULE	Dregg2.Circuit.EffectCommit2
MODULE	Dregg2.Circuit.Inst.refreshDelegationA
MODULE	Dregg2.Circuit.Inst.attenuateA
MODULE	Dregg2.Circuit.Emit.EffectVmEmitAttenuateA
MODULE	Dregg2.Crypto.EncodedBindingReduction
MODULE	Dregg2.Exec.SystemRootsBindingReduction
MODULE	Dregg2.Circuit.Emit.EffectVmEmitRefreshDelegation
MODULE	Dregg2.Circuit.Emit.EffectVmEmitIncrementNonce
MODULE	Dregg2.Circuit.Inst.revokeDelegationA
MODULE	Dregg2.Circuit.Emit.EffectVmEmitRevokeDelegation
MODULE	Dregg2.Circuit.Inst.introduceA
MODULE	Dregg2.Circuit.Emit.EffectVmEmitIntroduce
MODULE	Dregg2.Circuit.Emit.EffectVmEmitRevokeCapability
MODULE	Dregg2.Circuit.Emit.EffectVmEmitSetField
MODULE	Dregg2.Circuit.Emit.EffectVmEmitEmitEvent
MODULE	Dregg2.Circuit.Emit.EffectVmEmitV2
MODULE	Dregg2.Circuit.Emit.EffectVmEmitRotation
MODULE	Dregg2.Circuit.Emit.EffectVmEmitRotationR
MODULE	Dregg2.Circuit.Emit.EffectVmEmitRotationCaveat
MODULE	Dregg2.Circuit.Emit.RotatedLayout
MODULE	Dregg2.Circuit.Emit.EffectVmEmitEscrowRoot
MODULE	Dregg2.Circuit.Emit.EffectVmEmitMakeSovereign
MODULE	Dregg2.Circuit.Emit.EffectVmEmitCreateCell
MODULE	Dregg2.Circuit.Emit.EffectVmEmitCreateCellFromFactory
MODULE	Dregg2.Circuit.Emit.EffectVmEmitSpawn
MODULE	Dregg2.Circuit.Emit.EffectVmEmitReceiptArchive
MODULE	Dregg2.Circuit.Emit.EffectVmEmitCellUnseal
MODULE	Dregg2.Circuit.DeployedFieldsTree
MODULE	Dregg2.Circuit.Emit.EffectVmEmitRotationV3
MODULE	Dregg2.Circuit.Emit.AutomataflRevealJoin
MODULE	Dregg2.Circuit.Emit.AutomataflStepCoord
MODULE	Dregg2.Circuit.Emit.AutomataflStepCapstone
MODULE	Dregg2.Circuit.Emit.AutomataflStepBackend
MODULE	Dregg2.Circuit.Emit.AutomataflStepChoose
MODULE	Dregg2.Circuit.Emit.AutomataflStepStep
MODULE	Dregg2.Circuit.Emit.AutomataflResolveMovesCapstone
MODULE	Dregg2.Circuit.Emit.AutomataflTurnCapstone
MODULE	Dregg2.Circuit.Emit.AutomataflResolveMarksCapstone
MODULE	Dregg2.Circuit.Emit.AutomataflResolveMarksGolden
MODULE	Dregg2.Circuit.Emit.AutomataflStepMarksCapstone
MODULE	Dregg2.Circuit.Emit.AutomataflStepMarksGolden
MODULE	Dregg2.Crypto.HandlebarsGuardedWitness
MODULE	Dregg2.Crypto.HandlebarsGuardedUniqueness
MODULE	Dregg2.Crypto.HandlebarsGuardedParse
MODULE	Dregg2.Crypto.HandlebarsGuardedBound
MODULE	Dregg2.Crypto.HandlebarsGuardDecision
MODULE	Dregg2.Crypto.Deriv.RealGuardDecisionLift
MODULE	Dregg2.Crypto.HandlebarsGuardedCompose
MODULE	Dregg2.Crypto.DfaEncodingWeld
MODULE	Dregg2.Crypto.SlotConfinement
MODULE	Dregg2.Crypto.DecoUC
MODULE	Dregg2.Crypto.GraphRewrite
MODULE	Dregg2.Crypto.GraphRewriteHistory
MODULE	Dregg2.Crypto.PrivateGraphRewrite
MODULE	Dregg2.Crypto.PrivateGraphRewriteDescriptor
MODULE	Dregg2.Crypto.HierarchicalGraphCommitment
MODULE	Dregg2.Games.PrivateQuestGraphDescriptor
MODULE	Dregg2.Crypto.PrivateGraphRewriteCellDescriptor
MODULE	Dregg2.Protocol.WorkflowGuard
MODULE	Dregg2.Exec.IssuerMove
MODULE	Dregg2.Exec.ReachableConservation
MODULE	Dregg2.Exec.CrossCellForest
MODULE	Dregg2.Exec.FullForestAuthPortal
MODULE	Dregg2.Exec.CellExecutor
MODULE	Dregg2.Exec.SigningMessage
MODULE	Dregg2.Exec.HostCorrespondence
MODULE	Dregg2.Apps.OrbitalScreen
MODULE	Dregg2.Apps.WhoYields
MODULE	Dregg2.Apps.EpistemicSheaf
MODULE	Dregg2.Apps.SheafHyperedge
MODULE	Dregg2.Apps.ConservationBridge
MODULE	Dregg2.Apps.RightOfWay
MODULE	Dregg2.Apps.AgentOrchestration
MODULE	Dregg2.Apps.SwarmSignal
MODULE	Dregg2.Proof.Stingray
MODULE	Dregg2.Apps.StorageGatewayMandate.Core
MODULE	Dregg2.Proof.Noninterference
MODULE	Dregg2.Apps.StorageGatewayMandate
MODULE	Dregg2.Apps.CompartmentWorkflowMandate.Core
MODULE	Dregg2.Apps.CompartmentWorkflowMandate
MODULE	Dregg2.Apps.VerificationToolkit
MODULE	Dregg2.Apps.Compositor
MODULE	Dregg2.Firmament.NotifyOrgans
MODULE	Dregg2.Apps.NameserviceGated
MODULE	Dregg2.Apps.Identity
MODULE	Dregg2.Verify.Frames
MODULE	Dregg2.Verify.Tactics
MODULE	Dregg2.Proof.Temporal
MODULE	Dregg2.Apps.NameService
MODULE	Dregg2.Apps.Subscription
MODULE	Dregg2.Verify.Contract
MODULE	Dregg2.Proof.Fairness
MODULE	Dregg2.Verify.LivenessBridge
MODULE	Dregg2.Proof.CTL
MODULE	Dregg2.Proof.CTLLiveness
MODULE	Dregg2.Verify.LivenessContract
MODULE	Dregg2.Verify.Catalog
MODULE	Dregg2.Apps.IdentityGated
MODULE	Dregg2.Apps.AgentProvenanceGated
MODULE	Dregg2.Apps.SubscriptionGated
MODULE	Dregg2.Apps.HostingLease
MODULE	Dregg2.Exec.PrivacyTheorems
MODULE	Dregg2.Exec.ShieldedValue
MODULE	Dregg2.Shielded.ClaimRefinement
MODULE	Dregg2.Circuit.CaveatBignumCompare
MODULE	Dregg2.Bignum
MODULE	Dregg2.Shielded.WideNativePqCommitment
MODULE	Dregg2.Apps.GovernedNamespaceGated
MODULE	Dregg2.Apps.PrivacyVotingGated
MODULE	Dregg2.Apps.PrivacyVoting
MODULE	Dregg2.Verify.EscrowFactoryProbe
MODULE	Dregg2.Apps.EscrowFactory
MODULE	Dregg2.Apps.BountyBoardGated
MODULE	Dregg2.Apps.ComputeExchangeGated
MODULE	Dregg2.Apps.GalleryGated
MODULE	Dregg2.Apps.ShieldedPaymentGated
MODULE	Dregg2.Apps.Gallery
MODULE	Dregg2.Authority.TemporalAlgebra
MODULE	Dregg2.Apps.PreRotation
MODULE	Dregg2.Apps.GovernedNamespace
MODULE	Dregg2.Apps.CompartmentWorkflowMandateGated
MODULE	Dregg2.Exec.CoordinatedCaveat
MODULE	Dregg2.Exec.CrossVatCharter
MODULE	Dregg2.Exec.CoordinatedForestGate
MODULE	Dregg2.Exec.JointCharterBridge
MODULE	Dregg2.Exec.CoordinatedForestGLift
MODULE	Dregg2.Apps.CompartmentWorkflowMandate.CrossVatBridge
MODULE	Dregg2.Apps.StorageGatewayMandateGated
MODULE	Dregg2.Apps.DelegAdmit
MODULE	Dregg2.Apps.ToolAccessDelegation
MODULE	Dregg2.Apps.Trustline
MODULE	Dregg2.Apps.ChannelGroup
MODULE	Dregg2.Apps.CrossCellCovenantGated
MODULE	Dregg2.Apps.MultisigVote
MODULE	Dregg2.Intent.Resource
MODULE	Dregg2.Time.Causal
MODULE	Dregg2.Time.Frame
MODULE	Dregg2.Time.Deadline
MODULE	Dregg2.Intent.Core
MODULE	Dregg2.Intent.Match
MODULE	Dregg2.Intent.Kernel
MODULE	Dregg2.Apps.SealedBidAuction
MODULE	Dregg2.Exec.StateMigration
MODULE	Dregg2.Exec.CircuitEmitGadgets
MODULE	Dregg2.Circuit.Refinement
MODULE	Dregg2.Circuit.CommitmentTreeAccumulator
MODULE	Dregg2.Circuit.Poseidon2BabyBearW16
MODULE	Dregg2.Circuit.Emit.CommitmentTreeAppendEmit
MODULE	Dregg2.Circuit.CommitmentTreeWide
MODULE	Dregg2.Circuit.CommitmentTreeWideHistory
MODULE	Dregg2.Circuit.CommitmentTreeWideSpend
MODULE	Dregg2.Circuit.EffectCommit2Dual
MODULE	Dregg2.Circuit.AccountsCommit
MODULE	Dregg2.Circuit.BornEmptyCommit
MODULE	Dregg2.Circuit.EffectCommit3
MODULE	Dregg2.Circuit.EffectCommit4
MODULE	Dregg2.Circuit.EffectCommit5
MODULE	Dregg2.Circuit.Inst.createCellA
MODULE	Dregg2.Circuit.Inst.createCellFromFactoryA
MODULE	Dregg2.Circuit.Inst.spawnA
MODULE	Dregg2.Circuit.Inst.balanceA
MODULE	Dregg2.Circuit.EffectInstances2
MODULE	Dregg2.Circuit.Inst.bridgeMintA
MODULE	Dregg2.Circuit.Inst.burnA
MODULE	Dregg2.Circuit.Inst.delegate
MODULE	Dregg2.Circuit.Inst.delegateAttenA
MODULE	Dregg2.Circuit.Inst.mintA
MODULE	Dregg2.Circuit.Inst.transfer
MODULE	Dregg2.Circuit.Inst.noteSpendA
MODULE	Dregg2.Circuit.Inst.noteCreateA
MODULE	Dregg2.Circuit.Inst.revoke
MODULE	Dregg2.Circuit.Inst.revokeDelegationFullA
MODULE	Dregg2.Circuit.SetFieldCommit
MODULE	Dregg2.Circuit.EffectInstances
MODULE	Dregg2.Circuit.Spec.exercise
MODULE	Dregg2.Circuit.Inst.exerciseA
MODULE	Dregg2.Circuit.EffectRefinement
MODULE	Dregg2.Circuit.CoordinatedTurnRefinement
MODULE	Dregg2.Circuit.CoordinatedTurnEmit
MODULE	Dregg2.Circuit.Inst.cellDestroyA
MODULE	Dregg2.Circuit.Inst.cellSealA
MODULE	Dregg2.Circuit.Inst.cellUnsealA
MODULE	Dregg2.Circuit.Inst.emitEventA
MODULE	Dregg2.Circuit.Inst.heapWriteA
MODULE	Dregg2.Circuit.Inst.incrementNonceA
MODULE	Dregg2.Circuit.Inst.makeSovereignA
MODULE	Dregg2.Circuit.Inst.receiptArchiveA
MODULE	Dregg2.Circuit.Inst.refusalA
MODULE	Dregg2.Circuit.Inst.setPermissionsA
MODULE	Dregg2.Circuit.Inst.setVKA
MODULE	Dregg2.Circuit.GadgetRefinement
MODULE	Dregg2.Circuit.Poseidon2Emit
MODULE	Dregg2.Circuit.EffectEmitRegistry
MODULE	Dregg2.Circuit.Inst.setProgramA
MODULE	Dregg2.Circuit.Inst.receiptArchiveLifecycleA
MODULE	Dregg2.Circuit.EffectEmittedRefinement
MODULE	Dregg2.Circuit.DigestPortal
MODULE	Dregg2.Shielded.RealCrypto
MODULE	Dregg2.Authority.MacaroonDischarge
MODULE	Dregg2.Crypto.FactoryBindingFloorRegrounded
MODULE	Dregg2.Circuit.BundleCutoverCheck
MODULE	Dregg2.Circuit.CapHashBundleCutoverCheck
MODULE	Dregg2.Circuit.TurnRefinement
MODULE	Dregg2.Circuit.TurnWitness
MODULE	Dregg2.Circuit.EffectRefinementBatch2
MODULE	Dregg2.Circuit.TurnEffectRefinement
MODULE	Dregg2.Circuit.WitnessExtract
MODULE	Dregg2.Circuit.TurnEmit
MODULE	Dregg2.Circuit.TurnCircuitCompose
MODULE	Dregg2.Circuit.R1csFr
MODULE	Dregg2.Circuit.Poseidon2Fr
MODULE	Dregg2.Circuit.ChallengerFr
MODULE	Dregg2.Circuit.BabyBearFr
MODULE	Dregg2.Circuit.Emit.GnarkVerifier.EmitFaithful
MODULE	Dregg2.Circuit.Emit.GnarkVerifier.CanonicityToy
MODULE	Dregg2.Circuit.FriVerifier
MODULE	Dregg2.Circuit.BatchTablesSingleAir
MODULE	Dregg2.Circuit.Emit.GnarkVerifier.SegmentEmit
MODULE	Dregg2.Circuit.Emit.GnarkVerifier.QueryPowEmit
MODULE	Dregg2.Circuit.Emit.GnarkVerifier.BatchTableEmit
MODULE	Dregg2.Circuit.Emit.GnarkVerifier.MerkleEmit
MODULE	Dregg2.Circuit.Emit.GnarkVerifier.FriFoldEmit
MODULE	Dregg2.Circuit.Emit.GnarkVerifier.EmitVerifier
MODULE	Dregg2.Circuit.Emit.GnarkVerifier.EmitJson
MODULE	Dregg2.Circuit.Emit.GnarkVerifier.InputOpenEmit
MODULE	Dregg2.Circuit.Emit.GnarkVerifier.InputOpenBatchEmit
MODULE	Dregg2.Circuit.Emit.GnarkVerifier.Poseidon2Emit
MODULE	Dregg2.Circuit.Emit.GnarkVerifier.ChallengerReplayEmit
MODULE	Dregg2.Circuit.Emit.GnarkVerifier.SelectorEmit
MODULE	Dregg2.Circuit.TurnAdmission
MODULE	Dregg2.Circuit.CommitDifferential
MODULE	Dregg2.Circuit.RotatedCommitDifferential
MODULE	Dregg2.Circuit.WitnessExtractPerEffect
MODULE	Dregg2.Circuit.WitnessExtractV1
MODULE	Dregg2.Circuit.WitnessExtractV1PerEffect
MODULE	Dregg2.Circuit.WitnessExtractDual
MODULE	Dregg2.Circuit.WitnessExtract3
MODULE	Dregg2.Circuit.WitnessExtract5
MODULE	Dregg2.Circuit.Inst.ExerciseInnerTurn
MODULE	Dregg2.Circuit.WitnessExtractComposite
MODULE	Dregg2.Circuit.CircuitOpenFronts
MODULE	Dregg2.Exec.HandlerOpenFronts
MODULE	Dregg2.Circuit.Emit.EffectVmEmitHeapRoot
MODULE	Dregg2.Circuit.TransferWitness
MODULE	Dregg2.Circuit.TurnTransferWitness
MODULE	Dregg2.Circuit.Emit.EffectVmEmitNoteSpendCompose
MODULE	Dregg2.Circuit.OodCommitmentBinding
MODULE	Dregg2.Circuit.FloorRegroundedConsumers
MODULE	Dregg2.Circuit.Poseidon2KeyedBridge
MODULE	Dregg2.Circuit.DomainSeparatedCREffRegrounded
MODULE	Dregg2.Circuit.SpongeForgeReduction
MODULE	Dregg2.Circuit.Poseidon2Surface
MODULE	Dregg2.Circuit.Witness.DelegateWitness
MODULE	Dregg2.Circuit.Witness.CellSealWitness
MODULE	Dregg2.Circuit.Witness.CreateCellWitness
MODULE	Dregg2.Circuit.Witness.CreateCellFromFactoryWitness
MODULE	Dregg2.Circuit.Witness.Common
MODULE	Dregg2.Circuit.Witness.RefusalWitness
MODULE	Dregg2.Circuit.Witness.ReceiptArchiveWitness
MODULE	Dregg2.Circuit.Witness.RefreshDelegationWitness
MODULE	Dregg2.Circuit.Witness.MintWitness
MODULE	Dregg2.Circuit.Witness.NoteCreateWitness
MODULE	Dregg2.Circuit.Witness.NoteSpendWitness
MODULE	Dregg2.Circuit.Witness.PipelinedSendWitness
MODULE	Dregg2.Circuit.Witness.EmitEventWitness
MODULE	Dregg2.Circuit.Witness.IncrementNonceWitness
MODULE	Dregg2.Circuit.Witness.MakeSovereignWitness
MODULE	Dregg2.Circuit.Witness.ExerciseWitness
MODULE	Dregg2.Circuit.Witness.DelegateAttenWitness
MODULE	Dregg2.Circuit.Witness.IntroduceWitness
MODULE	Dregg2.Circuit.Witness.balanceAWitness
MODULE	Dregg2.Circuit.Witness.burnAWitness
MODULE	Dregg2.Circuit.Witness.bridgeMintAWitness
MODULE	Dregg2.Circuit.Witness.attenuateAWitness
MODULE	Dregg2.Circuit.Witness.cellDestroyAWitness
MODULE	Dregg2.Circuit.Witness.SetPermissionsWitness
MODULE	Dregg2.Circuit.Witness.SetVKWitness
MODULE	Dregg2.Circuit.Witness.SpawnWitness
MODULE	Dregg2.Circuit.Witness.RevokeDelegationWitness
MODULE	Dregg2.Circuit.Spec.SupplyAbstractBinding
MODULE	Dregg2.Circuit.Spec.TransferAbstractBinding
MODULE	Dregg2.Circuit.Spec.AbstractVerbAdapter
MODULE	Dregg2.Circuit.Spec.StateWriteAbstractBinding
MODULE	Dregg2.Circuit.Spec.CapFamilyAbstractBinding
MODULE	Dregg2.Circuit.Spec.LifecycleAbstractBinding
MODULE	Dregg2.Circuit.Spec.NoteGrowthAbstractBinding
MODULE	Dregg2.DSLEffect
MODULE	Dregg2.Exec.Gas
MODULE	Dregg2.Proof.BeaconSpaceInterior
MODULE	Dregg2.Exec.ProofForest
MODULE	Dregg2.Exec.TriDomain
MODULE	Dregg2.Spike.TransferAirSoundness
MODULE	Dregg2.Exec.EffectsPaired
MODULE	Dregg2.Exec.EffectsSupply
MODULE	Dregg2.Exec.UniversalBridge
MODULE	Dregg2.Exec.Continuation
MODULE	Dregg2.Exec.GuardedHole
MODULE	Dregg2.Intent.KernelBridge
MODULE	Dregg2.Intent.Ring
MODULE	Dregg2.Intent.RingFFI
MODULE	Dregg2.Exec.ConditionalTurnLift
MODULE	Dregg2.Spike.EffectVmConstraints
MODULE	Dregg2.Spike.EffectVmConstraints2
MODULE	Dregg2.Distributed.Consensus
MODULE	Dregg2.Distributed.BlocklaceFinality
MODULE	Dregg2.Distributed.StrandIntegrity
MODULE	Dregg2.Distributed.StrandAdmission
MODULE	Dregg2.Distributed.ConsensusTimeAck
MODULE	Dregg2.Distributed.FinalizationQuorum
MODULE	Dregg2.Crypto.HybridQuorum
MODULE	Dregg2.Distributed.HybridFinalizationQuorum
MODULE	Dregg2.Distributed.Economics
MODULE	Dregg2.Distributed.CellMigration
MODULE	Dregg2.Distributed.ThresholdDecrypt
MODULE	Dregg2.Crypto.BlsThreshold
MODULE	Dregg2.Crypto.LightClientUC
MODULE	Dregg2.Distributed.EpochReconfig
MODULE	Dregg2.Distributed.LaceMerge
MODULE	Dregg2.Distributed.CatchupConverges
MODULE	Dregg2.Distributed.CheckpointPrune
MODULE	Dregg2.Distributed.BlsQuorumCert
MODULE	Dregg2.Distributed.ThresholdAdmission
MODULE	Dregg2.Distributed.QuorumThreshold
MODULE	Dregg2.Distributed.DirectoryLaws
MODULE	Dregg2.Coord.CausalOrder
MODULE	Dregg2.Coord.TwoPhaseCommit
MODULE	Dregg2.Coord.SharedBudgetDynamics
MODULE	Dregg2.Coord.StingrayCertReconcile
MODULE	Dregg2.Exec.CapTPPipeline
MODULE	Dregg2.Exec.DistributedExports
MODULE	Dregg2.Proof.MuCalculus
MODULE	Dregg2.InfoFlow.Confinement
MODULE	Dregg2.Authority.CaveatCapBridge
MODULE	Dregg2.Circuit.Argus.Stmt
MODULE	Dregg2.Authority.TokenCapBridge
MODULE	Dregg2.Authority.SelectiveDisclosure
MODULE	Dregg2.Authority.DesignatedVerifier
MODULE	Dregg2.Intent.Centers
MODULE	Metatheory.EpistemicConsensus
MODULE	Dregg2.Metatheory.Lawvere
MODULE	Dregg2.AttestCube
MODULE	Metatheory.Disputation
MODULE	Metatheory.Categorical
MODULE	Metatheory.Open.FinalCoalgebra
MODULE	Metatheory.Open.AuthorityClosure
MODULE	Metatheory.Open.ConservationMultiEdge
MODULE	Metatheory.Open.CrossCellBisim
MODULE	Metatheory.Open.CurvatureScreen
MODULE	Metatheory.Open.PerfectUC
MODULE	Metatheory.Open.PerfectZK
MODULE	Dregg2.Metatheory.IndexedMonoidal
MODULE	Dregg2.Intent.Lifecycle
MODULE	Dregg2.Intent.SealedAuction
MODULE	Dregg2.Consistency
MODULE	Dregg2.HandlerTransformer
MODULE	Dregg2.Confluence.SemanticConvergence
MODULE	Dregg2.Verify.StripeAttest
MODULE	Dregg2.Verify.StripeReserve
MODULE	Dregg2.Verify.StripeBridge
MODULE	Dregg2.Verify.StripeBridgeV2
MODULE	Dregg2.Verify.StripeMoneyIn
MODULE	Dregg2.Verify.StripeKernelRefine
MODULE	Dregg2.Verify.Regression
MODULE	Dregg2.Verify.ChoreographyBridge
MODULE	Dregg2.Verify.JointRegression
MODULE	Dregg2.Verify.AppComposition
MODULE	Dregg2.Verify.DemoRegressGated
MODULE	Dregg2.Widget.Basic
MODULE	Dregg2.Widget.ProofBadgeGallery
MODULE	Dregg2.Widget.ConservationLedger
MODULE	Dregg2.Widget.CapabilityGraph
MODULE	Dregg2.Widget.DreggForest
MODULE	Dregg2.Widget.ContractView
MODULE	Dregg2.Widget.VerifiedTurn
MODULE	Dregg2.Spec.FunctionalRefinement
MODULE	Dregg2.Spec.CircuitSpecTriangle
MODULE	Dregg2.Circuit.GeneralizedBilinearAccumulation
MODULE	Dregg2.Circuit.Argus.Turn
MODULE	Dregg2.Circuit.Argus.Aggregate
MODULE	Dregg2.Distributed.FeeHistory
MODULE	Dregg2.Distributed.FinalizedLightClient
MODULE	Dregg2.Distributed.FinalityCertWidth
MODULE	Dregg2.Cell.InterfaceIdWidth
MODULE	Dregg2.Cell.CapUniquenessWidth
MODULE	Dregg2.Grain.R3Verify
MODULE	Dregg2.Spec.WholeTurnTriangle
MODULE	Dregg2.Exec.RelationalCaveatLive
MODULE	Dregg2.Exec.PredCaveatLive
MODULE	Dregg2.Authority.CaveatConvergence
MODULE	Dregg2.Authority.PrivatePredicate
MODULE	Dregg2.Authority.ArithmeticClosure
MODULE	Dregg2.Authority.QuantifiedPredicate
MODULE	Dregg2.Authority.CausalGuard
MODULE	Dregg2.Authority.ConfluenceClassifier
MODULE	Dregg2.Authority.CausalGuardKinds
MODULE	Dregg2.Apps.CommitRevealApp
MODULE	Dregg2.Apps.QueueFactory
MODULE	Dregg2.Apps.QueueRoot
MODULE	Dregg2.Apps.CapSlotFactory
MODULE	Dregg2.Apps.InboxFactory
MODULE	Dregg2.Apps.PubsubFactory
MODULE	Dregg2.Apps.ObligationFactory
MODULE	Dregg2.Substrate.IssuerSupplyProbe
MODULE	Dregg2.Apps.BridgeCell
MODULE	Dregg2.Verify.VaultFactoryProbe
MODULE	Dregg2.Apps.Vault
MODULE	Dregg2.Verify.AllowanceFactoryProbe
MODULE	Dregg2.Apps.Allowance
MODULE	Dregg2.Verify.ObligationFactoryProbe
MODULE	Dregg2.Apps.Obligation
MODULE	Dregg2.Apps.BountyBoardForever
MODULE	Dregg2.Substrate.VerbRegistry
MODULE	Dregg2.Circuit.ListCommitRegrounded
MODULE	Dregg2.Exec.FieldsMap
MODULE	Dregg2.Exec.RecordCommit
MODULE	Dregg2.Circuit.StateCommitLeafRegrounded
MODULE	Dregg2.Circuit.Emit.EffectVmWideCommitReduction
MODULE	Dregg2.Circuit.CommitmentCrossBind
MODULE	Dregg2.Verify.ReceiptContract
MODULE	Dregg2.Circuit.Argus.Nonce
MODULE	Dregg2.Circuit.Emit.EffectVmEmitTransferUnify
MODULE	Dregg2.Circuit.Argus.Compile
MODULE	Dregg2.Circuit.Argus.Receipt
MODULE	Dregg2.Circuit.Argus.Guard
MODULE	Dregg2.Circuit.Argus.Policy
MODULE	Dregg2.Circuit.Argus.Effects.NoteSpend
MODULE	Dregg2.Exec.ForestMemoryProgram
MODULE	Dregg2.AssuranceCase
MODULE	Dregg2.Verify.KeystoneLint
MODULE	Dregg2.Verify.KeystoneAuditNonAmp
MODULE	Dregg2.Verify.KeystoneAuditAuthModes
MODULE	Dregg2.Verify.KeystoneAuditIntegrity
MODULE	Dregg2.Verify.KeystoneAuditFreshness
MODULE	Dregg2.Verify.KeystoneAuditUnfoolability
MODULE	Dregg2.Verify.KeystoneAuditSupply
MODULE	Dregg2.Verify.KeystoneAuditConservation
MODULE	Dregg2.Verify.KeystoneAuditTransport
MODULE	Dregg2.Verify.KeystoneAuditRunnable
MODULE	Dregg2.Circuit.Satisfied2Faithful
MODULE	Dregg2.Circuit.FriTranscriptBind
MODULE	Dregg2.Circuit.FriChallengerUnified
MODULE	Dregg2.Circuit.ExtFieldChallenge
MODULE	Dregg2.Circuit.CircuitSoundness
MODULE	Dregg2.Circuit.RotatedKernelRefinement
MODULE	Dregg2.Circuit.DeployedCapOpen
MODULE	Dregg2.Deos.SealedEscrow
MODULE	Dregg2.Deos.ConstraintBinding
MODULE	Dregg2.Deos.CapacityCarrier
MODULE	Dregg2.Deos.CapacitySatisfaction
MODULE	Dregg2.Deos.SettleEscrowSatDescriptor
MODULE	Dregg2.Circuit.Emit.EffectVmEmitRotationWide
MODULE	Dregg2.Deos.SettleEscrowSatWideDescriptor
MODULE	Dregg2.Deos.InAirAuthorityDigestSelector
MODULE	Dregg2.Deos.InAirAuthorityDigestGadget
MODULE	Dregg2.Deos.CarrierBoundFloorGadget
MODULE	Dregg2.Deos.BareCohortFloorRefuse
MODULE	Dregg2.Deos.BareCohortFloorRefuseDeployed
MODULE	Dregg2.Circuit.Emit.EffectVmEmitRotationV3Refused
MODULE	Dregg2.Circuit.Emit.CapOpenEmit
MODULE	Dregg2.Circuit.RotatedKernelRefinementFacet
MODULE	Dregg2.Circuit.RotatedKernelRefinementExercise
MODULE	Dregg2.Circuit.Emit.HeapOpenEmit
MODULE	Dregg2.Circuit.Emit.FieldsOpenEmit
MODULE	Dregg2.Circuit.SortedTreeNonMembership
MODULE	Dregg2.Circuit.SortedTreeNonMembershipHeap8
MODULE	Dregg2.Circuit.Emit.AccumulatorInsertEmit
MODULE	Dregg2.Circuit.Emit.CarrierOctetGates
MODULE	Dregg2.Circuit.Emit.CarrierComposed
MODULE	Dregg2.Circuit.CircuitSoundnessAssembled
MODULE	Dregg2.Circuit.TransferDecodeBridge
MODULE	Dregg2.Circuit.RotatedKernelRefinementIncNonce
MODULE	Dregg2.Circuit.RotatedKernelRefinementCellSeal
MODULE	Dregg2.Circuit.CapTreeUpdate
MODULE	Dregg2.Circuit.Emit.CapInsertEmit
MODULE	Dregg2.Circuit.Emit.CapRemoveEmit
MODULE	Dregg2.Circuit.Emit.AccumulatorOpenEmit
MODULE	Dregg2.Circuit.RotatedKernelRefinementCapFamily
MODULE	Dregg2.Circuit.ClosureSurface
MODULE	Dregg2.Circuit.ClosureLog
MODULE	Dregg2.Circuit.RotatedKernelRefinementMintBurn
MODULE	Dregg2.Circuit.RotatedKernelRefinementLifecycle
MODULE	Dregg2.Circuit.RotatedKernelRefinementPermsVK
MODULE	Dregg2.Circuit.RotatedKernelRefinementMisc
MODULE	Dregg2.Circuit.RotatedKernelRefinementNotes
MODULE	Dregg2.Circuit.RotatedKernelRefinementNotesFresh
MODULE	Dregg2.Circuit.RotatedKernelRefinementExerciseAuth
MODULE	Dregg2.Circuit.RotatedKernelRefinementProgram
MODULE	Dregg2.Circuit.RotatedKernelRefinementSetField
MODULE	Dregg2.Circuit.RotatedKernelRefinementAttenuate
MODULE	Dregg2.Circuit.RotatedKernelRefinementBirth
MODULE	Dregg2.Circuit.ClosureAll
MODULE	Dregg2.Circuit.ClosureTransfer
MODULE	Dregg2.Circuit.ClosureFanoutGenuine
MODULE	Dregg2.Circuit.ClosureFinal
MODULE	Dregg2.Circuit.CircuitCompleteness
MODULE	Dregg2.Circuit.CircuitCompletenessTransferConstruct
MODULE	Dregg2.Circuit.CircuitCompletenessNonVacuity
MODULE	Dregg2.Circuit.CircuitCompletenessNonVacuityReal
MODULE	Dregg2.Circuit.FloorsNonVacuous
MODULE	Dregg2.Verify.KeystoneAuditSystemRoots
MODULE	Dregg2.Verify.KeystoneAuditArgusReceipt
MODULE	Dregg2.Verify.KeystoneAuditTerminalAdapters
MODULE	Dregg2.Substrate.FpuProbe
MODULE	Dregg2.Substrate.VerbCompression
MODULE	Dregg2.Circuit.FullStateChip
MODULE	Dregg2.Circuit.Emit.ExactFieldsRefusalEmit
MODULE	Dregg2.Circuit.CapRootBridge
MODULE	Dregg2.Crypto.PerCellUmem
MODULE	Dregg2.Crypto.UMemCodec
MODULE	Dregg2.Storage.ProviderMarket
MODULE	Dregg2.Storage.DealLifecycle
MODULE	Dregg2.Storage.MarketRefinement
MODULE	Dregg2.Storage.DealCell
MODULE	Dregg2.Storage.Erasure
MODULE	Dregg2.Storage.BucketCommitment
MODULE	Dregg2.Storage.Retrievability
MODULE	Dregg2.Storage.Availability
MODULE	Dregg2.Storage.MarketAudit
MODULE	Dregg2.Storage.ClientProtocol
MODULE	Dregg2.Storage.ProviderRegistry
MODULE	Dregg2.Storage.DealPayment
MODULE	Dregg2.Storage.DealLifecycleTrace
MODULE	Dregg2.Storage.Deployed
MODULE	Dregg2.Crypto.HashSig
MODULE	Dregg2.Crypto.HashSigMerkle
MODULE	Dregg2.Crypto.HashSigMerkleRegrounded
MODULE	Dregg2.Storage.DeployedFloorRefuted
MODULE	Dregg2.Storage.DeployedFloorRegrounded
MODULE	Dregg2.Crypto.Frost
MODULE	Dregg2.Crypto.HomomorphicDigest
MODULE	Dregg2.Crypto.HomomorphicDigestPositioned
MODULE	Dregg2.Crypto.PqShareCommitment
MODULE	Dregg2.Crypto.DealerlessQ0PartyLocal
MODULE	Dregg2.Crypto.VRF
MODULE	Dregg2.Crypto.SortitionGame
MODULE	Dregg2.Crypto.XmVrfRefinement
MODULE	Dregg2.Crypto.AdvCalculus
MODULE	Dregg2.Crypto.LatticeEstimate
MODULE	Dregg2.Crypto.DoubleSidedO2H
MODULE	Dregg2.Crypto.LossyIdentification
MODULE	Dregg2.Crypto.HybridCombiner
MODULE	Dregg2.Crypto.TurnSoundness
MODULE	Dregg2.Circuit.AirSoundness
MODULE	Dregg2.Crypto.HermineRomBinding
MODULE	Dregg2.Circuit.ChainDigestRomBinding
MODULE	Dregg2.Circuit.CommitDifferentialRom
MODULE	Dregg2.Crypto.RandomnessBeacon
MODULE	Dregg2.Crypto.HashRandRefinement
MODULE	Dregg2.Crypto.ConsensusSafety
MODULE	Dregg2.Crypto.ConsensusLiveness
MODULE	Dregg2.Crypto.ConsensusViewChange
MODULE	Dregg2.Crypto.BlocklaceSafety
MODULE	Dregg2.Crypto.IdentityCommitment
MODULE	Dregg2.Crypto.LightClientSoundness
MODULE	Dregg2.Crypto.AdaptiveTSUF
MODULE	Dregg2.Crypto.ThresholdSignerRefinement
MODULE	Dregg2.Crypto.DreggKemRefinement
MODULE	Dregg2.Crypto.WireAke
MODULE	Dregg2.Crypto.MlKemIndCca
MODULE	Dregg2.Crypto.Fips203Kem
MODULE	Dregg2.Crypto.X25519HkdfExtract
MODULE	Dregg2.Crypto.FoBookkeeping
MODULE	Dregg2.Crypto.FoQrom
MODULE	Dregg2.Crypto.CapabilityChain
MODULE	Dregg2.Crypto.RevocationSoundness
MODULE	Dregg2.Crypto.DreggPqRefinement
MODULE	Dregg2.Crypto.Fips204Spec
MODULE	Dregg2.Crypto.UcSignature
MODULE	Dregg2.Crypto.UcSignatureQuant
MODULE	Dregg2.Crypto.HybridThresholdQuant
MODULE	Dregg2.Crypto.ProtocolSoundnessQuant
MODULE	Dregg2.Crypto.FloorBridge
MODULE	Dregg2.Crypto.ModelBridge
MODULE	Dregg2.Crypto.DowngradeResistance
MODULE	Dregg2.Crypto.Keccak
MODULE	Dregg2.Crypto.MlDsaRing
MODULE	Dregg2.Crypto.MlDsaSampleInBall
MODULE	Dregg2.Crypto.MlDsaExpandA
MODULE	Dregg2.Crypto.MlDsaCodec
MODULE	Dregg2.Crypto.MlDsaVerifyReal
MODULE	Dregg2.Crypto.AcvpHex
MODULE	Dregg2.Crypto.Fips204Verify
MODULE	Dregg2.Crypto.Fips204CorrectReal
MODULE	Dregg2.Crypto.Fips204FullDim
MODULE	Dregg2.Crypto.WgpuBfvNttSpec
MODULE	Dregg2.Crypto.WgpuTorusNegacyclicMacSpec
MODULE	Dregg2.Circuit.TfhePbsRefinement
MODULE	Dregg2.Crypto.HermineDischarge
MODULE	Dregg2.Crypto.HermineConcrete
MODULE	Dregg2.Crypto.HermineLossiness
MODULE	Dregg2.Crypto.HermineInvertibility
MODULE	Dregg2.Crypto.InvertibilityCRT
MODULE	Dregg2.Crypto.InvertibilityNorm
MODULE	Dregg2.Crypto.InvertibilityNormGen
MODULE	Dregg2.Crypto.InvertibilityD2
MODULE	Dregg2.Crypto.InvertibilityHadamard
MODULE	Dregg2.Crypto.InvertibilityTight
MODULE	Dregg2.Crypto.HermineHybrid
MODULE	Dregg2.Crypto.RenyiHiding
MODULE	Dregg2.Crypto.GaussianRenyi
MODULE	Dregg2.Crypto.HermineDkg
MODULE	Dregg2.Crypto.ThresholdReduction
MODULE	Dregg2.Crypto.SchnorrExtractor
MODULE	Dregg2.Crypto.SchnorrEufCma
MODULE	Dregg2.Crypto.ForkingDischarge
MODULE	Dregg2.Crypto.ForkingDischargeConsumers
MODULE	Dregg2.Crypto.CryptoFloorTeeth
MODULE	Dregg2.Crypto.VrfRegrounded
MODULE	Dregg2.Crypto.HardQuantVacuity
MODULE	Dregg2.Crypto.RomQueryLog
MODULE	Metatheory.Open.BlindedSpanHiding
MODULE	Dregg2.Crypto.KeyedRomHidingFloor
MODULE	Dregg2.Crypto.Poseidon2RomHidingInstantiation
MODULE	Dregg2.Crypto.Poseidon2RomInstantiation
MODULE	Dregg2.Crypto.RomQueryDial
MODULE	Dregg2.Crypto.AdversaryUnification
MODULE	Dregg2.Crypto.ThresholdForking
MODULE	Dregg2.Storage.Fountain
MODULE	Dregg2.Circuit.Emit.EffectVmEmitUMemCohort
MODULE	Dregg2.Circuit.Emit.EffectVmEmitUMemCohortMulti
MODULE	Dregg2.Circuit.Emit.CapOpenTurnPins
MODULE	Dregg2.Circuit.Emit.AvailWireMembers
MODULE	Dregg2.Circuit.Emit.AvailWideMembers
MODULE	Dregg2.Circuit.Emit.AvailWideFeeMember
MODULE	Dregg2.Circuit.Emit.EffectVmEmitUMemWeldWide
MODULE	Dregg2.Circuit.Emit.EffectVmEmitCellSealFrozenPubkey
MODULE	Dregg2.Circuit.Emit.EffectVmRotationWideCommitIff
MODULE	Dregg2.Circuit.Emit.EffectVmEmitBilateralAgg
MODULE	Dregg2.Circuit.Emit.BilateralAggregationEmit
MODULE	Dregg2.Circuit.Emit.BilateralAggregationRefine
MODULE	Dregg2.Circuit.Emit.BilateralAggregationRung2
MODULE	Dregg2.Circuit.Emit.BilateralAggregationCompact
MODULE	Dregg2.Circuit.Emit.EffectVmEmitCrossSide
MODULE	Dregg2.Circuit.Emit.EffectVmEmitBundleFold
MODULE	Dregg2.Circuit.Emit.EffectVmEmitTurnChainBinding
MODULE	Dregg2.Circuit.Emit.GarbledEvalEmit
MODULE	Dregg2.Circuit.Emit.GarbledEvalRefine
MODULE	Dregg2.Circuit.Emit.GarbledEvalRung2
MODULE	Dregg2.Circuit.Emit.GarbledEvalRefineBridge
MODULE	Dregg2.Circuit.Emit.EffectVmEmitTransferComplete
MODULE	Dregg2.Circuit.Emit.EffectVmFullStateRunnableComplete
MODULE	Dregg2.Circuit.Emit.EffectVmEmitIncrementNonceFullState
MODULE	Dregg2.Circuit.Emit.EffectVmEmitSetVKFullState
MODULE	Dregg2.Circuit.Emit.EffectVmEmitSetPermissionsFullState
MODULE	Dregg2.Circuit.Emit.EffectVmEmitMakeSovereignFullState
MODULE	Dregg2.Circuit.Emit.EffectVmEmitCellSealFullState
MODULE	Dregg2.Circuit.Emit.EffectVmEmitCellDestroyFullState
MODULE	Dregg2.Circuit.Emit.EffectVmEmitNoopWide
MODULE	Dregg2.Circuit.Emit.EffectVmFullStateTagsA
MODULE	Dregg2.Circuit.Emit.EffectVmEmitCreateCellFullState
MODULE	Dregg2.Circuit.Emit.EffectVmEmitCreateCellFromFactoryFullState
MODULE	Dregg2.Circuit.Emit.EffectVmEmitEmitEventWide
MODULE	Dregg2.Circuit.Emit.EffectVmEmitExerciseWide
MODULE	Dregg2.Circuit.Emit.EffectVmEmitPipelinedSendWide
MODULE	Dregg2.Circuit.Emit.EffectVmEmitReceiptArchiveWide
MODULE	Dregg2.Circuit.Emit.EffectVmEmitBurnRunnable
MODULE	Dregg2.Circuit.Emit.EffectVmEmitSetFieldFullState
MODULE	Dregg2.Circuit.Emit.EffectVmEmitBridgeMint
MODULE	Dregg2.Circuit.Emit.EffectVmFullStateTagsB
MODULE	Dregg2.Circuit.RotatedKernelRefinementNotesFreshBridge
MODULE	Dregg2.Circuit.CrossCellConservation
MODULE	Dregg2.Circuit.CrossCellConserveDecision
MODULE	Dregg2.Circuit.CrossCellConserveRefine
MODULE	Dregg2.Circuit.RestFrameCardinalityFloor
MODULE	Dregg2.Circuit.StateCommitFloorRegrounded
MODULE	Dregg2.Circuit.TurnDecodeChainLogBundleCutoverCheck
MODULE	Dregg2.Circuit.ProofByteDecoder
MODULE	Dregg2.Circuit.CrossTurnFreshness
MODULE	Dregg2.Circuit.Freshness
MODULE	Dregg2.Circuit.FinKernelState
MODULE	Dregg2.Circuit.FinKernelStep
MODULE	Dregg2.Circuit.FinInterp
MODULE	Dregg2.Exec.ConcreteKernel
MODULE	Dregg2.Circuit.FinAllocCell
MODULE	Dregg2.Circuit.Argus.Effects.EmitEvent
MODULE	Dregg2.Circuit.Argus.Effects.ExerciseViaCapability
MODULE	Dregg2.Circuit.Argus.Effects.NoteSpendCompose
MODULE	Dregg2.Circuit.Argus.Effects.NoteCreate
MODULE	Dregg2.Circuit.Argus.Effects.PipelinedSend
MODULE	Dregg2.Circuit.Argus.Effects.Noop
MODULE	Dregg2.Circuit.Argus.Effects.Introduce
MODULE	Dregg2.Circuit.Emit.EffectVmEmitDelegate
MODULE	Dregg2.Circuit.Argus.Effects.Delegate
MODULE	Dregg2.Circuit.Argus.Effects.DelegateAtten
MODULE	Dregg2.Circuit.Argus.Effects.Attenuate
MODULE	Dregg2.Circuit.Argus.Effects.RevokeDelegation
MODULE	Dregg2.Circuit.Argus.Effects.RefreshDelegation
MODULE	Dregg2.Circuit.Emit.EffectVmEmitMintRunnable
MODULE	Dregg2.Circuit.Argus.Effects.Mint
MODULE	Dregg2.Circuit.Argus.Effects.Burn
MODULE	Dregg2.Circuit.Argus.Effects.BalanceA
MODULE	Dregg2.Circuit.Argus.Effects.BridgeMint
MODULE	Dregg2.Circuit.Argus.Effects.CellSeal
MODULE	Dregg2.Circuit.Argus.Effects.CellUnseal
MODULE	Dregg2.Circuit.Argus.Effects.CellDestroy
MODULE	Dregg2.Circuit.Argus.Effects.MakeSovereign
MODULE	Dregg2.Circuit.Argus.Effects.IncrementNonce
MODULE	Dregg2.Circuit.Argus.Effects.SetPermissions
MODULE	Dregg2.Circuit.Argus.Effects.SetField
MODULE	Dregg2.Circuit.Argus.Effects.SetVerificationKey
MODULE	Dregg2.Circuit.Argus.Effects.ReceiptArchive
MODULE	Dregg2.Circuit.Emit.EffectVmEmitRefusalFullState
MODULE	Dregg2.Circuit.Argus.Effects.Refusal
MODULE	Dregg2.Circuit.FinProgramSquares
MODULE	Dregg2.Circuit.Argus.Effects.CreateCell
MODULE	Dregg2.Circuit.Argus.Effects.CreateCellFromFactory
MODULE	Dregg2.Circuit.FinCreateCellSquares
MODULE	Dregg2.Circuit.FinGrantSpawnSquares
MODULE	Dregg2.Circuit.FinReactSquare
MODULE	Dregg2.Exec.ReactiveRegistry
MODULE	Dregg2.Circuit.BabyBearFriSetup
MODULE	Dregg2.Circuit.BabyBearFriDeployed
MODULE	Dregg2.Circuit.FriFoldArity
MODULE	Dregg2.Circuit.FriArityTransfer
MODULE	Dregg2.Circuit.FriArityFiberDischarge
MODULE	Dregg2.Circuit.FriJohnsonRadiusGap
MODULE	Dregg2.Circuit.FriLedger
MODULE	Dregg2.Circuit.FriLedgerSound
MODULE	Dregg2.Circuit.FriDeployedHeightPairing
MODULE	Dregg2.Circuit.FriWeightingTransfer
MODULE	Dregg2.Circuit.FriProximityBridge
MODULE	Dregg2.Circuit.FriBridgeDeployedArity
MODULE	Dregg2.Circuit.FriQuerySoundness
MODULE	Dregg2.Circuit.FriVerifierBridge
MODULE	Dregg2.Circuit.AirChecksSatisfied
MODULE	Dregg2.Circuit.AirLegsDischarged
MODULE	Dregg2.Circuit.AlgoStarkSoundInstance
MODULE	Dregg2.Circuit.OodQuotientConsistency
MODULE	Dregg2.Circuit.RlcSoundnessBound
MODULE	Dregg2.Circuit.TraceColumnInterp
MODULE	Dregg2.Circuit.FieldIntegerLift
MODULE	Dregg2.Circuit.OodInterpFieldExt
MODULE	Dregg2.Circuit.KprimeCompose
MODULE	Dregg2.Circuit.LowDegreeUniqueness
MODULE	Dregg2.Circuit.RsUniqueDecoding
MODULE	Dregg2.Circuit.DeployedUdrRegime
MODULE	Dregg2.Circuit.LagrangeExistence
MODULE	Dregg2.Circuit.DeployedProximitySoundness
MODULE	Dregg2.Circuit.NearDecodesWitness
MODULE	Dregg2.Circuit.DecodeAgreesOpenings
MODULE	Dregg2.Circuit.StarkSoundDischarge
MODULE	Dregg2.Circuit.StarkSoundAssembled
MODULE	Dregg2.Circuit.OodSoundnessGame
MODULE	Dregg2.Circuit.AlgoStarkSoundTransferV3
MODULE	Dregg2.Circuit.FriLdtExtractDeployed
MODULE	Dregg2.Circuit.StarkSoundFriLdt
MODULE	Dregg2.Circuit.StarkSoundFriLdtCorrected
MODULE	Dregg2.Circuit.FriBatchedOracle
MODULE	Dregg2.Circuit.StarkSoundReduction
MODULE	Dregg2.Circuit.DeployedTraceExtract
MODULE	Dregg2.Circuit.FriColumnDecode
MODULE	Dregg2.Circuit.FriVerifierFS
MODULE	Dregg2.Circuit.FriVerifierO
MODULE	Dregg2.Circuit.FriVerifierMerkle
MODULE	Dregg2.Circuit.FriColumnLogExtract
MODULE	Dregg2.Circuit.FriColumnLogExtractHonest
MODULE	Dregg2.Circuit.StarkSoundColumnCfg
MODULE	Dregg2.Circuit.CommitmentReduction
MODULE	Dregg2.Circuit.CollisionReduce
MODULE	Dregg2.Circuit.DescriptorRefinesReduce
MODULE	Dregg2.Circuit.LightClientDeployedGeneral
MODULE	Dregg2.Circuit.MerkleAcceptForces
MODULE	Dregg2.Circuit.LightClientFusion
MODULE	Dregg2.Circuit.S5Closure
MODULE	Dregg2.Circuit.OodRomBound
MODULE	Dregg2.Circuit.RlcRomBound
MODULE	Dregg2.Circuit.OodColumnLayout
MODULE	Dregg2.Circuit.LogUpSoundness
MODULE	Dregg2.Circuit.LogUpColumnLayout
MODULE	Dregg2.Circuit.AlgoStarkSoundGeneral
MODULE	Dregg2.Circuit.DeployedRefinesProof
MODULE	Dregg2.Circuit.ApexOodLaneRepair
MODULE	Dregg2.Circuit.FriPositiveRadiusPayment
MODULE	Dregg2.Circuit.BabyBearFriDeployedInstance
MODULE	Dregg2.Circuit.FriLdtJohnson
MODULE	Dregg2.Circuit.FriVerifierQuery
MODULE	Dregg2.Circuit.AggAirSound
MODULE	Dregg2.Circuit.RecursiveSoundFromNodes
MODULE	Dregg2.Circuit.FriAdversaryObject
MODULE	Dregg2.Circuit.FriChainStepIdx
MODULE	Dregg2.Circuit.FriVerifierCompose
MODULE	Dregg2.Circuit.FriQuerySamplingBias
MODULE	Dregg2.Circuit.FriDeployedRateInstance
MODULE	Dregg2.Circuit.FriCloseNUniqueDecode
MODULE	Dregg2.Circuit.FriDecodedTraceReadout
MODULE	Dregg2.Circuit.FriDecodedTraceWitness
MODULE	Dregg2.Circuit.FriDeepQuotientRlc
MODULE	Dregg2.Circuit.FriExtChallengeCollapse
MODULE	Dregg2.Circuit.FriDeployedExtCode
MODULE	Dregg2.Circuit.FriDecodedDomainRebase
MODULE	Dregg2.Circuit.OodExtChallengeLayout
MODULE	Dregg2.Circuit.OodSingletonRepair
MODULE	Dregg2.Circuit.ExtChallengeLogUpSite
MODULE	Dregg2.Circuit.FriFsDecodedOodRepair
MODULE	Dregg2.Circuit.FriExtractReal
MODULE	Dregg2.Circuit.FriExtractNonCircular
MODULE	Dregg2.Circuit.StateCommitReduce
MODULE	Dregg2.Circuit.CommitFaithfulRegrounded
MODULE	Dregg2.Circuit.Blake3FloorReduce
MODULE	Dregg2.Circuit.SpongeCollisionShirk
MODULE	Dregg2.Circuit.DescriptorRefinesShirkRefuted
MODULE	Dregg2.Circuit.StarkSoundReduce
MODULE	Dregg2.Circuit.ChainStepNonTautology
MODULE	Dregg2.Circuit.ExecutorApplyDifferential
MODULE	Dregg2.Circuit.ClosureForest
MODULE	Dregg2.Circuit.DescriptorRefinesComplete
MODULE	Dregg2.Circuit.WitnessRealizing
MODULE	Dregg2.Circuit.ClosureReadoutsRealizable
MODULE	Dregg2.Circuit.Emit.GraduateNarrow
MODULE	Dregg2.Circuit.Emit.GraduateWideNarrow
MODULE	Dregg2.Circuit.RotatedKernelRefinementAvail
MODULE	Dregg2.Circuit.RotatedKernelRefinementAvailWide
MODULE	Dregg2.Circuit.RotatedKernelRefinementMintBurnAvail
MODULE	Dregg2.Circuit.RotatedKernelRefinementMintBurnAvailWide
MODULE	Dregg2.Circuit.ClosureTransferAvail
MODULE	Dregg2.Circuit.ClosureFinalAvail
MODULE	Dregg2.Circuit.CircuitCompletenessValue
MODULE	Dregg2.Circuit.CircuitCompletenessRecord
MODULE	Dregg2.Circuit.CircuitCompletenessLifecycle
MODULE	Dregg2.Circuit.CircuitCompletenessAuthority
MODULE	Dregg2.Circuit.RotatedKernelRefinementSpawnHandoff
MODULE	Dregg2.Circuit.CircuitCompletenessSetInsert
MODULE	Dregg2.Circuit.CircuitCompletenessSatFloor
MODULE	Dregg2.Circuit.CircuitCompletenessAssembled
MODULE	Dregg2.Circuit.ClosedLogExtractPortCheck
MODULE	Dregg2.Circuit.ShieldedTransferStark
MODULE	Dregg2.Circuit.ShieldedMerkleRootPin
MODULE	Dregg2.Circuit.ShieldedValueLinkPin
MODULE	Dregg2.Circuit.Satisfied2FaithfulDeployed
MODULE	Dregg2.Circuit.LogUpMultiset
MODULE	Dregg2.Circuit.FinFrameHash
MODULE	Dregg2.Circuit.FriQueryBiasSharp
MODULE	Dregg2.Circuit.FriCarrierVacuity
MODULE	Dregg2.Circuit.FriCarrierEpsilon
MODULE	Dregg2.Circuit.DeployedProximitySoundnessSampler
MODULE	Dregg2.Circuit.FriVerifierComposeDefected
MODULE	Dregg2.Circuit.FriWrapHonest
MODULE	Dregg2.Circuit.WordProofBridgeDeployed
MODULE	Dregg2.Circuit.FriFarnessReconcile
MODULE	Dregg2.Circuit.FriQueryAdversary
MODULE	Dregg2.Circuit.FriGoodCountWeld
MODULE	Dregg2.Circuit.FriSetupTower
MODULE	Dregg2.Circuit.FriQueryAdversaryLaunch
MODULE	Dregg2.Circuit.RotatedKernelRefinementFacetTurnBound
MODULE	Dregg2.Circuit.RotatedKernelRefinementCapOpenAvail
MODULE	Dregg2.Circuit.RotatedKernelRefinementCapOpenAvailWide
MODULE	Dregg2.Circuit.RotatedKernelRefinementFeeAvail
MODULE	Dregg2.Circuit.RotatedKernelRefinementFeeAvailWide
MODULE	Dregg2.Circuit.Emit.RotWideCompactS2
MODULE	Dregg2.Circuit.Emit.WideCompactTable
MODULE	Dregg2.Circuit.Emit.RotWideCompactE1
MODULE	Dregg2.Circuit.RotatedKernelRefinementAvailWideCompact
MODULE	Dregg2.Circuit.RotatedKernelRefinementAvailWideCompactE1
MODULE	Dregg2.Circuit.RotatedKernelRefinementLifecycleDisc
MODULE	Dregg2.Circuit.RotatedKernelForestFacet
MODULE	Dregg2.Circuit.MapOpsColumnLayout
MODULE	Dregg2.Circuit.IndexedMerkleTree
MODULE	Dregg2.Crypto.Digest8KeySpike
MODULE	Dregg2.Circuit.SortedTreeNonMembershipWide8
MODULE	Dregg2.Circuit.SortedTreeInsertWide8
MODULE	Dregg2.Circuit.Emit.LexCompare8Emit
MODULE	Dregg2.Circuit.MapOpWideKey
MODULE	Dregg2.Circuit.MapOpWideKeyGate
MODULE	Dregg2.Circuit.MapOpWideKeyWeld
MODULE	Dregg2.Circuit.MapOpWideKeyCanonDischarge
MODULE	Dregg2.Circuit.MapOpWideKeyRowBoundary
MODULE	Dregg2.Circuit.MapAbsentImtGate
MODULE	Dregg2.Circuit.MapAbsentImtGateWide
MODULE	Dregg2.Exec.NullifierAccumulator
MODULE	Dregg2.Exec.NullifierAccumulatorKernelBridge
MODULE	Dregg2.Circuit.Emit.ShieldedNoteAppendDescriptor
MODULE	Dregg2.Circuit.Emit.AccumulatorNonRevocationEmit
MODULE	Dregg2.Circuit.Emit.AccumulatorNonRevocationRefine
MODULE	Dregg2.Circuit.Emit.AccumulatorNonRevocationComplete
MODULE	Dregg2.Circuit.RefusalAuthorityForced
MODULE	Dregg2.Circuit.Emit.EffectVmCapFamilyComplete
MODULE	Dregg2.Lightclient.NonOmissionAttack
MODULE	Dregg2.Consensus.OnDemandFeasibility
MODULE	Dregg2.Consensus.Safety
MODULE	Dregg2.Consensus.TauPrefixMonotone
MODULE	Dregg2.Authority.TemporalAlgebra2
MODULE	Dregg2.Authority.Epistemic
MODULE	Dregg2.Calculus.DreggCalculus
MODULE	Dregg2.Calculus.Biorthogonality
MODULE	Dregg2.Calculus.BiorthTensor
MODULE	Dregg2.Calculus.BiorthRelational
MODULE	Dregg2.Deos.Surface
MODULE	Dregg2.Deos.Membrane
MODULE	Dregg2.Deos.DerivedCell
MODULE	Dregg2.Deos.StandingObligation
MODULE	Dregg2.Deos.PrepaidLease
MODULE	Dregg2.Deos.Vault
MODULE	Dregg2.Deos.DischargeSatDescriptor
MODULE	Dregg2.Deos.VaultSatDescriptor
MODULE	Dregg2.Deos.SettleEscrowSelectorBinding
MODULE	Dregg2.Deos.BareCohortFloorRefuseWide
MODULE	Dregg2.Deos.Hatchery
MODULE	Dregg2.Deos.Rehydration
MODULE	Dregg2.Deos.Affordance
MODULE	Dregg2.Deos.FogOfWar
MODULE	Dregg2.Deos.Compositor
MODULE	Dregg2.Deos.Rerender
MODULE	Dregg2.Deos.GatedAffordance
MODULE	Dregg2.Deos.Reactive
MODULE	Dregg2.Deos.ReplayMembrane
MODULE	Dregg2.Deos.WorkflowBridge
MODULE	Dregg2.Deos.FlowAlgebra
MODULE	Dregg2.Deos.FlowRefine
MODULE	Dregg2.Deos.Transclusion
MODULE	Dregg2.Deos.TransclusionChain
MODULE	Dregg2.Deos.FireProgramAgreement
MODULE	Dregg2.Deos.DocMerge
MODULE	Dregg2.Deos.DocMergeComposed
MODULE	Dregg2.Deos.PatchCategory
MODULE	Dregg2.Deos.AnchoredQuote
MODULE	Dregg2.Deos.DocSubstrateSound
MODULE	Dregg2.Deos
MODULE	Dregg2.Distributed.PrivateLeg
MODULE	Dregg2.Circuit.CustomApex
MODULE	Dregg2.Circuit.BindingAirSound
MODULE	Dregg2.Circuit.NormalizeToShapeSound
MODULE	Dregg2.Circuit.StateTransitionAirSound
MODULE	Dregg2.Circuit.AggregationAirSound
MODULE	Dregg2.Circuit.GroundedApex
MODULE	Dregg2.Crypto.MlKemRing
MODULE	Dregg2.Crypto.MlKemSample
MODULE	Dregg2.Crypto.MlKemCodec
MODULE	Dregg2.Crypto.MlKemDecaps
MODULE	Dregg2.Crypto.MlKemEncaps
MODULE	Dregg2.Crypto.MlKemCodecSpec
MODULE	Dregg2.Crypto.MlKemNttFaithful
MODULE	Dregg2.Crypto.MlKemCorrect
MODULE	Dregg2.ForMathlib.BerryEsseen
MODULE	Dregg2.Crypto.MlKemDelta
MODULE	Dregg2.Crypto.DecapsCoreSpec
MODULE	Dregg2.Crypto.MlKemFips203FullDim
MODULE	Dregg2.AssuranceCaseGrounded
MODULE	Dregg2.Circuit.CustomCarrierAttack
MODULE	Dregg2.Circuit.CustomBindingFromFold
MODULE	Dregg2.Circuit.BridgeBackingAttack
MODULE	Dregg2.Circuit.SovereignBackingAttack
MODULE	Dregg2.Circuit.FactoryBackingAttack
MODULE	Dregg2.Circuit.MembershipBackingAttack
MODULE	Dregg2.Circuit.HatcheryBackingAttack
MODULE	Dregg2.Circuit.FactoryBindingFromFold
MODULE	Dregg2.Circuit.HatcheryBindingFromFold
MODULE	Dregg2.Circuit.SovereignBindingFromFold
MODULE	Dregg2.Circuit.MembershipBindingFromFold
MODULE	Dregg2.Circuit.CaveatAdmissionRefines
MODULE	Dregg2.Circuit.DslBackingAttack
MODULE	Dregg2.Circuit.DecoBackingAttack
MODULE	Dregg2.Circuit.DslBindingFromFold
MODULE	Dregg2.Circuit.BridgeBindingFromFold
MODULE	Dregg2.Circuit.DecoBindingFromFold
MODULE	Dregg2.Circuit.CircuitCompletenessAuthorityConstruct
MODULE	Dregg2.Circuit.DecideMapMerkle
MODULE	Dregg2.Circuit.VacuitySweepTeeth
MODULE	Dregg2.Circuit.InjectiveFloorRegrounded
MODULE	Dregg2.Crypto.FoQromRegrounded
MODULE	Dregg2.Circuit.LogCommitRegroundedRom
MODULE	Dregg2.Circuit.LogCommitCutoverCheck
MODULE	Dregg2.Tools.ConePort
MODULE	Dregg2.Tools.ConePortLogHashRun
MODULE	Dregg2.Circuit.StateCommitLeafCutoverCheck
MODULE	Dregg2.Crypto.IdentityCommitmentRegrounded
MODULE	Dregg2.Crypto.WireAkeRegrounded
MODULE	Dregg2.Crypto.RandomnessBeaconRegrounded
MODULE	Dregg2.Crypto.XmVrfRefinementRegrounded
MODULE	Dregg2.Apps.PreRotationKeySetRegrounded
MODULE	Dregg2.Apps.QueueRootFloorRegrounded
MODULE	Dregg2.Circuit.CouncilCommit
MODULE	Dregg2.Circuit.CouncilRosterRegrounded
MODULE	Dregg2.Spike.CommitTreeRegrounded
MODULE	Dregg2.Circuit.FriCompressRegrounded
MODULE	Dregg2.Crypto.SpongeCompressionRegrounded
MODULE	Dregg2.Crypto.BeaconSlotRegrounded
MODULE	Dregg2.Circuit.Blake3FloorEffRegrounded
MODULE	Dregg2.Deos.InAirAuthorityFloorRegrounded
MODULE	Dregg2.Circuit.ChipTableReduction
MODULE	Dregg2.Circuit.FloorsNonVacuousWave
MODULE	Dregg2.Circuit.FloorsNonVacuousWaveLifecycle
MODULE	Dregg2.Circuit.FloorsNonVacuousWaveBirth
MODULE	Dregg2.Circuit.FloorsNonVacuousWavePermsProgram
MODULE	Dregg2.Circuit.FloorsNonVacuousWaveTransfer
MODULE	Dregg2.Circuit.FloorsNonVacuousWaveMiscNotes
MODULE	Dregg2.Circuit.Satisfied2FaithfulActive
MODULE	Dregg2.Circuit.ClosureFanout
MODULE	Dregg2.Circuit.ClosureColumnDischarge
MODULE	Dregg2.Circuit.ClosureFloorReduce
MODULE	Dregg2.Circuit.Emit.EffectVmEmitBridge
MODULE	Dregg2.Circuit.ClosureDesignationDischarge
MODULE	Dregg2.Circuit.ClosureFloorReduceFanout
MODULE	Dregg2.Circuit.RotatedKernelForestCohortChain
MODULE	Dregg2.Circuit.SettlementSoundness
MODULE	Dregg2.Circuit.EngineSoundOfApex
MODULE	Dregg2.Deos.BranchStitch
MODULE	Dregg2.Deos.DocPatch
MODULE	Dregg2.Agent.Mandate
MODULE	Dregg2.Authority.CSpace
MODULE	Dregg2.Authority.CredentialAttenuation
MODULE	Dregg2.Circuit.Argus.Coeffect
MODULE	Metatheory.Dynamics.Initiality
MODULE	Dregg2.Circuit.Argus.CompileFold
MODULE	Dregg2.Circuit.Argus.CompileE
MODULE	Dregg2.Circuit.Argus.Disclose
MODULE	Dregg2.Circuit.Argus.EmitRoundtrip
MODULE	Dregg2.Circuit.Argus.InterpGolden
MODULE	Dregg2.Circuit.Argus.Joint
MODULE	Dregg2.Circuit.Argus
MODULE	Dregg2.Circuit.DecideSatisfied2Golden
MODULE	Dregg2.Circuit.Emit.EffectVmEmitDelegateAtten
MODULE	Dregg2.Circuit.Emit.EffectVmEmitRecordRoot
MODULE	Dregg2.Circuit.Emit.FieldDeltaRangeEmit
MODULE	Dregg2.Circuit.Emit.BlindedMembershipEmit
MODULE	Dregg2.Circuit.Emit.MerkleMembership4aryEmit
MODULE	Dregg2.Circuit.Emit.MerkleMembershipEmit
MODULE	Dregg2.Circuit.Emit.MerkleMembershipRefine
MODULE	Dregg2.Circuit.Emit.BlindedMembershipRefine
MODULE	Dregg2.Circuit.Emit.MerkleMembership4aryRefine
MODULE	Dregg2.Circuit.Emit.Poseidon2HashEmit
MODULE	Dregg2.Circuit.Emit.Poseidon2HashRefine
MODULE	Dregg2.Circuit.PqIdentityAuthority
MODULE	Dregg2.Circuit.Emit.PqIdentityAuthorityEmit
MODULE	Dregg2.Crypto.BinaryTripleSacrifice
MODULE	Dregg2.Crypto.AuthenticatedBitMac
MODULE	Dregg2.Crypto.DealerlessPreprocessing
MODULE	Dregg2.Crypto.DealerlessPartyLocalComposition
MODULE	Dregg2.Crypto.DealerlessChosenVoleMac
MODULE	Dregg2.Crypto.Arith.ArithmetizeMVP
MODULE	Dregg2.Metatheory.FOLArithmetizationCorrected
MODULE	Dregg2.Logic.BoolGraph
MODULE	Dregg2.Metatheory.FinitePolynomialFunctions
MODULE	Dregg2.Metatheory.ArithmetizationCost
MODULE	Dregg2.Metatheory.DirectLogicOptimization
MODULE	Dregg2.Metatheory.DirectLogicOptimizerCertificate
MODULE	Dregg2.Metatheory.DirectLogicBoolGraphDescriptorIR2
MODULE	Dregg2.Bridge.InterchainAdapterDecision
MODULE	Dregg2.Metatheory.TypedLinearPredicateDescriptorIR2
MODULE	Dregg2.Crypto.Arith.ArithmetizeTypedPredicate
MODULE	Dregg2.Crypto.Arith.FieldDeltaRangePilot
MODULE	Dregg2.Crypto.Arith.BridgeSynthesis
MODULE	Dregg2.Metatheory.GabbayMatrixSemantics
MODULE	Dregg2.Metatheory.GabbayFiniteFieldProjection
MODULE	Dregg2.Metatheory.GabbayDescriptorIR2
MODULE	Dregg2.Metatheory.GabbayDescriptorIR2PublicBoundary
MODULE	Dregg2.Metatheory.GabbayDescriptorIR2PublicBinding
MODULE	Dregg2.Logic.CompilationCertificateBundle
MODULE	Dregg2.Logic.FiniteLogicDescriptorIR2
MODULE	Dregg2.Logic.FiniteRelationalFOLDescriptorIR2
MODULE	Dregg2.Logic.FiniteSignatureFOLDescriptorIR2
MODULE	Dregg2.Verify.DirectLogicAdversarialFalsifierV2
MODULE	Dregg2.Verify.RangeFamilyFaithfulRoute
MODULE	Dregg2.Circuit.Emit.PredicatesGtEmit
MODULE	Dregg2.Circuit.Emit.PredicatesGtRefine
MODULE	Dregg2.Circuit.Emit.PredicatesArithmeticEmit
MODULE	Dregg2.Circuit.Emit.PredicatesArithmeticRefine
MODULE	Dregg2.Circuit.Emit.PredicatesLeEmit
MODULE	Dregg2.Circuit.Emit.PredicatesLeRefine
MODULE	Dregg2.Circuit.Emit.PredicatesLtEmit
MODULE	Dregg2.Circuit.Emit.PredicatesLtRefine
MODULE	Dregg2.Circuit.Emit.PredicatesInRangeEmit
MODULE	Dregg2.Circuit.Emit.PredicatesInRangeRefine
MODULE	Dregg2.Circuit.Emit.PresentationEmit
MODULE	Dregg2.Circuit.Emit.PresentationRefine
MODULE	Dregg2.Verify.RangeFamilyFaithfulBatch
MODULE	Dregg2.Circuit.Emit.ShieldedSpendDescriptor
MODULE	Dregg2.Circuit.Emit.ShieldedValueLinkDescriptor
MODULE	Dregg2.Circuit.ShieldedSpendPortDischarge
MODULE	Dregg2.Circuit.ShieldedSpendPortResidual
MODULE	Dregg2.Circuit.ShieldedValueRangeDischarge
MODULE	Dregg2.Verify.RangeFamilyFaithfulBatch2
MODULE	Dregg2.Crypto.Arith.RowLibraryExperiment
MODULE	Dregg2.Circuit.Emit.HomomorphicDigestEmit
MODULE	Dregg2.Circuit.Emit.HomomorphicDigestEmitProd
MODULE	Dregg2.Circuit.Emit.HomomorphicDigestChainRefine
MODULE	Dregg2.Circuit.Emit.MerkleMembership4aryWideEmit
MODULE	Dregg2.Circuit.Emit.FaithfulNoteSpendDescriptorPlan
MODULE	Dregg2.Circuit.ExactNullifierAafiPlan
MODULE	Dregg2.Circuit.Emit.ExactNullifierAafiDescriptorPlan
MODULE	Dregg2.Circuit.Emit.ExactNullifierAafiRotatedStateWeld
MODULE	Dregg2.Circuit.Emit.ExactNullifierAafiRotatedStateRefine
MODULE	Dregg2.Circuit.Emit.ExactNullifierAafiRotatedStateHonest
MODULE	Dregg2.Circuit.Emit.ExactNullifierAafiRotatedStateHashPathHonest
MODULE	Dregg2.Distributed.CrashRecovery
MODULE	Dregg2.Distributed.FinalityGate
MODULE	Dregg2.Distributed.MembershipSafety
MODULE	Dregg2.Exec.CapTPSettlement
MODULE	Dregg2.Exec.CapTPConsentLace
MODULE	Dregg2.Exec.CapTPHandoffSound
MODULE	Dregg2.Exec.CapTPStoreForward
MODULE	Dregg2.Exec.CellCarryG
MODULE	Dregg2.Exec.CellGated
MODULE	Dregg2.Paco.UpTo.Guarded
MODULE	Dregg2.Substrate.IssuerLedger
MODULE	Dregg2.Verify.ContractG
MODULE	Dregg2.Verify.FramesG
MODULE	Dregg2.Verify.QueueFactoryProbe
MODULE	Dregg2.Verify.TacticsG
MODULE	Market.Clearing
MODULE	Market.Fairness
MODULE	Market.Aggregation
MODULE	Market.Priced
MODULE	Market.Optimality
MODULE	Market.Liquidity
MODULE	Market.GraduationPool
MODULE	Market.LedgerRealization
MODULE	Market.ShieldedClearing
MODULE	Market.LedgerRealizationExt
MODULE	Market.CrossMargin
MODULE	Market.Lending
MODULE	Market.OracleWeld
MODULE	Market.CrossChainSettlement
MODULE	Market.InterchainCustody
MODULE	Market.FhEggClearing
MODULE	Dregg2.Bignum.DigitInjective
MODULE	Market.PackedBookFamily
MODULE	Market.DarkBazaarPrivateDescriptor
MODULE	Market.CertF
MODULE	Market.RevealNothing
MODULE	Market.MpcClearingSecurity
MODULE	Market.CertFGolden
MODULE	Market.CertFDescriptor
MODULE	Market.FhEggLedgerBinding
MODULE	Market.DarkBazaarAttestation
MODULE	Bfv.Params
MODULE	Bfv.Noise
MODULE	Market.DarkBazaarSameOpening
MODULE	Market.DarkBazaarDecryptConsistency
MODULE	Market.DarkBazaarSameOpeningPoly
MODULE	Market.DarkBazaarSameOpeningGadget
MODULE	Market.DarkBazaarSameOpeningGadgetPoly
MODULE	Market.EmitSameOpeningGadget
MODULE	Bfv.NoWrap
MODULE	Bfv.Fold
MODULE	Bfv.Smudging
MODULE	Market.DarkBazaarCollectiveOpening
MODULE	Market.DarkBazaarQuorumNecessity
MODULE	Market.DarkBazaarShareValidity
MODULE	Bfv.Mul
MODULE	Market.OraclePitQuadratic
MODULE	Market.NettingVault
MODULE	Market.DarkBazaarCollectiveOpeningPoly
MODULE	Market.PrivateBookEncryptionBinding
MODULE	Market.DarkAmmPrivateSwap
MODULE	Market.DarkAmmPrivateReceipt
MODULE	Market.DarkAmmPrivateDescriptor
MODULE	Market.DarkAmmDecisionReceipt
MODULE	Market.DarkAmmBoundReceipt
MODULE	Market.DarkAmmPublicHost
MODULE	Market.DarkAmmPublicHostLifecycle
MODULE	Market.DarkAmmCollectiveTwoAuthority
MODULE	Market.DarkAmmContextBoundDecision
MODULE	Market.PrivateComparison
MODULE	Market.PrivateBoxProjection
MODULE	Market.PartyMpcTransportBoundary
MODULE	Market.DarkBazaarPrivateIngressCutover
MODULE	Market.DarkBazaarLiveApexHost
MODULE	Market.PrivateClearingGameConsequence
MODULE	Market.DarkBazaarConsequenceOutbox
MODULE	Market.DistributedPrivateProverBoundary
MODULE	Market.MintSafeQuantization
MODULE	Market.QuantizedConservation
MODULE	Market.ExactGapNoWrap
MODULE	Market.AggregateBinding
MODULE	Market.StreamingCert
MODULE	Market.PrecisionEnvelope
MODULE	Market.FhEggRustDenotation
MODULE	Market.FhEggAllocation
MODULE	Market.UniformAllocationCertificate
MODULE	Market.ProtocolAssurance
MODULE	Market.CertQp
MODULE	Market.SddPsd
MODULE	Market.CertQpRustDenotation
MODULE	Market.QpCertificateBundle
MODULE	Market.QpExternalProgramBinding
MODULE	Market.QpApproximateBound
MODULE	Market.CertQpGolden
MODULE	Market.CertQpDescriptor
MODULE	Market.PriceCert
MODULE	Market.FhIRAdmissible
MODULE	Market.FhIRClearingPlan
MODULE	Market.FhIRRaidAllocationBinding
MODULE	Market.ZKOpenRel
MODULE	Market.WideCommitBoundary
MODULE	Market.ShieldedRingEndpointDescriptor
MODULE	Dregg2.Circuit.ShieldedWideJoinPin
MODULE	Market.WideCarrierSameOpening
MODULE	Market.Fxc4ConsequenceBinding
MODULE	Market
MODULE	Market.PrivateBookBfvBindingAir
MODULE	Market.PrivateBookBfvSliceDescriptor
MODULE	Market.PrivateBookBfvNttFamily
MODULE	Market.PrivateBookBfvRootOrder
MODULE	Market.PrivateBookBfvButterflyAir
MODULE	Market.PrivateBookBfvButterflyFaithful
MODULE	Market.PrivateBookBfvTerminalBinding
MODULE	Dregg2.ForMathlib.GuruswamiSudan
MODULE	Dregg2.ForMathlib.CertifiedInterval
MODULE	Dregg2.ForMathlib.IntervalConvolution
MODULE	Dregg2.ForMathlib.IntervalFFT
MODULE	Dregg2.ForMathlib.PolishchukSpielman
MODULE	Dregg2.Games.PrivatePreferenceDescriptor
MODULE	Dregg2.Games.PrivatePreferenceCellDescriptor
MODULE	Dregg2.Games.DescentCensusDescriptor
MODULE	Dregg2.Games.PrivateShuffleDescriptor
MODULE	Dregg2.Games.PrivateShuffleFairDescriptor
MODULE	Dregg2.Games.PrivateRaidAssignmentDescriptor
MODULE	Dregg2.Games.AutomataflBraid
MODULE	Dregg2.Games.AutomataflTermination
MODULE	Dregg2.Circuit.Emit.AutomataflBraidFold
MODULE	Dregg2.Circuit.CollaborativeTensorCode
MODULE	Dregg2.Circuit.ExactFnspV3DurableAuthority
MODULE	Dregg2.Circuit.ExactFnspV3ReceiptFrame
MODULE	Dregg2.Circuit.ExactFnspV4ConsensusEnvelope
MODULE	Dregg2.Circuit.ShieldedExactApexV4
MODULE	Dregg2.Circuit.Emit.ShieldedWholeNoteSwapSubstrateDescriptor
MODULE	Dregg2.Circuit.ShieldedV4Finalization
MODULE	Dregg2.Metatheory.FOLArithmetizationCounterexamples
MODULE	Dregg2.Metatheory.SwapRelationRepairCanary
MODULE	Dregg2.Metatheory.FinitePolynomialFunctionLimits
MODULE	Dregg2.Metatheory.FiniteHOLFormulaArithmetization
MODULE	Dregg2.Metatheory.FinitePolynomialCCC
MODULE	Dregg2.Metatheory.FinitePolynomialCategoryClassification
MODULE	Dregg2.Metatheory.SmallCCCYonedaPresheaf
MODULE	Dregg2.Metatheory.FamilyPolynomialYonedaFrontier
MODULE	Dregg2.Calculus.IntensionalCCCTrace
MODULE	Dregg2.Calculus.IntensionalCCCCategory
MODULE	Dregg2.Metatheory.CCCPolynomialEvaluationFrontier
MODULE	Dregg2.Metatheory.IntegerProjectionSoundness
MODULE	Dregg2.Metatheory.GabbayMatrixCompiler
MODULE	Dregg2.Metatheory.GabbayMatrixBridge
MODULE	Dregg2.Metatheory.ProofObjectDescent
MODULE	Dregg2.Metatheory.RobustProofObjectDescent
MODULE	Dregg2.Metatheory.FinitePatchCodeDescent
MODULE	Dregg2.Metatheory.RobustDescentQueryGame
MODULE	Dregg2.Metatheory.RobustDescentTranscriptGame
MODULE	Dregg2.Realizability.PCA
MODULE	Dregg2.Realizability.IndexedPredicates
MODULE	Dregg2.Realizability.Conjunction
MODULE	Dregg2.Realizability.Disjunction
MODULE	Dregg2.Realizability.LogicalStructure
MODULE	Dregg2.Realizability.EvidencedFrame
MODULE	Dregg2.Realizability.EncodedQuantifiers
MODULE	Dregg2.Realizability.TriposFragment
MODULE	Dregg2.Realizability.UFamTripos
MODULE	Dregg2.Realizability.Assemblies
MODULE	Dregg2.Metatheory.CategoricalDescentQueryProtocol
MODULE	Dregg2.Metatheory.DirectLogicDreggWorkloads
MODULE	Dregg2.Logic.FheLogicBfvModel
MODULE	Dregg2.Logic.ProofFheSharedOpening
MODULE	Dregg2.Metatheory.CertifiedPresentationChange
MODULE	Dregg2.Metatheory.CertifiedRepresentationSearch
MODULE	Dregg2.Metatheory.CertifiedPresentationFibredCCC
MODULE	Dregg2.Metatheory.CertifiedIndexedPresentationCompiler
MODULE	Dregg2.Logic.PredBoolGraph
MODULE	Dregg2.Logic.FiniteLogicPlan
MODULE	Dregg2.Logic.FheLogicSchedule
MODULE	Dregg2.Logic.ProofFheDualCertificate
MODULE	Dregg2.Logic.CertifiedHybridProofFhe
MODULE	Dregg2.Logic.CertifiedHybridProofFheBoundOpening
MODULE	Dregg2.Logic.CertifiedHybridProofFheZeroObservation
MODULE	Dregg2.Logic.CertifiedHybridProofFheSymmetricZeroObservation
MODULE	Dregg2.Logic.CertifiedHybridProofFhePairedRootZeroObservation
MODULE	Dregg2.Calculus.LinearInteractionTrace
MODULE	Dregg2.Calculus.InteractionNetTrace
MODULE	Dregg2.Calculus.IntensionalCCCInteractionBridge
MODULE	Dregg2.Calculus.IntensionalCCCInteractionDescriptorIR2
MODULE	Dregg2.Realizability.Quantifiers
MODULE	Dregg2.Realizability.MonadicCombinatoryAlgebra
MODULE	Dregg2.Realizability.AssemblyRegularCoverage
MODULE	Dregg2.Metatheory.DirectLogicArithmetization
MODULE	Dregg2.Circuit.Emit.AdjacencyMembershipEmit
MODULE	Dregg2.Circuit.Emit.BlindedMembershipWideEmit
MODULE	Dregg2.Circuit.Emit.BoundPresentationEmit
MODULE	Dregg2.Circuit.Emit.BoundPresentationWideEmit
MODULE	Dregg2.Circuit.Emit.HeapLeafWideEmit
MODULE	Dregg2.Circuit.ShieldedSpendFoldReachRealized
MODULE	Dregg2.Circuit.Emit.ShieldedWideValueLinkDescriptor
MODULE	Dregg2.Circuit.ShieldedOnRampPin
MODULE	Dregg2.Circuit.Emit.PredicatesRelationalCompoundEmit
MODULE	Dregg2.Circuit.Emit.PredicatesRelationalCompoundRefine
MODULE	Dregg2.Circuit.Emit.PredicatesCompoundWeakCountermodel
MODULE	Dregg2.Circuit.FriArityForking
MODULE	Dregg2.Circuit.CorrelatedAgreement.Scaffolding
MODULE	Dregg2.Circuit.CorrelatedAgreement.BerlekampWelch
MODULE	Dregg2.Circuit.CorrelatedAgreement.Collinearity
MODULE	Dregg2.Circuit.CorrelatedAgreement.Interpolation
MODULE	Dregg2.Circuit.CorrelatedAgreement.Interface
MODULE	Dregg2.Circuit.CorrelatedAgreement.DecimLiftDischarge
MODULE	Dregg2.Circuit.CorrelatedAgreement.Theorems
MODULE	Dregg2.Circuit.CorrelatedAgreement.RlcDischarge
MODULE	Dregg2.Circuit.CorrelatedAgreement
MODULE	Dregg2.Circuit.FriEpsFriComposedAdversary
MODULE	Dregg2.Circuit.PassiveDescriptorOptimization
MODULE	Dregg2.Metatheory.EffectVmDescriptor2PassiveOptimization
MODULE	Dregg2.Metatheory.TypedLinearPredicateOptimizerCost
MODULE	Dregg2.Metatheory.TypedLinearPredicateOptimizedWiring
MODULE	Dregg2.Metatheory.RealizabilityLocalRewriteOracle
MODULE	Dregg2.Bridge.ProofOfHoldings
MODULE	Dregg2.Bridge.ProofOfHoldingsGeneric
MODULE	Dregg2.Bridge.HoldingFoldRecursive
MODULE	Dregg2.Metatheory.DirectLogicDreggProductionPredicates
MODULE	Dregg2.Calculus.IntensionalCCCInteractionMultiBlockDescriptorIR2
MODULE	Dregg2.Bridge.ConditionalInterchainAdapter
MODULE	Dregg2.Circuit.PeepholePassCertified
MODULE	Dregg2.Circuit.PeepholeBooleanityRule
MODULE	Dregg2.Circuit.PeepholeR2Certified
MODULE	Dregg2.Circuit.PeepholeBatchCertified
MODULE	Dregg2.Circuit.PeepholeGeneralPass
MODULE	Dregg2.Circuit.PeepholeGeneralBatch
MODULE	Dregg2.Circuit.PeepholeFrontierScan
MODULE	Dregg2.Circuit.PeepholeFrontierScanSound
MODULE	Dregg2.Circuit.PeepholeEmitMembership
MODULE	Dregg2.Tools.ConePortListCommitRun
MODULE	Dregg2.Tools.ConeCutover
MODULE	Dregg2.Circuit.ListCommitCutoverCheck
MODULE	Dregg2.Tools.ConeCutoverListCommit
MODULE	Dregg2.Circuit.Emit.PredicatesNeqEmit
MODULE	Dregg2.Circuit.Emit.DfaRoutingEmit
MODULE	Dregg2.Circuit.PeepholeDeployedShape
MODULE	Dregg2.Crypto.PrivateGraphRewriteAirBridge
MODULE	Dregg2.Crypto.HierarchicalGraphFrame
MODULE	Dregg2.Verify.FloorCensus
MODULE	Dregg2.Circuit.PremiseInhabitability
MODULE	Dregg2.Circuit.MapReconcileImtRepoint
MODULE	Dregg2.Circuit.PeepholeBaseGateScan
MODULE	Dregg2.Circuit.PremiseInhabitabilitySweep
MODULE	Dregg2.Circuit.Emit.BlindedMembershipRung2
MODULE	Dregg2.Circuit.BlindedMembershipBindingFromFold
MODULE	Dregg2.Circuit.PremiseInhabitabilitySweepSettled
MODULE	Dregg2.Circuit.PremiseInhabitabilityConclusionAxis
MODULE	Dregg2.Circuit.ExtChallengeOodSites
MODULE	Dregg2.Circuit.ExtOpeningRecordWidth
MODULE	Dregg2.Circuit.FriFoldConsistencyDichotomy
MODULE	Dregg2.Circuit.FriPositiveRadiusSchedule
MODULE	Dregg2.Crypto.CarrierContent
MODULE	Dregg2.Circuit.ProofAssurance
MODULE	Dregg2.Games.Dungeon
MODULE	Dregg2.Games.DungeonProgram
MODULE	Dregg2.Games.DungeonCompleteness
MODULE	Dregg2.Games.DungeonDeployed
MODULE	Dregg2.Circuit.MapPathCutoverCheck
MODULE	Dregg2.Exec.FFIDirect
MODULE	Dregg2.Games.AutomataflFFI
MODULE	Dregg2.Games.MultiwayTug
MODULE	Dregg2.Games.MultiwayTugFFI
MODULE	Dregg2.Crypto.MlDsaKeygen
MODULE	Dregg2.Crypto.MlDsaSignReal
MODULE	Dregg2.Crypto.MlKemKeygen
MODULE	Polis.Polis
MODULE	Metatheory.KeyLeak
MODULE	Metatheory.SettlementSoundness
MODULE	Metatheory.Bridge.InterchainAdapter
MODULE	Dregg2.Bridge.VerifiedLightClient
MODULE	Dregg2.Bridge.LightClientEth
MODULE	Dregg2.Bridge.LightClientEthGate
MODULE	Dregg2.Bridge.LightClientMpt
MODULE	Dregg2.Bridge.LightClientMptGate
MODULE	Dregg2.Bridge.LightClientTendermint
MODULE	Dregg2.Bridge.LightClientTendermintGate
MODULE	Dregg2.FFI
MODULE	Dregg2.Crypto.VerifyCoreSpec
MODULE	Dregg2.Crypto.NttFaithful
MODULE	Dregg2.Crypto.VerifyCoreEqSpec
MODULE	Dregg2.Crypto.Keccak.Fips202Spec
MODULE	Dregg2.Crypto.Keccak.Fips202Sponge
MODULE	Dregg2.Crypto.Fips204BitPack
MODULE	Dregg2.Crypto.Keccak.Fips202Lfsr
MODULE	Dregg2.Crypto.Keccak.Fips202Refine
MODULE	Dregg2.Crypto.Keccak.Fips202Round
MODULE	Dregg2.Crypto.Keccak.Fips202SpongeRefine
MODULE	Dregg2.Crypto.Fips204ChallengeHash
MODULE	Dregg2.Crypto.Keccak.Fips202Claims
MODULE	Dregg2.Circuit.MapDenotationSchema
MODULE	Dregg2.Circuit.MapPaddedDenotation
MODULE	Dregg2.Circuit.MapKindImtGates
MODULE	Dregg2.Circuit.MapInsertImtRepoint
MODULE	Dregg2.Circuit.AlgoStarkSoundFanoutMemory
MODULE	Dregg2.Circuit.AcceptanceDischarge
MODULE	Dregg2.Circuit.AlgoStarkSoundFanoutMemFree
MODULE	Dregg2.Circuit.AlgoStarkSoundKernel
MODULE	Dregg2.Circuit.AlgoStarkSoundKernelAvail
MODULE	Dregg2.Circuit.AlgoStarkSoundFanoutSetField
MODULE	Dregg2.Circuit.Emit.GuardedHidingSpanEmit
MODULE	Dregg2.Circuit.Emit.GuardedHidingSpanWideBlindEmit
MODULE	Dregg2.Circuit.Emit.GuardedHidingSpanRefine
MODULE	Dregg2.Circuit.Emit.GuardedHidingSpanWideBlindRefine
MODULE	Dregg2.Circuit.Emit.DfaRoutingTableEmit
MODULE	Dregg2.Circuit.Emit.GuardedHidingSpanGuardWeld
MODULE	Dregg2.Circuit.PeepholeBilinear
MODULE	Dregg2.Circuit.PeepholeZeroTestElision
MODULE	Dregg2.Circuit.PeepholeParityMeasurement
MODULE	Dregg2.Circuit.PeepholeR2General
MODULE	Dregg2.Circuit.PeepholeR2GeneralAssembly
MODULE	Dregg2.Crypto.CodecRoundTrip
MODULE	Dregg2.Crypto.MlDsaHintCodec
MODULE	Dregg2.Crypto.MlDsaSigCodecClosed
MODULE	Dregg2.Crypto.SignCoreSpec
MODULE	Dregg2.Crypto.EncapsCoreSpec
MODULE	Dregg2.Crypto.MlDsaSigVerAcvp
MODULE	Dregg2.Crypto.MlKemEncapsAcvp
MODULE	Dregg2.Crypto.MlDsaSigGenAcvp
MODULE	Dregg2.Crypto.CrateGeneratedKats
MODULE	Dregg2.Crypto.KeccakCavp
MODULE	Dregg2.Crypto.CryptoVerifyAll
MODULE	Dregg2.Crypto.BN254.Fq
MODULE	Dregg2.Crypto.BN254.Fp2
MODULE	Dregg2.Crypto.BN254.Fp6
MODULE	Dregg2.Crypto.BN254.Fp12
MODULE	Dregg2.Crypto.BN254.Curves
MODULE	Dregg2.Crypto.BN254.Pairing
MODULE	Dregg2.Crypto.BN254.Groth16
MODULE	Dregg2.Crypto.BN254.Primality
MODULE	Dregg2.Crypto.BN254.TowerField
MODULE	Dregg2.Crypto.BN254.Bilinearity
MODULE	Dregg2.Crypto.BN254
MODULE	Dregg2.Circuit.FinBindsKernel
MODULE	Dregg2.Circuit.FinInjectivityCollapse
MODULE	Dregg2.Circuit.KernelConfigSoundness
MODULE	Dregg2.Circuit.KernelConfigSoundnessAvail
MODULE	Dregg2.Circuit.Emit.MembershipDepthGeneralRung2
MODULE	Dregg2.Verify.ExistsImageVacuity
MODULE	Dregg2.Crypto.HandlebarsWitnessTooth
MODULE	Dregg2.Crypto.BindingSurvivesSimulation
MODULE	Dregg2.Crypto.PolyTimeRomBridge
MODULE	Dregg2.Crypto.SpongeCarrierBridge
MODULE	Dregg2.Circuit.FriProximityGapListDecoding
MODULE	Dregg2.Circuit.FriLdtJohnsonList
MODULE	Dregg2.Circuit.FriProximityGapWitness
MODULE	Dregg2.Circuit.FriCorrelatedAgreementSharp
MODULE	Dregg2.Circuit.FriIncidenceDesign
MODULE	Dregg2.Circuit.Emit.LightClientEthAir
MODULE	Dregg2.Circuit.Emit.LightClientTendermintAir
MODULE	Dregg2.Circuit.Emit.AttestedFactsRootModel
MODULE	Dregg2.Games.AutomataflDifferential
MODULE	Dregg2.Crypto.MlDsaKeygenAcvp
MODULE	Dregg2.Crypto.MlKemKeygenAcvp
MODULE	Dregg2.Crypto.MlDsaKeygenRefine
MODULE	Dregg2.Circuit.Emit.TinyAutomataCompose
MODULE	Dregg2.Circuit.Emit.TinyAutomataSatisfiable
MODULE	Dregg2.Crypto.GuardToAutomatonCircuit
MODULE	Dregg2.Crypto.InjectionGuardCircuit
MODULE	Metatheory.Adversary.Model
MODULE	Metatheory.Adversary.Schema
MODULE	Metatheory.Adversary.Instances
MODULE	Dregg2.Verify.TeethWiring
MODULE	Dregg2.Circuit.Emit.AirBuilder
MODULE	Dregg2.Circuit.Emit.Sha256Gadget
MODULE	Dregg2.Circuit.Emit.ParamComposeEmit
MODULE	Dregg2.Circuit.Emit.ParamComposeRefine
MODULE	Dregg2.Circuit.Emit.ParamComposeGolden
MODULE	Dregg2.Circuit.Emit.ParamComposeGoldenShapes
MODULE	Dregg2.Circuit.Emit.ParamComposeGoldenCensus
MODULE	Dregg2.Circuit.Emit.WideValueBindingEmit
MODULE	Dregg2.Circuit.Emit.WideValueBindingRefine
MODULE	Dregg2.Circuit.Emit.AttestedAutomatonEmit
MODULE	Dregg2.Circuit.Emit.TinyAutomataLanesK
MODULE	Dregg2.Circuit.Emit.AttestedAutomatonWeld8
MODULE	Dregg2.Circuit.Emit.CommittedRowsSemantics
MODULE	Dregg2.Circuit.Emit.DfaRoutingSubsetTableCost
MODULE	Dregg2.Circuit.Emit.TinyAutomataPacked
MODULE	Dregg2.Verify.InjSpelledFloors
MODULE	Dregg2.Verify.FloorRatchetBaseline
MODULE	Dregg2.Verify.FloorRatchetBaselineInline
MODULE	Dregg2.Verify.FloorRatchetSpecimens
MODULE	Dregg2.Verify.FloorRatchet
MODULE	Dregg2
SUMMARY	constants	929285
SUMMARY	our-constants	120222
SUMMARY	candidate-floors	35
SUMMARY	refuted-floors	27
SUMMARY	carriers	1925
SUMMARY	class-endpoint	127
SUMMARY	class-threader	1266
SUMMARY	class-dead	100
SUMMARY	class-no-value	14
SUMMARY	class-tooth	95
SUMMARY	class-prop-body	16
SUMMARY	class-propdef-user	37
SUMMARY	class-embedded	270
SUMMARY	carriers-v1-classes	1602
SUMMARY	embedded-refut-witness	27
SUMMARY	surface-port	1898
SUMMARY	dead-thm-clean	8
SUMMARY	dead-thm-flagged	27
SUMMARY	dead-def-boiler	65
SUMMARY	dead-def-other	0
SUMMARY	dead-other-kind	0
SUMMARY	ho-thread-sites	10
SUMMARY	ho-opaque-sites	3
SUMMARY	ho-local-sites	0
SUMMARY	relevel-changed	62
SUMMARY	propbody-direct	13
SUMMARY	propbody-via	3
SUMMARY	body-floor-binder-sites	18
SUMMARY	uses-propdef-sites	119
SUMMARY	multi-floor-carriers	547
SUMMARY	multi-floor-threaders	412
SUMMARY	multi-floor-combos	27
SUMMARY	bridges	20
SUMMARY	conc-floor	198
SUMMARY	aux-endpoints	2
SUMMARY	bundle-structs	7
SUMMARY	bundle-projs	18
SUMMARY	shape-only-injective-sites	527
SUMMARY	floor-carriers	Dregg2.Crypto.HermineHintMLWE.HashCR	57
SUMMARY	floor-carriers	Dregg2.Apps.QueueRoot.LenBindCR	9
SUMMARY	floor-carriers	Dregg2.Circuit.Blake3FloorReduce.MacPrfShape	3
SUMMARY	floor-carriers	Dregg2.Circuit.HashFloorHonesty.CollisionResistant	57
SUMMARY	floor-carriers	Dregg2.Circuit.DeployedCapTree.Compress8CR	31
SUMMARY	floor-carriers	Dregg2.Circuit.StateCommit.logHashInjective	291
SUMMARY	floor-carriers	Dregg2.Crypto.CommitmentBinding.Compress1CR	10
SUMMARY	floor-carriers	Dregg2.Apps.QueueRoot.PairCR	10
SUMMARY	floor-carriers	Dregg2.Authority.MacaroonDischarge.BindingHashCR	7
SUMMARY	floor-carriers	Dregg2.Crypto.RandomnessBeacon.HonestSlotCR	8
SUMMARY	floor-carriers	Dregg2.Circuit.Blake3FloorReduce.Blake3NoCollision	6
SUMMARY	floor-carriers	Dregg2.Circuit.StateCommit.compressNInjective	753
SUMMARY	floor-carriers	Dregg2.Crypto.HomomorphicDigest.SumInjective	7
SUMMARY	floor-carriers	Dregg2.Crypto.Lattice.MSISHard	45
SUMMARY	floor-carriers	Dregg2.Exec.Factory.HashInjective	4
SUMMARY	floor-carriers	Dregg2.Circuit.CouncilCommit.RosterCR	5
SUMMARY	floor-carriers	Dregg2.Apps.QueueRoot.RootCR	12
SUMMARY	floor-carriers	Dregg2.Deos.InAirAuthorityDigestGadget.FloorDigestBinds	7
SUMMARY	floor-carriers	Dregg2.Circuit.Poseidon2Binding.Poseidon2SpongeCR	732
SUMMARY	floor-carriers	Dregg2.Apps.PreRotation.KeySetCR	12
SUMMARY	floor-carriers	Dregg2.Circuit.FriVerifier.CompressInjective	5
SUMMARY	floor-carriers	Dregg2.Crypto.SpongeReduction.CompressionCR	9
SUMMARY	floor-carriers	Dregg2.Apps.QueueRoot.LeafCR	11
SUMMARY	floor-carriers	Dregg2.Distributed.ThresholdDecrypt.Blake3Prf	4
SUMMARY	floor-carriers	Dregg2.Spike.EffectVmConstraints2.CommitTreeInjective	6
SUMMARY	floor-carriers	Dregg2.Circuit.StateCommit.cellLeafInjective	470
SUMMARY	floor-carriers	Dregg2.Circuit.StateCommit.compressInjective	366
SUMMARY	level-0	542
SUMMARY	level-1	263
SUMMARY	level-2	365
SUMMARY	level-3	282
SUMMARY	level-4	164
SUMMARY	level-5	133
SUMMARY	level-6	81
SUMMARY	level-7	52
SUMMARY	level-8	22
SUMMARY	level-9	14
SUMMARY	level-10	6
SUMMARY	level-11	1
SUMMARY	level-v1edges-0	274
SUMMARY	level-v1edges-1	239
SUMMARY	level-v1edges-2	357
SUMMARY	level-v1edges-3	269
SUMMARY	level-v1edges-4	169
SUMMARY	level-v1edges-5	127
SUMMARY	level-v1edges-6	77
SUMMARY	level-v1edges-7	48
SUMMARY	level-v1edges-8	21
SUMMARY	level-v1edges-9	14
SUMMARY	level-v1edges-10	6
SUMMARY	level-v1edges-11	1
