0 0 0 0 0 0 0 0 0 1 0 0 0 0 0 0 0 0 0 0 0 0 0 0 0 0 0 1 0 0 0 0 0 0 0 0 1 0 0 0 0 0 0 0 0 1 0 0 0 0 0 0 0 0 1 0 0 0 0 0 0 0 0 0 0 0 0 0 0 0 0 0 1 0 0 0 0 0 0 0 0 1 0 0 0 0 0 0 0 0 1 0 0 0 0 0 0 0 0 1 0 0 0 0 0 0 0 0 0 0 0 0 0 0 0 0 0 0 0 0 0 0 0 0 0 0 0 0 0 0 0 0 0 0 0 0 0 0 0 0 0 0 0 0 0 0 0 0 0 0 0 0 0 0 0 0 0 0 0 0 0 0 0 0 0 0 0 0 0 0 0 0 0 0 0 0 0 0 0 0 0 0 0 0 0 0 0 0 0 1 0 0 0 0 0 0 0 0 1 0 0 0 0 0 0 0 0 0 0 0 0 0 0 0 0 0 0 0 0 0 0 0 0 0 0 0 0 0 0 0 0 0 0 0 0 0 0 0 0 0 0 0 0 0 0 0 0 0 0 0 0 0 1 0 0 0 0 0 0 0 0 1 0 0 0 0 0 0 0 0 0 0 0 0 0 0 0 0 0 0 0 0 0 0 0 0 0 0 0 0 0 0 0 0 0 0 0 0 0 0 0 0 0 0 0 0 0 0 0 0 0 0 0 0 0 0 0 0 0 0 0 0 0 0 0 0 0 0 0 0 0 0 0 0 0 0 0 0 0 0 0 0 0 0 0 0 0 0 0 0 0 0 0 0 0 0 0 0 0 0 0 0 0 0 0 0 0 0 0 0 0 0 0 0 0 0 0 0 0 0 0 0 0 0 0 0 0 0 0 0 0 0 0 0 0 0 0 0 0 0 0 0 0 0 0 0 0 0 0 0 0 0 0 0 0 0 0 0 0 0 0 0 0 0 0 0 0 0 0 0 0 0 0 0 0 0 0 0 0 0 0 0 0 0 0 0 0 0 0 0 0 1 0 0 0 0 0 0 0 0 0 0 0 0 0 0 0 0 0 0 0 0 0 0 0 0 0 0 1 0 0 0 0 0 0 0 0 0 0 0 0 0 0 0 0 0 0 0 0 0 0 0 0 0 0 1 0 0 0 0 0 0 0 0 0 0 0 0 0 0 0 0 0 1 1
0 0 0 0 0 0 0 0 0 6 0 0 0 0 0 0 0 0 0 0 0 0 0 0 0 0 0 1 0 0 0 0 0 0 0 0 183315137 658368655 869562129 425129228 955143311 1051181453 691520829 761840260 7028 183315137 658368655 869562129 425129228 955143311 1051181453 691520829 761840260 7028 6 0 0 0 0 0 0 0 0 183315131 658368655 869562129 425129228 955143311 1051181453 691520829 761840260 7028 1 0 0 0 0 0 0 0 0 183315137 658368655 869562129 425129228 955143311 1051181453 691520829 761840260 7028 183315137 658368655 869562129 425129228 955143311 1051181453 691520829 761840260 7028 6 0 0 0 0 0 0 0 0 183315131 658368655 869562129 425129228 955143311 1051181453 691520829 761840260 7028 0 0 0 0 0 0 0 0 0 366630262 242995486 665382435 850258457 836544798 1028621083 309299835 449938697 14057 0 0 0 0 0 0 0 0 0 0 0 0 0 0 0 0 0 0 0 0 0 0 0 0 0 0 0 0 0 0 0 0 0 0 0 0 0 0 0 0 0 0 0 0 0 0 0 0 0 0 0 0 0 0 6 0 0 0 0 0 0 0 0 6 0 0 0 0 0 0 0 0 0 0 0 0 0 0 0 0 0 0 0 0 0 0 0 0 0 0 26148960 571075571 224110326 884817992 362150679 938379603 927899507 276074267 9404 26148960 571075571 224110326 884817992 362150679 938379603 927899507 276074267 9404 0 0 0 0 0 0 0 0 0 36 0 0 0 0 0 0 0 0 36 0 0 0 0 0 0 0 0 0 0 0 0 0 0 0 0 0 26148960 571075571 224110326 884817992 362150679 938379603 927899507 276074267 9404 26148960 571075571 224110326 884817992 362150679 938379603 927899507 276074267 9404 0 0 0 0 0 0 0 0 0 0 0 0 0 0 0 0 0 0 0 0 0 0 0 0 0 0 0 0 0 0 0 0 0 0 0 0 0 0 0 0 0 0 0 0 0 0 0 0 0 0 0 0 0 0 0 0 0 0 0 0 0 0 0 0 0 0 0 0 0 0 0 0 0 0 0 0 0 0 0 0 0 2 0 0 0 0 0 0 0 0 0 0 0 0 0 0 0 0 0 0 0 0 0 0 0 0 0 0 0 0 0 0 0 0 0 0 0 2 0 0 0 0 0 0 0 0 0 0 0 0 0 0 0 0 0 0 0 0 0 0 0 0 0 0 0 0 0 0 0 0 0 0 0 0 1 0 0 0 0 0 0 0 0 0 0 0 0 0 0 0 0 0 183315131 658368655 869562129 425129228 955143311 1051181453 691520829 761840260 7028 6 0 0 0 0 0 0 0 0 183315131 658368655 869562129 425129228 955143311 1051181453 691520829 761840260 7028 183315131 658368655 869562129 425129228 955143311 1051181453 691520829 761840260 7028 6 0 0 0 0 0 0 0 0 183315131 658368655 869562129 425129228 955143311 1051181453 691520829 761840260 7028 1 0
1073724977 615826355 349147577 296107778 34 0 0 0 16384 1073720441 615826355 349147577 296107778 34 0 0 0 16384 10368 0 0 0 0 0 0 0 0 26148996 571075571 224110326 884817992 362150679 938379603 927899507 276074267 9404 107864219 348160664 378519169 143621480 743277764 894576795 638282417 1014785410 3747 161773193 791639203 1066266763 172912934 619068131 940774022 86836772 319436726 4669 1073703593 615826355 349147577 296107778 34 0 0 0 16384 161811425 791639203 1066266763 172912934 619068131 940774022 86836772 319436726 4669 26148996 571075571 224110326 884817992 362150679 938379603 927899507 276074267 9404 181407635 46897557 256569255 116615243 203362522 1018806176 515761593 366662969 9036 661879726 351946621 351639264 238470133 509471873 44322600 1044796233 609348973 14827 1073730809 615826355 349147577 296107778 34 0 0 0 16384 661890742 351946621 351639264 238470133 509471873 44322600 1044796233 609348973 14827 52297919 526324786 99073075 399786382 724301325 803017382 782057191 552148535 2424 289273042 395058221 635088424 260236723 946640286 839641147 80302187 307706556 12784 1073728865 615826355 349147577 296107778 34 0 0 0 16384 1073735345 615826355 349147577 296107778 34 0 0 0 16384 1073735345 615826355 349147577 296107778 34 0 0 0 16384 1073708129 615826355 349147577 296107778 34 0 0 0 16384 1073691281 615826355 349147577 296107778 34 0 0 0 16384 155520 0 0 0 0 0 0 0 0 134136 0 0 0 0 0 0 0 0 1073564921 615826355 349147577 296107778 34 0 0 0 16384 1073644625 615826355 349147577 296107778 34 0 0 0 16384 682575999 177445326 167071623 451564594 309860829 769173592 307862307 1026225308 11766 868750057 582092344 641831242 400510851 670392049 73804645 251807083 323864685 14723 186174058 404647018 474759619 1022688081 360531219 378372877 1017686599 371381200 2956 617909504 4 0 0 0 0 0 0 0 966867009 615826333 349147577 296107778 34 0 0 0 16384 511034689 615826338 349147577 296107778 34 0 0 0 16384 94822613 100895603 1000217026 3341093 805107347 174478730 378728259 245924456 6547 1033730079 697181601 966391390 904374876 216637199 1021599581 4646744 258846320 7682 54810868 798077205 892866592 907715970 1021744546 122336487 383375004 504770776 14229 412637871 624963667 145085733 808017771 929593710 642408882 272508875 305089763 2151 35 0 0 0 0 0 0 0 0 837913952 919317758 891825023 280515646 752403857 997678598 970267346 829336041 5186 412637539 624963667 145085733 808017771 929593710 642408882 272508875 305089763 2151 837913630 919317758 891825023 280515646 752403857 997678598 970267346 829336041 5186 64346957 546020983 364991266 843088288 269871201 293050167 257766609 887403230 1891 0 0 0 0 0 0 0 0 0 14 0 0 0 0 0 0 0 0 661802775 351946621 351639264 238470133 509471873 44322600 1044796233 609348973 14827 161761008 791639203 1066266763 172912934 619068131 940774022 86836772 319436726 4669 1073594081 615826355 349147577 296107778 34 0 0 0 16384 134135 0 0 0 0 0 0 0 0 161797020 791639203 1066266763 172912934 619068131 940774022 86836772 319436726 4669 121393 0 0 0 0 0 0 0 0 0 1 1 1 0 1 0 1 1 0 0 1 1 1 1 0 0 0 0 26148960 571075571 224110326 884817992 362150679 938379603 927899507 276074267 9404 36 0 0 0 0 0 0 0 0 26148960 571075571 224110326 884817992 362150679 938379603 927899507 276074267 9404 107864813 348160664 378519169 143621480 743277764 894576795 638282417 1014785410 3747 1073741231 615826355 349147577 296107778 34 0 0 0 16384 181408229 46897557 256569255 116615243 203362522 1018806176 515761593 366662969 9036 107864813 348160664 378519169 143621480 743277764 894576795 638282417 1014785410 3747 1073741231 615826355 349147577 296107778 34 0 0 0 16384 181408229 46897557 256569255 116615243 203362522 1018806176 515761593 366662969 9036 1 0
245514496 472197632 0 0 0 0 0 0 0 733574656 452824486 1 0 0 0 0 0 0 278405376 97803282 0 0 0 0 0 0 0 697208746 404647000 474759619 1022688081 360531219 378372877 1017686599 371381200 2956 957664996 485966902 877997278 368566507 344670015 1070522523 680771178 777199563 13818 604208282 424228755 783165303 689428014 874495773 516301209 360156016 770008391 13220 979089152 925022118 1 0 0 0 0 0 0 698860954 572948460 783165301 689428014 874495773 516301209 360156016 770008391 13220 565845556 798077187 892866592 907715970 1021744546 122336487 383375004 504770776 14229 494751325 137913738 44456094 783423225 795123596 656741931 359688825 862324566 5223 911178454 312933950 266276458 690128046 308234816 15570642 247016966 662919396 538 1011980032 550627768 1 0 0 0 0 0 0 972940246 836048005 266276456 690128046 308234816 15570642 247016966 662919396 538 240984925 586897867 1018478634 560554449 308533908 500709365 327319779 876151977 801 552899664 8054285 573305795 855881954 66051753 653522631 1040460004 565782305 2658 717472768 999803093 0 0 0 0 0 0 0 523919872 570000914 0 0 0 0 0 0 0 193552896 429802179 0 0 0 0 0 0 0 491028992 944395264 0 0 0 0 0 0 0 736543488 342851072 1 0 0 0 0 0 0 954855168 393307409 1 0 0 0 0 0 0 614688000 846131896 2 0 0 0 0 0 0 852461312 59517076 0 0 0 0 0 0 0 755809792 4581743 6 0 0 0 0 0 0 659276490 182720793 42263962 709571733 3307243 433590683 558565283 526733787 15560 759409417 548747665 406079907 865061667 51714683 84718051 803314661 901201182 2197 100132928 981853228 712963522 451597712 48407474 724869192 244749377 374467395 3021 683278336 636783541 252534037 989409329 7 0 0 0 0 356712448 68935851 845298847 165934903 0 0 0 0 0 1039990784 705719392 24091060 81602409 8 0 0 0 0 223249801 353483169 293336973 968060411 1052774528 173378743 160901824 712218119 1763 762005549 148792945 245188653 402723737 686572296 814311025 1045310542 460381289 16096 985255349 960191582 189378048 934546 665604967 987689769 132470542 98857585 1476 481773496 337257654 115541829 622453057 1010509840 306587048 134674011 499068632 2493 423922105 615826338 349147577 296107778 34 0 0 0 16384 217974084 305150092 860639388 130296034 314904789 449737595 94020608 925766520 4536 701973198 337257639 115541829 622453057 1010509840 306587048 134674011 499068632 2493 585455118 305150086 860639388 130296034 314904789 449737595 94020608 925766520 4536 1064111376 699470625 574544874 76110596 412857929 585362805 307014739 113336169 130 0 0 0 0 0 0 0 0 0 0 0 0 0 0 0 0 0 0 332730678 211943599 0 0 0 0 0 0 0 662080247 48026027 0 0 0 0 0 0 0 0 0 0 0 0 0 0 0 0 0 0 0 0 0 0 0 0 0 613533815 69347407 1 0 0 0 0 0 0 649733587 98413903 0 0 0 0 0 0 0 1 1 0 0 1 1 0 0 1 1 0 0 0 0 0 0 1 0 1 186174058 404647018 474759619 1022688081 360531219 378372877 1017686599 371381200 2956 511034689 615826338 349147577 296107778 34 0 0 0 16384 54810868 798077205 892866592 907715970 1021744546 122336487 383375004 504770776 14229 1044777580 485966902 877997278 368566507 344670015 1070522523 680771178 777199563 13818 986629241 615826355 349147577 296107778 34 0 0 0 16384 581863909 137913738 44456094 783423225 795123596 656741931 359688825 862324566 5223 1044777580 485966902 877997278 368566507 344670015 1070522523 680771178 777199563 13818 986629241 615826355 349147577 296107778 34 0 0 0 16384 581863909 137913738 44456094 783423225 795123596 656741931 359688825 862324566 5223 1 0
0 0 0 0 0 0 0 0 0 1039990784 705719392 24091060 81602409 8 0 0 0 0 0 0 0 0 0 0 0 0 0 66381888 613830797 737054583 533200121 48407482 724869192 244749377 374467395 3021 1 0 0 0 0 0 0 0 0 66381888 613830797 737054583 533200121 48407482 724869192 244749377 374467395 3021 1039990784 705719392 24091060 81602409 8 0 0 0 0 100132928 981853228 712963522 451597712 48407474 724869192 244749377 374467395 3021 951504309 592169151 213469109 82536955 665604975 987689769 132470542 98857585 1476 1 0 0 0 0 0 0 0 0 951504309 592169151 213469109 82536955 665604975 987689769 132470542 98857585 1476 1039990784 705719392 24091060 81602409 8 0 0 0 0 985255349 960191582 189378048 934546 665604967 987689769 132470542 98857585 1476 11646453 868302987 902341571 452532258 714012441 638817137 377219920 473324980 4497 0 0 0 0 0 0 0 0 0 0 0 0 0 0 0 0 0 0 0 0 0 0 0 0 0 0 0 0 0 0 0 0 0 0 0 0 0 0 0 0 0 0 0 0 0 0 0 0 0 0 0 0 0 0 0 0 0 0 0 0 0 0 0 1039990784 705719392 24091060 81602409 8 0 0 0 0 1039990784 705719392 24091060 81602409 8 0 0 0 0 0 0 0 0 0 0 0 0 0 0 0 0 0 0 0 0 0 0 124093382 288149707 29350713 769235368 763748422 576358630 918559134 283113658 4764 124093382 288149707 29350713 769235368 763748422 576358630 918559134 283113658 4764 0 0 0 0 0 0 0 0 0 0 835334180 556074096 299552972 431885142 379368934 814523412 238098353 65 0 835334180 556074096 299552972 431885142 379368934 814523412 238098353 65 0 0 0 0 0 0 0 0 0 934460859 607639671 785807068 864585338 125407356 696078922 808311513 202018603 4280 934460859 607639671 785807068 864585338 125407356 696078922 808311513 202018603 4280 0 0 0 0 0 0 0 0 0 0 0 0 0 0 0 0 0 0 0 0 0 0 0 0 0 0 0 0 0 0 0 0 0 0 0 0 0 0 0 0 0 0 0 0 0 0 0 0 0 0 0 0 0 0 0 0 0 0 0 0 0 0 0 0 0 0 0 0 0 0 0 0 0 0 0 0 0 0 0 0 0 1071283258 872522187 734379588 525363246 1 0 0 0 0 0 0 0 0 0 0 0 0 0 0 0 0 0 0 0 0 0 0 0 0 0 0 0 0 0 0 0 892224069 198164085 816921630 781249205 0 0 0 0 0 0 0 0 0 0 0 0 0 0 0 0 0 0 0 0 0 0 0 0 100132928 981853228 712963522 451597712 48407474 724869192 244749377 374467395 3021 1039990784 705719392 24091060 81602409 8 0 0 0 0 985255349 960191582 189378048 934546 665604967 987689769 132470542 98857585 1476 0 0 0 0 0 0 0 0 0 1 0 0 0 0 0 0 0 0 0 0 0 0 0 0 0 0 0 813252711 944312650 60456430 927441999 491464784 1029502779 192863162 526990320 8803 823228128 83671767 0 0 0 0 0 0 0 625827518 456716838 556434355 379429981 676315872 60342815 869984490 493512028 2765 0 0
690419461 812308699 240927952 24442408 172327853 761294830 405925858 502201785 7132 403049882 678725118 361998850 603241927 12822755 1040366159 562730144 519408969 5979 80386843 660379667 367563208 403444456 1046881295 131295345 69075036 988094210 9405 124093382 49742063 585424810 1068788340 121891740 955727565 659340722 521212012 4829 124093382 49742063 585424810 1068788340 121891740 955727565 659340722 521212012 4829 198509616 592835773 217887818 222680746 666295389 653540226 336732273 309539582 9387 19727519 417291994 602926803 627684335 185150608 727919165 968656003 1021610754 13111 178782098 791370135 1037850416 964846012 481144814 999362885 441818093 361670651 12659 934460859 369232027 268139341 90396487 557292499 1706032 549093102 440116957 4345 934460859 369232027 268139341 90396487 557292499 1706032 549093102 440116957 4345 927733242 69612452 889258126 903042891 913228656 1002833630 704710849 804901815 15767 483436725 265362961 729562059 1006686383 1059704050 97919680 631805181 433761355 15385 444296517 877991315 159696066 970098332 927266429 904913949 72905668 371140460 382 1058554241 895789378 815157781 560078882 889155779 198695728 653128824 485132262 9044 1058554241 895789378 815157781 560078882 889155779 198695728 653128824 485132262 9044 140638479 1011838318 2867023 501837986 58644008 22392508 427320592 251324328 10320 770806303 856862010 259343583 131779086 145467290 892590176 475000894 416554171 154 443574000 154976307 817265264 370058899 986918542 203544155 1026061521 908511980 10165 307097098 550875575 481855905 48884816 344655706 448847836 811851717 1004403570 14264 997516558 747357918 373636280 850961270 516983524 136400842 144035752 432863532 5013 132060813 684116862 572783860 461579146 670833620 895688365 1036125541 862769438 10016 535110695 289100156 934782711 1064821073 683656375 862312700 525113862 308436584 15996 270989070 610434612 138362567 437770559 415730993 144677793 600346427 730381354 12346 211159047 3432879 526716172 738429843 845134114 905678690 358537281 742777826 5031 886997903 247983344 279665699 1073731386 961750945 407910617 412571337 6554361 801 461775289 671508865 269899790 482862476 271587172 708447882 829560138 1053942138 6116 648519210 423525520 1063975915 482872913 383578050 300537264 416988801 1047387777 5315 75281631 683516870 1056850953 909437616 573659049 587616248 402133021 557419365 6424 704367096 937188979 514176206 755681960 589289788 304011822 660707115 842087704 11472 779648726 1004879493 148137758 295269975 89206980 891628071 1062840136 325765245 1513 9728057 66032366 963189085 1026912965 400289196 341728080 19328883 708230881 4365 839610347 848688913 989029622 605807001 551584256 958320762 1007891041 631314393 1431 849338404 914721279 878476883 558978143 951873453 226307018 1027219925 265803450 5797 686376479 996527668 1069703061 719352583 110705199 750776923 917602614 417354129 1385 670691942 275863625 833665394 349193615 102718157 499992633 675984282 278782030 0 970918782 748779129 712060287 290146135 435434779 919237804 1047157583 176852316 1118 104544500 865011007 288595595 747109373 487396714 690877701 773360358 622420840 1423 123572383 651008332 578199555 728155702 58281424 259519279 980631674 538648219 1152 244369906 434184469 107062755 569420736 1026870466 901780234 273097516 863805579 4992 8 0 0 0 0 0 0 0 0 9 0 0 0 0 0 0 0 0 576299348 979494726 535490003 178520690 675124479 887268980 469413663 453343069 117 552318531 839139347 813890064 200881672 872659084 384994307 110964959 904899503 9539 554827395 133901858 24835876 606837908 488255194 203449417 429131474 715867797 1539 943182122 631236846 545520172 999939540 583997317 983346403 217149805 544436527 12054 274801603 1021287185 783070600 525544999 682427760 913345544 332358527 729216982 3873 198764952 470438757 709948620 470858341 425306973 559792931 669355753 319741723 373 0 0 0 1 0 0 0 0 0 0 1 0 0 1 0 1 0 1 0 124093382 288149707 29350713 769235368 763748422 576358630 918559134 283113658 4764 0 835334180 556074096 299552972 431885142 379368934 814523412 238098353 65 934460859 607639671 785807068 864585338 125407356 696078922 808311513 202018603 4280 124093382 288149707 29350713 769235368 763748422 576358630 918559134 283113658 4764 0 835334180 556074096 299552972 431885142 379368934 814523412 238098353 65 934460859 607639671 785807068 864585338 125407356 696078922 808311513 202018603 4280 124093382 288149707 29350713 769235368 763748422 576358630 918559134 283113658 4764 0 835334180 556074096 299552972 431885142 379368934 814523412 238098353 65 934460859 607639671 785807068 864585338 125407356 696078922 808311513 202018603 4280 1 1
0 0 0 0 0 0 0 0 0 779648726 1004879493 148137758 295269975 89206980 891628071 1062840136 325765245 1513 0 0 0 0 0 0 0 0 0 354426112 354663190 138371850 778142889 472785030 118423511 406087114 299411199 6829 1 0 0 0 0 0 0 0 0 354426112 354663190 138371850 778142889 472785030 118423511 406087114 299411199 6829 779648726 1004879493 148137758 295269975 89206980 891628071 1062840136 325765245 1513 648519210 423525520 1063975915 482872913 383578050 300537264 416988801 1047387777 5315 555245306 845858949 1026614642 854248118 1041080433 44193265 1016318238 591568696 7310 1 0 0 0 0 0 0 0 0 555245306 845858949 1026614642 854248118 1041080433 44193265 1016318238 591568696 7310 779648726 1004879493 148137758 295269975 89206980 891628071 1062840136 325765245 1513 849338404 914721279 878476883 558978143 951873453 226307018 1027219925 265803450 5797 424115790 264504976 868710975 1041851057 261709679 526844283 370466902 239449404 11113 0 0 0 0 0 0 0 0 0 0 0 0 0 0 0 0 0 0 0 0 0 0 0 0 0 0 0 0 0 0 0 0 0 0 0 0 0 0 0 0 0 0 0 0 0 0 0 0 0 0 0 0 0 0 0 0 0 0 0 0 0 0 0 779648726 1004879493 148137758 295269975 89206980 891628071 1062840136 325765245 1513 779648726 1004879493 148137758 295269975 89206980 891628071 1062840136 325765245 1513 0 0 0 0 0 0 0 0 0 0 0 0 0 0 0 0 0 0 1071088137 580051616 184848368 856484165 287785088 883390583 33555837 569803141 13221 1071088137 580051616 184848368 856484165 287785088 883390583 33555837 569803141 13221 0 0 0 0 0 0 0 0 0 128900385 110159866 766466459 268184575 559356695 1028335009 939757968 315834081 8587 128900385 110159866 766466459 268184575 559356695 1028335009 939757968 315834081 8587 0 0 0 0 0 0 0 0 0 473659200 195869902 660766810 513393324 486306994 45820253 505863807 195704830 2966 473659200 195869902 660766810 513393324 486306994 45820253 505863807 195704830 2966 0 0 0 0 0 0 0 0 0 0 0 0 0 0 0 0 0 0 0 0 0 0 0 0 0 0 0 0 0 0 0 0 0 0 0 0 0 0 0 0 0 0 0 0 0 0 0 0 0 0 0 0 0 0 0 0 0 0 0 0 0 0 0 0 0 0 0 0 0 0 0 0 0 0 0 0 0 0 0 0 0 1070555411 761330630 764575323 1057603749 292356548 936874425 571591065 9154853 491 0 0 0 0 0 0 0 0 0 130579907 114077046 234580040 1057612762 106067925 153086778 980593358 833038439 139 0 0 0 0 0 0 0 0 0 781950680 443305057 323262884 262696165 439808373 87302826 650734745 495084034 535 0 0 0 0 0 0 0 0 0 0 0 0 0 0 0 0 0 0 0 648519210 423525520 1063975915 482872913 383578050 300537264 416988801 1047387777 5315 779648726 1004879493 148137758 295269975 89206980 891628071 1062840136 325765245 1513 849338404 914721279 878476883 558978143 951873453 226307018 1027219925 265803450 5797 0 0 0 0 0 0 0 0 0 1 0 0 0 0 0 0 0 0 0 0 0 0 0 0 0 0 0 183315131 658368655 869562129 425129228 955143311 1051181453 691520829 761840260 7028 6 0 0 0 0 0 0 0 0 183315131 658368655 869562129 425129228 955143311 1051181453 691520829 761840260 7028 0 0
0 0 0 0 0 0 0 0 0 128900385 110159866 766466459 268184575 559356695 1028335009 939757968 315834081 8587 0 0 0 0 0 0 0 0 0 126246697 74385127 602167250 828560962 847141749 837983768 973313806 885637222 5424 1 0 0 0 0 0 0 0 0 126246697 74385127 602167250 828560962 847141749 837983768 973313806 885637222 5424 128900385 110159866 766466459 268184575 559356695 1028335009 939757968 315834081 8587 1071088137 580051616 184848368 856484165 287785088 883390583 33555837 569803141 13221 602559585 306029768 353491445 781577900 1045663689 413438 371879952 511538912 11553 1 0 0 0 0 0 0 0 0 602559585 306029768 353491445 781577900 1045663689 413438 371879952 511538912 11553 128900385 110159866 766466459 268184575 559356695 1028335009 939757968 315834081 8587 473659200 195869902 660766810 513393324 486306994 45820253 505863807 195704830 2966 471005513 775921519 845615178 296135665 774092083 929210836 539419644 765507971 16187 0 0 0 0 0 0 0 0 0 0 0 0 0 0 0 0 0 0 0 0 0 0 0 0 0 0 0 0 0 0 0 0 0 0 0 0 0 0 0 0 0 0 0 0 0 0 0 0 0 0 0 0 0 0 0 0 0 0 0 0 0 0 0 128900385 110159866 766466459 268184575 559356695 1028335009 939757968 315834081 8587 128900385 110159866 766466459 268184575 559356695 1028335009 939757968 315834081 8587 0 0 0 0 0 0 0 0 0 0 0 0 0 0 0 0 0 0 407971610 587276119 414810223 913509627 854094105 74925843 936188104 215394720 4706 407971610 587276119 414810223 913509627 854094105 74925843 936188104 215394720 4706 0 0 0 0 0 0 0 0 0 100830619 190260706 47597726 282657323 353181634 394105867 1054757331 204626676 11458 100830619 190260706 47597726 282657323 353181634 394105867 1054757331 204626676 11458 0 0 0 0 0 0 0 0 0 903027999 435416216 90800130 237518592 731519225 733590822 926710685 604048851 1125 903027999 435416216 90800130 237518592 731519225 733590822 926710685 604048851 1125 0 0 0 0 0 0 0 0 0 0 0 0 0 0 0 0 0 0 0 0 0 0 0 0 0 0 0 0 0 0 0 0 0 0 0 0 0 0 0 0 0 0 0 0 0 0 0 0 0 0 0 0 0 0 0 0 0 0 0 0 0 0 0 0 0 0 0 0 0 0 0 0 0 0 0 0 0 0 0 0 0 248930575 614508606 226192111 802119050 458727052 609815665 788181992 815064281 6929 0 0 0 0 0 0 0 0 0 534474918 24953854 106103557 267541274 83153236 1004249645 296676043 892646552 4500 0 0 0 0 0 0 0 0 0 290030113 90207876 106755579 53041354 867520808 989088901 571976425 704091700 1554 1 0 0 1 0 0 0 0 0 0 0 0 0 0 0 0 0 0 0 1071088137 580051616 184848368 856484165 287785088 883390583 33555837 569803141 13221 128900385 110159866 766466459 268184575 559356695 1028335009 939757968 315834081 8587 473659200 195869902 660766810 513393324 486306994 45820253 505863807 195704830 2966 0 0 0 0 0 0 0 0 0 1 0 0 0 0 0 0 0 0 0 0 0 0 0 0 0 0 0 107864813 348160664 378519169 143621480 743277764 894576795 638282417 1014785410 3747 1073741231 615826355 349147577 296107778 34 0 0 0 16384 181408229 46897557 256569255 116615243 203362522 1018806176 515761593 366662969 9036 0 0
939388901 1054607897 51405474 200952111 308577673 109765455 775585088 829082234 15595 435726024 1036039636 676143938 635461413 665605342 89823501 314443096 947631946 12782 995562383 299340980 601477030 881967464 982223410 180727824 361495067 780229457 8733 508802229 777536825 462407949 122425126 133533916 469031711 917203611 420021397 16164 957664996 485966902 877997278 368566507 344670015 1070522523 680771178 777199563 13818 227087844 566315086 753385566 961809085 728707109 1025460348 196843552 768019939 12663 301373100 401079354 378401836 540305746 974182981 199588956 16286360 702972357 11994 999456568 165235731 374983730 421503339 828265952 825871391 180557192 65047582 669 1003858618 625676922 138397856 520175915 10959035 53954866 907726193 808675528 12583 494751325 137913738 44456094 783423225 795123596 656741931 359688825 862324566 5223 460273050 118874017 584678639 747128375 732134550 85667264 509065244 993896770 5347 357546582 719554261 928473391 147579275 574086895 270551326 675938163 654119579 5132 102726468 473061580 729947071 599549099 158047655 888857762 906868904 339777190 215 237257785 1022692336 505610353 77286395 511871507 808516666 789156965 819443572 5831 552899664 8054285 573305795 855881954 66051753 653522631 1040460004 565782305 2658 568829717 591524638 770259792 742430342 461332999 722926548 277152741 319139381 13043 861209459 738122522 303734927 786811797 217059225 290493280 63338331 535569868 7945 781362082 927143939 466524864 1029360369 244273773 432433268 213814410 857311337 5097 805035977 419647615 827405196 105796443 617155312 219530910 477428352 584422645 14807 670683053 858429157 529663093 10640776 925732951 329296365 179271616 339763056 14019 974792026 179330221 135671467 419339280 774707210 563433725 53716887 966023620 16317 336776225 599543502 462667828 758692915 366570694 653257227 368159983 839913742 12716 534675823 398793946 889620049 512229911 964639990 600131599 260726208 1055350150 12848 983012986 706435431 232573542 297330716 442881000 44048079 1059732508 1048509993 10930 681549781 83817723 872260143 572852869 887602985 107141969 1031785641 650980149 6901 178596214 809596266 552790674 218381584 807567647 276444478 383151250 911143991 12997 570788257 725778542 754272355 719270538 993706485 169302508 425107433 260163841 6096 852290443 709906432 672029938 221729173 685921270 274499210 784508779 495623792 7492 107778175 247551458 485716349 825283167 741983229 858042880 363728426 958572536 7048 960068618 957457890 84004463 1047012341 354162675 58800267 74495382 380454505 14541 814441722 889749105 6696904 12097108 311208710 1012901589 508443767 934674288 12899 459868317 220349028 697227362 1035067655 533383970 400376201 2290049 254296112 6030 200568214 494271778 354776689 751056985 844592646 339535966 510733817 115228576 2546 853644051 518132819 573697220 135327400 472017143 480594666 694022690 366370917 3969 39908219 190260706 47597726 282657323 353181634 394105867 1054757331 204626676 11458 237604908 59466609 473995827 220652525 537313334 938336540 414921964 933574438 358 999391568 88931206 513017479 562057440 939389097 924564981 362771010 536440208 13633 705068024 114381445 536365167 263512708 304872626 223861631 222185227 159952413 4012 657628859 110187888 533330083 986313347 376053145 887736920 684107682 303785750 946 7 0 0 0 0 0 0 0 0 4 0 0 0 0 0 0 0 0 297203347 1003737246 953363588 857392166 595395588 646940728 373711459 701691961 143 915093458 958557213 574691877 694717295 632355246 628056636 499274139 755756956 524 721054439 236547816 749644037 1002873556 259448444 406236979 65357875 345141799 9353 708088528 636243446 844414474 72770988 637731099 156196244 328779738 5574552 9973 197843934 932577073 705486885 582824615 597994220 577085332 307019240 532413490 572 1067977511 623034138 1043738742 422962641 374673338 398934447 96809647 131354180 167 0 1 1 0 0 1 1 0 0 1 1 0 1 1 1 1 0 0 1 407971610 587276119 414810223 913509627 854094105 74925843 936188104 215394720 4706 100830619 190260706 47597726 282657323 353181634 394105867 1054757331 204626676 11458 903027999 435416216 90800130 237518592 731519225 733590822 926710685 604048851 1125 1044777580 485966902 877997278 368566507 344670015 1070522523 680771178 777199563 13818 986629241 615826355 349147577 296107778 34 0 0 0 16384 581863909 137913738 44456094 783423225 795123596 656741931 359688825 862324566 5223 1044777580 485966902 877997278 368566507 344670015 1070522523 680771178 777199563 13818 986629241 615826355 349147577 296107778 34 0 0 0 16384 581863909 137913738 44456094 783423225 795123596 656741931 359688825 862324566 5223 1 0
0 0 0 0 0 0 0 0 0 960068618 957457890 84004463 1047012341 354162675 58800267 74495382 380454505 14541 0 0 0 0 0 0 0 0 0 457115050 1067410077 489129241 396433277 274127303 228102776 499602815 640618346 4253 1 0 0 0 0 0 0 0 0 457115050 1067410077 489129241 396433277 274127303 228102776 499602815 640618346 4253 960068618 957457890 84004463 1047012341 354162675 58800267 74495382 380454505 14541 570788257 725778542 754272355 719270538 993706485 169302508 425107433 260163841 6096 86895007 835903313 89633575 428219724 125013464 398336234 585229199 495683081 703 1 0 0 0 0 0 0 0 0 86895007 835903313 89633575 428219724 125013464 398336234 585229199 495683081 703 960068618 957457890 84004463 1047012341 354162675 58800267 74495382 380454505 14541 200568214 494271778 354776689 751056985 844592646 339535966 510733817 115228576 2546 771356471 146308496 35307221 396585700 764557308 508838475 935841250 375392417 8642 0 0 0 0 0 0 0 0 0 0 0 0 0 0 0 0 0 0 0 0 0 0 0 0 0 0 0 0 0 0 0 0 0 0 0 0 0 0 0 0 0 0 0 0 0 0 0 0 0 0 0 0 0 0 0 0 0 0 0 0 0 0 0 960068618 957457890 84004463 1047012341 354162675 58800267 74495382 380454505 14541 960068618 957457890 84004463 1047012341 354162675 58800267 74495382 380454505 14541 0 0 0 0 0 0 0 0 0 0 0 0 0 0 0 0 0 0 708064167 197402627 469654155 810397308 382283427 200959347 1027961131 391665213 5159 708064167 197402627 469654155 810397308 382283427 200959347 1027961131 391665213 5159 0 0 0 0 0 0 0 0 0 369037424 842934908 571914390 695074841 308042838 775615878 561659373 131738928 6094 369037424 842934908 571914390 695074841 308042838 775615878 561659373 131738928 6094 0 0 0 0 0 0 0 0 0 650948247 87523422 315334015 1044552561 695231182 328900751 764178612 371085353 609 650948247 87523422 315334015 1044552561 695231182 328900751 764178612 371085353 609 0 0 0 0 0 0 0 0 0 0 0 0 0 0 0 0 0 0 0 0 0 0 0 0 0 0 0 0 0 0 0 0 0 0 0 0 0 0 0 0 0 0 0 0 0 0 0 0 0 0 0 0 0 0 0 0 0 0 0 0 0 0 0 0 0 0 0 0 0 0 0 0 0 0 0 0 0 0 0 0 0 377890979 559428416 109692435 941879104 466929648 399544255 54272166 667109894 5410 0 0 0 0 0 0 0 0 0 378445812 167051311 900421189 300643599 797073137 393712620 831840646 1013555558 12905 0 0 0 0 0 0 0 0 0 37372229 1030898260 108393425 343586400 899661252 821315456 222868029 812162661 2259 1 0 0 1 1 0 0 1 0 0 0 0 0 0 0 0 0 0 0 570788257 725778542 754272355 719270538 993706485 169302508 425107433 260163841 6096 960068618 957457890 84004463 1047012341 354162675 58800267 74495382 380454505 14541 200568214 494271778 354776689 751056985 844592646 339535966 510733817 115228576 2546 0 0 0 0 0 0 0 0 0 1 0 0 0 0 0 0 0 0 0 0 0 0 0 0 0 0 0 813252711 944312650 60456430 927441999 491464784 1029502779 192863162 526990320 8803 823228128 83671767 0 0 0 0 0 0 0 625827518 456716838 556434355 379429981 676315872 60342815 869984490 493512028 2765 0 0
275511330 773391364 263298959 161722148 776016123 591920607 369980503 794753942 7917 49823104 39257496 298944081 193759826 586617429 426571014 1057761095 769935119 2150 395893972 68691325 143970890 854893113 307524392 225252271 308715208 639431803 2720 3359767 1040337536 1041568545 431730325 690326266 976575225 515878680 523404142 11253 3359767 1040337536 1041568545 431730325 690326266 976575225 515878680 523404142 11253 967709159 488580729 890059807 245859834 444438757 1041194003 753354404 627422722 12641 325334434 812648860 562243040 355481974 288891728 1018491622 353999774 490947238 10068 642374725 749673693 327816766 964119684 155547028 22702381 399354630 136475484 2573 1019985671 930458330 887248405 665885578 1003274021 30774805 252096162 502824282 6703 1019985671 930458330 887248405 665885578 1003274021 30774805 252096162 502824282 6703 1060917845 312037358 663604123 667520133 1062961915 442158525 805418977 190043688 833 445717076 107948821 442914971 1048652939 894141821 651823285 292734479 335625099 4871 615200770 819914893 569836729 988716796 168820127 864077064 512684497 928160413 12345 285270590 284926050 784988170 781208045 3772786 529860099 718397919 762750567 5768 285270590 284926050 784988170 781208045 3772786 529860099 718397919 762750567 5768 183402341 682187597 765643420 1013144391 932901852 143156548 544564733 137512629 11077 671405302 842082689 407269849 1016615261 9798691 817172879 678695711 360443921 10638 585738863 913846731 358373570 1070270954 923103160 399725493 939610845 850810531 438 551022660 473040904 526597919 323444296 478290422 110099391 739961007 515766060 15835 826533989 630605912 440749301 189058666 180564687 702019999 36199686 236778179 7369 569700458 872458992 387526371 420021076 317898527 157558597 335760827 1001542457 8040 619523562 911716488 686470452 613780902 904515956 584129611 319780098 697735753 10191 553864471 856366683 260565286 69846528 268718936 269012417 722000268 842134486 10493 196148353 822799085 6894442 1021678779 961645526 627173287 135518968 950997914 6581 764430315 64930743 420137846 399879837 968761202 155686380 351692897 164530365 7079 566632895 128611900 494084254 594871606 925344376 266372781 239269462 9000742 11348 875944404 63681156 73946408 194991769 1030324998 110686400 961318389 918212200 4268 625362146 405101709 310326503 127629382 86208984 919738324 181497970 501540056 417 1032222938 200797623 988935509 716536005 377864945 303566778 497937557 868300496 1199 583843260 605899333 225520188 844165388 464073929 149563278 679435528 296098728 1617 1044393853 417410066 587764568 989099009 1061548856 807682998 322257139 693269469 3201 314704586 149422258 1022168984 833722471 500662032 6070457 941218336 328840447 4199 285356615 566832325 536191728 749079657 488469065 813753456 189733651 1022109917 7400 30932687 286509497 995190634 476952741 918441881 312258797 756431389 748997535 1624 490075008 596331576 756243754 69969893 573593207 141050995 332265269 798712024 2266 874561597 316476784 470098762 645865232 406520979 330149136 200085894 711331705 22 966273066 583150094 855901326 834472387 211046779 43365898 100298894 592705583 7729 208216028 107276316 214296026 919338069 1067009045 159966485 297645827 757539573 2742 956499871 70146962 201975890 851310636 801067648 249293090 361717528 138628057 2031 2 0 0 0 0 0 0 0 0 0 0 0 0 0 0 0 0 0 792258839 403591465 906959646 893574506 725087850 641485263 331459274 708593826 4959 1072458100 218204861 624579491 894186950 527227445 110083366 961107943 66112013 1648 589644291 1056007486 409838098 185029751 658473708 59387281 523105881 440863007 2960 508954924 620351747 612630802 718391043 110036939 926014342 728976473 695129191 6527 663830460 899008421 67422540 1035812715 344537375 971655891 391657214 370477479 1157 745638154 760263954 203825948 821153633 529714270 763302775 899147463 785830664 7679 0 0 0 0 0 0 0 1 0 0 0 0 0 1 0 1 0 0 0 708064167 197402627 469654155 810397308 382283427 200959347 1027961131 391665213 5159 369037424 842934908 571914390 695074841 308042838 775615878 561659373 131738928 6094 650948247 87523422 315334015 1044552561 695231182 328900751 764178612 371085353 609 708064167 197402627 469654155 810397308 382283427 200959347 1027961131 391665213 5159 369037424 842934908 571914390 695074841 308042838 775615878 561659373 131738928 6094 650948247 87523422 315334015 1044552561 695231182 328900751 764178612 371085353 609 708064167 197402627 469654155 810397308 382283427 200959347 1027961131 391665213 5159 369037424 842934908 571914390 695074841 308042838 775615878 561659373 131738928 6094 650948247 87523422 315334015 1044552561 695231182 328900751 764178612 371085353 609 1 1
130239475 1056776849 863715398 445662904 1015812689 280484742 99722797 879381155 1457 281834088 414170529 279379307 770025033 636959930 897379670 855387696 702850547 9703 123892510 743961601 38831388 267450541 815226307 513526234 305287262 529642085 13065 386045840 669580490 299466596 1039157157 420657103 260249679 567012093 140569105 5886 183315137 658368655 869562129 425129228 955143311 1051181453 691520829 761840260 7028 1055245246 1021887338 115239932 618010555 141016695 793788595 980493888 431421247 4376 412073563 397205554 69352882 141946114 579030796 104122589 955110494 508489878 11161 643171684 166766316 395034628 772172219 635727757 689666005 25383394 996673193 9598 869199875 98989834 761711917 519503221 952542995 963316734 869169179 244466821 9018 183315137 658368655 869562129 425129228 955143311 1051181453 691520829 761840260 7028 726597017 348842741 291790866 1024626317 984261945 950265123 851517225 705068475 2008 405726597 542305774 1042804942 741367795 378444379 337164081 86933135 158750809 6385 320870421 422363323 671875325 579366299 605817600 613101042 764584090 546317666 12007 87559195 630513482 610138136 944071426 445052239 924439857 77310216 866580294 11669 366630262 242995486 665382435 850258457 836544798 1028621083 309299835 449938697 14057 508263969 838166896 382204173 56377289 440852487 514280131 810020119 670562832 12662 254131985 726996626 902546787 713113445 757297172 794010977 405010059 335281416 14523 254131985 726996626 902546787 713113445 757297172 794010977 405010059 335281416 14523 260478950 1039811874 653688973 891325809 957883554 560969485 199445594 685020486 2915 390718425 1022846899 443662548 263246890 899954420 841454228 299168391 490659817 4373 784645815 90366804 1036814773 754572553 417234167 186700753 284341641 428438511 15758 1066479902 962452801 967046502 154747984 1054194064 10338599 65987514 57547235 9078 570930098 939630080 665453935 311560257 219725797 710678917 571046055 274412036 10329 590754290 751723117 409348714 404849625 622038904 99004601 706441776 734253949 4857 837587167 945184525 703253098 276000326 509330154 104010861 437123641 40331928 15765 352595446 923747334 566901034 169471442 655941185 73037851 234604023 1060176557 15808 588750103 1052304632 937389759 967212939 146611030 1042768814 871222205 1019844628 43 411676582 570535717 4556641 319077033 604631390 454364690 163635727 1038700414 968 964302511 864185593 635211774 915913065 250973683 29505432 774267252 560815834 2544 302237269 360979487 639768416 161248274 855605074 483870122 937902979 525774424 3513 283464987 790010770 702302030 358265654 848793421 1029183190 875318212 700350590 9572 343962301 445682146 822300701 231032698 1048451013 605126424 260014472 48987478 5019 627427288 161951092 450860908 589298353 823502610 560567791 61590861 749338069 14591 580098537 408808130 276323600 1010845266 706653599 194291648 36288871 356439850 1831 0 0 0 0 0 0 0 0 0 322104511 394390427 659116264 247910872 1005335216 818580745 669235807 1069886217 3174 926687186 957904205 454723938 147327363 530027251 544624527 713153639 151020752 2525 668693162 943486502 837516602 458134793 828708867 95171800 272358752 864467120 3868 730664273 532655291 797137905 370028629 202752160 952002965 337307533 705168487 10012 11 0 0 0 0 0 0 0 0 13 0 0 0 0 0 0 0 0 980695035 163846489 305361940 173878725 165799533 231723805 879142529 107563832 3560 642547090 745756498 1034277003 551284556 73940405 648816872 664722974 668387842 6051 179453052 402773605 489402311 1051017900 274203371 298718168 487591095 734472198 1296 312740397 884783880 538800322 317293270 225047659 376228610 281905963 255828042 5723 978380969 235274778 742169287 627153136 361277564 322885964 822518505 307460536 2562 482567353 48057185 727415544 136430776 915105225 504290739 701486125 134768946 6653 0 0 0 1 0 0 1 1 0 0 0 1 0 0 1 1 0 0 0 875944404 63681156 73946408 194991769 1030324998 110686400 961318389 918212200 4268 583843260 605899333 225520188 844165388 464073929 149563278 679435528 296098728 1617 285356615 566832325 536191728 749079657 488469065 813753456 189733651 1022109917 7400 183315131 658368655 869562129 425129228 955143311 1051181453 691520829 761840260 7028 6 0 0 0 0 0 0 0 0 183315131 658368655 869562129 425129228 955143311 1051181453 691520829 761840260 7028 183315131 658368655 869562129 425129228 955143311 1051181453 691520829 761840260 7028 6 0 0 0 0 0 0 0 0 183315131 658368655 869562129 425129228 955143311 1051181453 691520829 761840260 7028 1 0
0 0 0 0 0 0 0 0 0 302237269 360979487 639768416 161248274 855605074 483870122 937902979 525774424 3513 0 0 0 0 0 0 0 0 0 890987372 339542295 503416352 54719390 1002216105 452897112 735383361 471877229 3557 1 0 0 0 0 0 0 0 0 890987372 339542295 503416352 54719390 1002216105 452897112 735383361 471877229 3557 302237269 360979487 639768416 161248274 855605074 483870122 937902979 525774424 3513 588750103 1052304632 937389759 967212939 146611030 1042768814 871222205 1019844628 43 929664556 980846047 741481746 454438849 605365826 1044437914 999493840 201370669 1721 1 0 0 0 0 0 0 0 0 929664556 980846047 741481746 454438849 605365826 1044437914 999493840 201370669 1721 302237269 360979487 639768416 161248274 855605074 483870122 937902979 525774424 3513 627427288 161951092 450860908 589298353 823502610 560567791 61590861 749338069 14591 142435567 140513901 314508844 482769469 970113641 529594781 932813067 695440873 14635 0 0 0 0 0 0 0 0 0 0 0 0 0 0 0 0 0 0 0 0 0 0 0 0 0 0 0 0 0 0 0 0 0 0 0 0 0 0 0 0 0 0 0 0 0 0 0 0 0 0 0 0 0 0 0 0 0 0 0 0 0 0 0 302237269 360979487 639768416 161248274 855605074 483870122 937902979 525774424 3513 302237269 360979487 639768416 161248274 855605074 483870122 937902979 525774424 3513 0 0 0 0 0 0 0 0 0 0 0 0 0 0 0 0 0 0 169493060 2129528 110239343 685490223 480429958 813638260 954671452 648052159 9764 169493060 2129528 110239343 685490223 480429958 813638260 954671452 648052159 9764 0 0 0 0 0 0 0 0 0 872716015 928650531 735942543 555423412 662435207 58044906 251035913 447734252 7939 872716015 928650531 735942543 555423412 662435207 58044906 251035913 447734252 7939 0 0 0 0 0 0 0 0 0 309777951 694651048 597784488 368354350 950195541 1018154316 163648861 606797825 9632 309777951 694651048 597784488 368354350 950195541 1018154316 163648861 606797825 9632 0 0 0 0 0 0 0 0 0 0 0 0 0 0 0 0 0 0 0 0 0 0 0 0 0 0 0 0 0 0 0 0 0 0 0 0 0 0 0 0 0 0 0 0 0 0 0 0 0 0 0 0 0 0 0 0 0 0 0 0 0 0 0 0 0 0 0 0 0 0 0 0 0 0 0 0 0 0 0 0 0 360820831 766916582 186294950 786686776 237123915 33518176 950724550 456208108 9 0 0 0 0 0 0 0 0 0 1067516234 108291378 232568255 538417480 847429291 594868295 829794008 488743253 753 0 0 0 0 0 0 0 0 0 409834649 451078222 598909138 271560776 1025445628 5363062 825496612 147042392 3129 0 0 0 0 1 0 0 1 0 0 0 0 0 0 0 0 0 0 0 588750103 1052304632 937389759 967212939 146611030 1042768814 871222205 1019844628 43 302237269 360979487 639768416 161248274 855605074 483870122 937902979 525774424 3513 627427288 161951092 450860908 589298353 823502610 560567791 61590861 749338069 14591 0 0 0 0 0 0 0 0 0 1 0 0 0 0 0 0 0 0 0 0 0 0 0 0 0 0 0 107864813 348160664 378519169 143621480 743277764 894576795 638282417 1014785410 3747 1073741231 615826355 349147577 296107778 34 0 0 0 16384 181408229 46897557 256569255 116615243 203362522 1018806176 515761593 366662969 9036 0 0
0 0 0 0 0 0 0 0 0 872716015 928650531 735942543 555423412 662435207 58044906 251035913 447734252 7939 0 0 0 0 0 0 0 0 0 1042209074 314953703 497034309 944805857 69123307 871683167 131965541 22044588 1320 1 0 0 0 0 0 0 0 0 1042209074 314953703 497034309 944805857 69123307 871683167 131965541 22044588 1320 872716015 928650531 735942543 555423412 662435207 58044906 251035913 447734252 7939 169493060 2129528 110239343 685490223 480429958 813638260 954671452 648052159 9764 108752141 1007475224 984579454 627669984 538888890 2457399 414684775 1054532077 1187 1 0 0 0 0 0 0 0 0 108752141 1007475224 984579454 627669984 538888890 2457399 414684775 1054532077 1187 872716015 928650531 735942543 555423412 662435207 58044906 251035913 447734252 7939 309777951 694651048 597784488 368354350 950195541 1018154316 163648861 606797825 9632 479271010 80954220 358876254 757736795 356883641 758050753 44578490 181108161 3013 0 0 0 0 0 0 0 0 0 0 0 0 0 0 0 0 0 0 0 0 0 0 0 0 0 0 0 0 0 0 0 0 0 0 0 0 0 0 0 0 0 0 0 0 0 0 0 0 0 0 0 0 0 0 0 0 0 0 0 0 0 0 0 872716015 928650531 735942543 555423412 662435207 58044906 251035913 447734252 7939 872716015 928650531 735942543 555423412 662435207 58044906 251035913 447734252 7939 0 0 0 0 0 0 0 0 0 0 0 0 0 0 0 0 0 0 751013841 856952838 484959953 960537743 103154404 504822767 508004132 696118946 5014 751013841 856952838 484959953 960537743 103154404 504822767 508004132 696118946 5014 0 0 0 0 0 0 0 0 0 728039405 223988599 57079729 973893042 648990678 220706560 369242473 896910907 2769 728039405 223988599 57079729 973893042 648990678 220706560 369242473 896910907 2769 0 0 0 0 0 0 0 0 0 673744138 544709403 327563873 936196605 991616052 541224128 1029646055 639510491 9831 673744138 544709403 327563873 936196605 991616052 541224128 1029646055 639510491 9831 0 0 0 0 0 0 0 0 0 0 0 0 0 0 0 0 0 0 0 0 0 0 0 0 0 0 0 0 0 0 0 0 0 0 0 0 0 0 0 0 0 0 0 0 0 0 0 0 0 0 0 0 0 0 0 0 0 0 0 0 0 0 0 0 0 0 0 0 0 0 0 0 0 0 0 0 0 0 0 0 0 1034167723 537479007 85783240 320119393 388041910 279790659 640876916 822820335 4731 0 0 0 0 0 0 0 0 0 1024455476 49711338 423593804 513555580 719152031 799866723 217237033 333844445 3847 0 0 0 0 0 0 0 0 0 448498663 918538367 212915193 169296930 177219052 744169021 424283561 840378537 4667 1 0 0 1 1 0 0 1 1 0 0 0 0 0 0 0 0 0 0 169493060 2129528 110239343 685490223 480429958 813638260 954671452 648052159 9764 872716015 928650531 735942543 555423412 662435207 58044906 251035913 447734252 7939 309777951 694651048 597784488 368354350 950195541 1018154316 163648861 606797825 9632 0 0 0 0 0 0 0 0 0 1 0 0 0 0 0 0 0 0 0 0 0 0 0 0 0 0 0 1044777580 485966902 877997278 368566507 344670015 1070522523 680771178 777199563 13818 986629241 615826355 349147577 296107778 34 0 0 0 16384 581863909 137913738 44456094 783423225 795123596 656741931 359688825 862324566 5223 0 0
0 0 0 0 0 0 0 0 0 728039405 223988599 57079729 973893042 648990678 220706560 369242473 896910907 2769 0 0 0 0 0 0 0 0 0 405311422 7199614 542039683 860688961 752145083 725529327 877246605 519288029 7784 1 0 0 0 0 0 0 0 0 405311422 7199614 542039683 860688961 752145083 725529327 877246605 519288029 7784 728039405 223988599 57079729 973893042 648990678 220706560 369242473 896910907 2769 751013841 856952838 484959953 960537743 103154404 504822767 508004132 696118946 5014 328041719 768698003 384643602 836347823 566864907 761930689 325146704 462679575 12601 1 0 0 0 0 0 0 0 0 328041719 768698003 384643602 836347823 566864907 761930689 325146704 462679575 12601 728039405 223988599 57079729 973893042 648990678 220706560 369242473 896910907 2769 673744138 544709403 327563873 936196605 991616052 541224128 1029646055 639510491 9831 351016155 327920418 812523827 822992524 21028633 1046046896 463908363 261887614 14846 0 0 0 0 0 0 0 0 0 0 0 0 0 0 0 0 0 0 0 0 0 0 0 0 0 0 0 0 0 0 0 0 0 0 0 0 0 0 0 0 0 0 0 0 0 0 0 0 0 0 0 0 0 0 0 0 0 0 0 0 0 0 0 728039405 223988599 57079729 973893042 648990678 220706560 369242473 896910907 2769 728039405 223988599 57079729 973893042 648990678 220706560 369242473 896910907 2769 0 0 0 0 0 0 0 0 0 0 0 0 0 0 0 0 0 0 79272272 499728258 348726855 591498307 913983422 309905863 136788030 826721581 7015 79272272 499728258 348726855 591498307 913983422 309905863 136788030 826721581 7015 0 0 0 0 0 0 0 0 0 613929912 49662922 1017335836 1063110360 413191167 761046987 747027635 540521650 8255 613929912 49662922 1017335836 1063110360 413191167 761046987 747027635 540521650 8255 0 0 0 0 0 0 0 0 0 713982041 50797439 58920104 184468730 42149122 999832194 808127938 986638190 9617 713982041 50797439 58920104 184468730 42149122 999832194 808127938 986638190 9617 0 0 0 0 0 0 0 0 0 0 0 0 0 0 0 0 0 0 0 0 0 0 0 0 0 0 0 0 0 0 0 0 0 0 0 0 0 0 0 0 0 0 0 0 0 0 0 0 0 0 0 0 0 0 0 0 0 0 0 0 0 0 0 0 0 0 0 0 0 0 0 0 0 0 0 0 0 0 0 0 0 20429357 1063911361 988871153 121201560 109254571 970120794 503917381 819329549 847 0 0 0 0 0 0 0 0 0 711601585 756966497 724919957 990557265 22081438 430866543 953411211 280209864 468 0 0 0 0 0 0 0 0 0 90284009 528602522 430164721 704312851 647952520 117169979 290433697 110929743 1662 0 0 0 0 0 0 0 0 0 0 0 0 0 0 0 0 0 0 0 751013841 856952838 484959953 960537743 103154404 504822767 508004132 696118946 5014 728039405 223988599 57079729 973893042 648990678 220706560 369242473 896910907 2769 673744138 544709403 327563873 936196605 991616052 541224128 1029646055 639510491 9831 0 0 0 0 0 0 0 0 0 1 0 0 0 0 0 0 0 0 0 0 0 0 0 0 0 0 0 813252711 944312650 60456430 927441999 491464784 1029502779 192863162 526990320 8803 823228128 83671767 0 0 0 0 0 0 0 625827518 456716838 556434355 379429981 676315872 60342815 869984490 493512028 2765 0 0
189981898 762338472 183174576 832128516 512578354 662157641 34517814 223836547 7284 174820546 691077146 902296506 843267571 307131464 254397987 794025753 301414019 12638 600413887 855665263 423495713 588369594 41726648 463609224 889553172 397636880 11899 693202184 549391180 292320867 580866844 253432766 1070952851 883815665 293501407 15271 693202184 549391180 292320867 580866844 253432766 1070952851 883815665 293501407 15271 450917087 913650963 80722933 832668875 134188625 893193401 548165474 252863839 11178 364802443 837589262 736323505 305546485 819709785 916555628 828543567 525250566 3538 86114644 76061701 418141252 527122389 388220664 1050379596 793363730 801355096 7639 254170128 558375830 727108362 951471312 455340255 687137357 481413750 453418017 1489 254170128 558375830 727108362 951471312 455340255 687137357 481413750 453418017 1489 897457306 527776969 265077655 1001369142 129650716 1048156267 908559117 880081477 11054 775234432 930916053 976644642 61787563 348858079 718007211 609837101 699050900 8153 122222874 670602740 362174836 939581578 854534461 330149055 298722016 181030577 2901 793254312 1008441165 58499381 479859259 956132510 235996233 944915969 739617947 249 793254312 1008441165 58499381 479859259 956132510 235996233 944915969 739617947 249 294231461 1042843480 622913441 366127838 673069767 50999352 937733121 193061833 1872 790395784 1002177379 257522712 50648508 554304969 52025041 924070987 621473427 2799 577577502 656492456 714538306 611587108 118764832 1072716135 13662133 645330230 15456 379963796 450935120 366349153 590515208 1025156709 250573458 69035629 447673094 14568 569945693 597447236 200376152 52794122 463993206 912731100 103553443 671509641 5468 416273703 234264449 713476283 495757012 625899385 511687416 458395698 595844092 14650 591094248 309515239 192883388 1042916806 933030815 766085403 178679627 897258112 10904 832288668 1072639052 537967800 643618337 754973937 816452394 335630054 779311751 14371 73727924 152076040 461299393 733330437 707730184 1058356490 204932009 16277034 2473 773395243 826747436 35620210 832410402 908554403 930736237 174808482 798567284 9407 855138671 760478474 433874070 932349210 502512121 314544191 154759006 689504465 2392 81743429 549557394 747401437 396046586 667699576 457549777 1053692347 964679004 9368 102027029 722709493 294409827 133745139 904025948 380756308 1046251708 490598321 12555 672494546 809349439 996039626 389709384 964753935 350429595 537338219 430186544 15909 774521574 916232576 941301876 227346745 795038025 731185904 509848103 920784866 12080 460743393 778085654 64604756 702941317 49224641 289427684 135840814 645457291 12817 348597478 696431469 650387541 1054486695 811891760 322591720 512286175 698041918 6819 809340870 858690767 365844720 387578410 861116368 612019404 648126989 269757385 3253 639489078 82292229 490168692 251154674 766629077 96843261 459284947 228846059 3004 666716030 942138890 940494193 1065607781 234359361 424283998 27896163 804807486 4159 860588082 664674421 1024888873 996537810 999162992 494199990 260433428 19631431 5646 580869473 360474563 598103962 895038601 277823236 258229179 399857865 126717921 14234 987522150 366963353 454765752 446168688 517135953 612981004 293874901 428521783 135 260612251 376852644 291091752 554728679 103369096 440655775 468299208 864584222 3 10 0 0 0 0 0 0 0 0 14 0 0 0 0 0 0 0 0 394197277 448778113 1033657296 281689271 234049606 593455986 578150006 971631612 437 512719297 786392918 980036726 362866370 897802614 894921388 298388453 468924649 6701 583560527 184982631 341495668 409472547 575106060 523670780 424903110 471432852 825 848235918 682491750 566597115 163859429 922597211 495163114 510088370 547065889 9565 1009463459 393990110 915959614 1069395335 877000149 45043960 1057550439 1054783252 2549 582708394 712810309 575553717 590796547 20832994 529748027 1047322176 1025423058 1930 0 0 1 0 1 1 1 0 1 1 1 1 0 1 1 1 1 1 1 79272272 499728258 348726855 591498307 913983422 309905863 136788030 826721581 7015 613929912 49662922 1017335836 1063110360 413191167 761046987 747027635 540521650 8255 713982041 50797439 58920104 184468730 42149122 999832194 808127938 986638190 9617 79272272 499728258 348726855 591498307 913983422 309905863 136788030 826721581 7015 613929912 49662922 1017335836 1063110360 413191167 761046987 747027635 540521650 8255 713982041 50797439 58920104 184468730 42149122 999832194 808127938 986638190 9617 79272272 499728258 348726855 591498307 913983422 309905863 136788030 826721581 7015 613929912 49662922 1017335836 1063110360 413191167 761046987 747027635 540521650 8255 713982041 50797439 58920104 184468730 42149122 999832194 808127938 986638190 9617 1 1
736844630 425733764 1019073384 588043438 74544521 18034402 63890127 310007461 7964 352162144 886606388 1029995478 179649361 475260718 92148132 911604974 156000078 6949 836062851 688692942 240252678 984578823 90024281 713674734 978720764 138850558 16277 856265002 849963614 265813912 327285554 388995743 114993858 489798627 811722047 5065 183315137 658368655 869562129 425129228 955143311 1051181453 691520829 761840260 7028 275165126 411118000 220046684 1017987826 907164274 94920946 601342295 422305166 7207 15264950 238598329 975327039 767692800 549805239 110182534 975495101 466007539 14913 259900177 788346027 667609046 546402803 357359069 1058480236 699589017 1030039450 8677 510120620 701181520 233404773 614925156 582412569 269463485 84233269 116800428 15334 183315137 658368655 869562129 425129228 955143311 1051181453 691520829 761840260 7028 445000699 539304660 1071406305 882187884 1009403031 643637217 156522609 376585844 11594 114483170 959472975 921100579 868120406 565284965 805822866 816583914 294850637 6842 330517529 653573509 150305725 14067478 444118066 911556175 413680518 81735206 4752 891084299 334506337 39504334 783624997 455074120 1069569182 628077512 160694566 12622 366630262 242995486 665382435 850258457 836544798 1028621083 309299835 449938697 14057 998331312 997200702 746615146 405545319 329137538 389676448 1011479959 897716039 15714 499165656 498600351 910178485 202772659 164568769 731709136 1042610891 448858019 7857 499165656 498600351 910178485 202772659 164568769 731709136 1042610891 448858019 7857 399947436 851467529 964404944 102345053 149089043 36068804 127780254 620014922 15928 63050241 661374938 560588927 394280714 223633530 54103206 191670381 930022383 7508 729782687 635083333 863207741 959497035 276621924 1041444595 722167757 1009016559 14780 8203006 905863366 470313818 843038619 751882608 59850903 560030908 91274814 5346 696121282 867349410 515935314 590001928 198638827 124445361 189437216 220725343 8552 1045033889 1020737131 471225998 968835449 321047649 238218802 606777839 290419355 3173 1038686724 686940251 444166050 635063558 580554604 121287887 600233699 158004472 3584 822567006 539850565 836361343 297683170 926910972 929789056 893601857 5389725 11237 857622106 926652137 392195292 736361436 346356367 808501169 293368158 921127077 7652 165325044 655871811 38453000 511373741 275669089 1022027732 160552343 34255441 5110 653743960 586643653 266518503 1020040818 520946277 424707662 342461817 257412918 12043 819069003 626689108 1029565750 161564956 796615333 372993570 503014161 291668359 769 379642398 769606047 86873354 501352016 588178803 499803726 665362764 135513653 8233 655193210 347867874 2236111 334906075 5351046 579887062 461600425 1013211629 11544 1034835607 501647565 813703712 540150312 593529815 5948964 53221366 74983459 3394 770384657 646177825 299984739 312543309 782260570 249617661 588565160 260149022 4019 4 0 0 0 0 0 0 0 0 990327583 508796376 916325320 179567694 137902816 800225391 446209035 686679401 1395 58893540 25861512 945953301 234895584 258001692 575541989 734400972 215957048 2173 462151601 546848718 284372363 527049199 568787249 29847524 209823854 330585864 6578 300199010 162464757 285136472 984222008 766584948 1025944281 995806567 819915023 10829 14 0 0 0 0 0 0 0 0 7 0 0 0 0 0 0 0 0 406224053 593726129 11736695 829708903 540116188 330690006 1038771103 415684894 920 466147716 673404114 949756663 195891581 555856331 276493668 199840456 822858394 4529 714251437 31847353 466825572 136303835 4368809 331679356 189339717 349126685 1454 677662500 1022151321 366546640 870015353 231690558 153938859 692934033 619836197 2790 376836851 315998049 769442900 1059708773 155320276 618447941 180058022 161666733 3977 931735124 580560069 780605595 729024250 765068356 1019496379 718093569 642443100 1550 1 0 0 1 0 0 1 0 0 0 1 0 0 1 1 1 0 1 1 81743429 549557394 747401437 396046586 667699576 457549777 1053692347 964679004 9368 774521574 916232576 941301876 227346745 795038025 731185904 509848103 920784866 12080 809340870 858690767 365844720 387578410 861116368 612019404 648126989 269757385 3253 183315131 658368655 869562129 425129228 955143311 1051181453 691520829 761840260 7028 6 0 0 0 0 0 0 0 0 183315131 658368655 869562129 425129228 955143311 1051181453 691520829 761840260 7028 183315131 658368655 869562129 425129228 955143311 1051181453 691520829 761840260 7028 6 0 0 0 0 0 0 0 0 183315131 658368655 869562129 425129228 955143311 1051181453 691520829 761840260 7028 1 0
0 0 0 0 0 0 0 0 0 819069003 626689108 1029565750 161564956 796615333 372993570 503014161 291668359 769 0 0 0 0 0 0 0 0 0 602949285 479599422 348019219 897926393 69229876 107752916 796382320 139053612 8422 1 0 0 0 0 0 0 0 0 602949285 479599422 348019219 897926393 69229876 107752916 796382320 139053612 8422 819069003 626689108 1029565750 161564956 796615333 372993570 503014161 291668359 769 857622106 926652137 392195292 736361436 346356367 808501169 293368158 921127077 7652 780162786 54594850 769527639 701715269 316403324 378942535 556235527 366651818 4163 1 0 0 0 0 0 0 0 0 780162786 54594850 769527639 701715269 316403324 378942535 556235527 366651818 4163 819069003 626689108 1029565750 161564956 796615333 372993570 503014161 291668359 769 1034835607 501647565 813703712 540150312 593529815 5948964 53221366 74983459 3394 818715889 354557879 132157181 202769925 939886183 814450133 346589524 996110536 11046 0 0 0 0 0 0 0 0 0 0 0 0 0 0 0 0 0 0 0 0 0 0 0 0 0 0 0 0 0 0 0 0 0 0 0 0 0 0 0 0 0 0 0 0 0 0 0 0 0 0 0 0 0 0 0 0 0 0 0 0 0 0 0 819069003 626689108 1029565750 161564956 796615333 372993570 503014161 291668359 769 819069003 626689108 1029565750 161564956 796615333 372993570 503014161 291668359 769 0 0 0 0 0 0 0 0 0 0 0 0 0 0 0 0 0 0 129586512 544648189 294081819 170997136 1012894113 569517583 575714576 495723960 15853 129586512 544648189 294081819 170997136 1012894113 569517583 575714576 495723960 15853 0 0 0 0 0 0 0 0 0 572982907 301313063 820189046 710118280 352950658 713885800 155000033 732154289 12499 572982907 301313063 820189046 710118280 352950658 713885800 155000033 732154289 12499 0 0 0 0 0 0 0 0 0 983798687 22073306 888744695 146873022 416217807 66959278 931569797 158543821 11197 983798687 22073306 888744695 146873022 416217807 66959278 931569797 158543821 11197 0 0 0 0 0 0 0 0 0 0 0 0 0 0 0 0 0 0 0 0 0 0 0 0 0 0 0 0 0 0 0 0 0 0 0 0 0 0 0 0 0 0 0 0 0 0 0 0 0 0 0 0 0 0 0 0 0 0 0 0 0 0 0 0 0 0 0 0 0 0 0 0 0 0 0 0 0 0 0 0 0 133777166 633002060 466361520 777000457 283473841 556865701 507862154 345407563 359 0 0 0 0 0 0 0 0 0 954535806 934129658 258754005 731585459 979209501 457571491 474754529 128113180 36 0 0 0 0 0 0 0 0 0 793627294 188734957 70626108 470917347 901868732 202521642 587171059 387033218 159 0 0 0 0 0 0 0 0 0 0 0 0 0 0 0 0 0 0 0 857622106 926652137 392195292 736361436 346356367 808501169 293368158 921127077 7652 819069003 626689108 1029565750 161564956 796615333 372993570 503014161 291668359 769 1034835607 501647565 813703712 540150312 593529815 5948964 53221366 74983459 3394 0 0 0 0 0 0 0 0 0 1 0 0 0 0 0 0 0 0 0 0 0 0 0 0 0 0 0 107864813 348160664 378519169 143621480 743277764 894576795 638282417 1014785410 3747 1073741231 615826355 349147577 296107778 34 0 0 0 16384 181408229 46897557 256569255 116615243 203362522 1018806176 515761593 366662969 9036 0 0
0 0 0 0 0 0 0 0 0 572982907 301313063 820189046 710118280 352950658 713885800 155000033 732154289 12499 0 0 0 0 0 0 0 0 0 702569418 230134896 765123288 585007638 292102913 209661560 730714610 154136425 11969 1 0 0 0 0 0 0 0 0 702569418 230134896 765123288 585007638 292102913 209661560 730714610 154136425 11969 572982907 301313063 820189046 710118280 352950658 713885800 155000033 732154289 12499 129586512 544648189 294081819 170997136 1012894113 569517583 575714576 495723960 15853 483039769 781301838 286044339 560883525 769168431 780845078 12828006 890698111 7312 1 0 0 0 0 0 0 0 0 483039769 781301838 286044339 560883525 769168431 780845078 12828006 890698111 7312 572982907 301313063 820189046 710118280 352950658 713885800 155000033 732154289 12499 983798687 22073306 888744695 146873022 416217807 66959278 931569797 158543821 11197 39643374 1024636964 833678936 21762380 355370062 636476862 433542549 654267782 10666 0 0 0 0 0 0 0 0 0 0 0 0 0 0 0 0 0 0 0 0 0 0 0 0 0 0 0 0 0 0 0 0 0 0 0 0 0 0 0 0 0 0 0 0 0 0 0 0 0 0 0 0 0 0 0 0 0 0 0 0 0 0 0 572982907 301313063 820189046 710118280 352950658 713885800 155000033 732154289 12499 572982907 301313063 820189046 710118280 352950658 713885800 155000033 732154289 12499 0 0 0 0 0 0 0 0 0 0 0 0 0 0 0 0 0 0 639577490 862858661 1070838479 17501036 51071549 381462773 156150471 970254086 2328 639577490 862858661 1070838479 17501036 51071549 381462773 156150471 970254086 2328 0 0 0 0 0 0 0 0 0 816210698 160081759 509265472 340568069 1055409850 895408306 914248232 900475449 3586 816210698 160081759 509265472 340568069 1055409850 895408306 914248232 900475449 3586 0 0 0 0 0 0 0 0 0 574815214 203386792 638688269 402044531 440088019 497853205 220184528 442496566 15761 574815214 203386792 638688269 402044531 440088019 497853205 220184528 442496566 15761 0 0 0 0 0 0 0 0 0 0 0 0 0 0 0 0 0 0 0 0 0 0 0 0 0 0 0 0 0 0 0 0 0 0 0 0 0 0 0 0 0 0 0 0 0 0 0 0 0 0 0 0 0 0 0 0 0 0 0 0 0 0 0 0 0 0 0 0 0 0 0 0 0 0 0 0 0 0 0 0 0 119320542 757893900 251414078 187858010 207717835 475434323 654908685 991661489 12094 0 0 0 0 0 0 0 0 0 889035791 402194748 907771371 1057318140 889581045 277378435 571374052 276751754 9536 0 0 0 0 0 0 0 0 0 990096247 243093164 853552102 671171121 925007045 51753190 1016355793 567251092 8542 1 0 0 1 1 0 0 1 1 0 0 0 0 0 0 0 0 0 0 129586512 544648189 294081819 170997136 1012894113 569517583 575714576 495723960 15853 572982907 301313063 820189046 710118280 352950658 713885800 155000033 732154289 12499 983798687 22073306 888744695 146873022 416217807 66959278 931569797 158543821 11197 0 0 0 0 0 0 0 0 0 1 0 0 0 0 0 0 0 0 0 0 0 0 0 0 0 0 0 1044777580 485966902 877997278 368566507 344670015 1070522523 680771178 777199563 13818 986629241 615826355 349147577 296107778 34 0 0 0 16384 581863909 137913738 44456094 783423225 795123596 656741931 359688825 862324566 5223 0 0
0 0 0 0 0 0 0 0 0 816210698 160081759 509265472 340568069 1055409850 895408306 914248232 900475449 3586 0 0 0 0 0 0 0 0 0 382046364 1022940421 506362127 358069106 32739575 203129256 1070398704 796987711 5915 1 0 0 0 0 0 0 0 0 382046364 1022940421 506362127 358069106 32739575 203129256 1070398704 796987711 5915 816210698 160081759 509265472 340568069 1055409850 895408306 914248232 900475449 3586 639577490 862858661 1070838479 17501036 51071549 381462773 156150471 970254086 2328 317284087 821384020 798806163 446504822 421756011 319519688 60690937 269230192 2964 1 0 0 0 0 0 0 0 0 317284087 821384020 798806163 446504822 421756011 319519688 60690937 269230192 2964 816210698 160081759 509265472 340568069 1055409850 895408306 914248232 900475449 3586 574815214 203386792 638688269 402044531 440088019 497853205 220184528 442496566 15761 140650879 450419098 286637347 123437790 491159534 879315978 376334999 339008828 1706 0 0 0 0 0 0 0 0 0 0 0 0 0 0 0 0 0 0 0 0 0 0 0 0 0 0 0 0 0 0 0 0 0 0 0 0 0 0 0 0 0 0 0 0 0 0 0 0 0 0 0 0 0 0 0 0 0 0 0 0 0 0 0 816210698 160081759 509265472 340568069 1055409850 895408306 914248232 900475449 3586 816210698 160081759 509265472 340568069 1055409850 895408306 914248232 900475449 3586 0 0 0 0 0 0 0 0 0 0 0 0 0 0 0 0 0 0 8728722 714074093 738111318 559138618 466128161 1060415615 804609458 526493728 6721 8728722 714074093 738111318 559138618 466128161 1060415615 804609458 526493728 6721 0 0 0 0 0 0 0 0 0 836036195 1032887466 919233872 283632576 842362177 305131418 818423416 566637067 11338 836036195 1032887466 919233872 283632576 842362177 305131418 818423416 566637067 11338 0 0 0 0 0 0 0 0 0 152422519 541588902 567862742 287969058 173715290 245874600 64682999 774066729 6246 152422519 541588902 567862742 287969058 173715290 245874600 64682999 774066729 6246 0 0 0 0 0 0 0 0 0 0 0 0 0 0 0 0 0 0 0 0 0 0 0 0 0 0 0 0 0 0 0 0 0 0 0 0 0 0 0 0 0 0 0 0 0 0 0 0 0 0 0 0 0 0 0 0 0 0 0 0 0 0 0 0 0 0 0 0 0 0 0 0 0 0 0 0 0 0 0 0 0 939396386 567489236 192776358 831241258 774150517 58785688 64071751 913930672 509 0 0 0 0 0 0 0 0 0 628348417 616430126 139078153 83323913 188424222 664971324 835817387 260268359 785 0 0 0 0 0 0 0 0 0 826874069 411545900 278334948 1065775253 954988871 931064221 36806009 579460004 3450 0 0 0 0 1 0 0 1 1 0 0 0 0 0 0 0 0 0 0 639577490 862858661 1070838479 17501036 51071549 381462773 156150471 970254086 2328 816210698 160081759 509265472 340568069 1055409850 895408306 914248232 900475449 3586 574815214 203386792 638688269 402044531 440088019 497853205 220184528 442496566 15761 0 0 0 0 0 0 0 0 0 1 0 0 0 0 0 0 0 0 0 0 0 0 0 0 0 0 0 813252711 944312650 60456430 927441999 491464784 1029502779 192863162 526990320 8803 823228128 83671767 0 0 0 0 0 0 0 625827518 456716838 556434355 379429981 676315872 60342815 869984490 493512028 2765 0 0
972235880 637400637 760357441 128141945 260364155 517538638 570361060 331153726 5258 471547185 873316186 756192437 810415552 982581 1041923310 1067201418 28324121 1911 523459051 1006808609 35843559 924123121 568383048 177691713 1011930023 25878701 6042 844764916 57393379 234455790 546663417 234748480 291805210 549291051 19388972 1676 844764916 57393379 234455790 546663417 234748480 291805210 549291051 19388972 1676 610445940 384334924 485080113 276492599 392067253 790818040 396658434 875347719 13406 370041241 436975000 442808055 938557498 261346736 485720124 563820655 359477848 7169 240404699 1021101748 42272057 411676925 130720516 305097916 906579603 515869870 6237 988458713 958650012 64207213 275493857 1016077433 551006018 883106415 266961972 1201 988458713 958650012 64207213 275493857 1016077433 551006018 883106415 266961972 1201 269784060 252677907 229431806 638128656 870944395 1015160105 261712273 263616952 134 995006236 806382971 792035997 660796849 569365630 145873199 1005389618 54202823 7953 348519649 62121291 860285210 273439584 301578799 869286906 330064479 209414128 8565 161151241 181921171 232232237 847107677 639843451 232548391 869292458 226818633 12968 161151241 181921171 232232237 847107677 639843451 232548391 869292458 226818633 12968 493301082 299424290 975056666 254976092 975224201 330643241 507464686 512375347 12080 421953107 570467423 796201001 1052265066 828747203 695230351 508549259 357032428 11300 71347975 802698691 178855664 276452850 146476997 709154714 1072657250 155342918 780 870729936 201059451 446973059 256283891 520728310 1035077276 66980296 662307453 10516 769223992 838460089 133588676 384425837 781092465 478874090 637341357 993461179 15774 335692992 211837298 939399159 570147859 1009552793 517892054 146564811 388180529 8710 807240177 11411660 621849773 306821588 1010535375 486073540 140024406 416504651 10621 135854194 203563420 165940856 536375471 65171646 524031255 920636607 713885416 9584 1070219625 229320301 535351323 925567280 49671310 973644296 1057473223 182660136 11702 267462066 317316298 540274988 211420356 24329435 457905040 111900862 1060169395 3742 959973238 355691183 549985934 619728161 502239891 390056728 138203037 1002932396 9546 692511172 38374885 9710946 408307805 477910456 1005893512 26302174 1016504825 5803 348563543 471281909 81993207 811944113 959537210 639835949 781254535 336820134 2506 169441298 692914391 928262351 222522504 914330890 50666227 427171494 857745525 4623 518004841 90454476 1010255559 1034466617 800126276 690502177 134684205 120823836 7130 662269828 609192876 906574200 134933618 997308285 783728946 930826266 796211928 11711 1041229677 653601241 990191535 526565937 925137047 974836640 166353932 273877727 1167 629757681 189052294 823023912 661499556 848703508 684823763 23438375 1070089656 12878 116911836 896336532 450423278 918489692 889720862 46221409 930864464 507532420 2757 758304024 685255746 145736202 276646111 681433455 761864506 54654177 874702447 7846 1061997926 127372357 146964010 67813525 946246602 976132167 87413641 735187776 2381 289156636 364886889 696488632 213020270 90256482 7978883 242546689 483166040 171 537599989 359462810 238868618 948332896 592462629 441238721 27262733 79053821 88 363812087 864971476 1037803685 668923037 798565791 184796196 802148715 598133921 10264 5 0 0 0 0 0 0 0 0 0 0 0 0 0 0 0 0 0 587379607 977046440 801386588 1041006049 369636175 293667523 813132903 684283540 6117 996971024 55136002 193398485 1067226574 32454924 592508442 512630723 1004508630 3648 609377185 837710639 414410003 871978997 924536535 927210149 788873752 152740425 11267 797171008 263689971 1011232033 1068442679 460089623 357949704 533263323 566974603 6213 513720164 1056161563 83134806 646708611 1044009399 356305544 854101989 646683165 6005 708675940 102853449 603641452 26203648 542385042 617355662 624408052 674422896 5552 1 1 0 0 1 1 0 1 0 0 0 0 0 0 0 1 0 0 0 8728722 714074093 738111318 559138618 466128161 1060415615 804609458 526493728 6721 836036195 1032887466 919233872 283632576 842362177 305131418 818423416 566637067 11338 152422519 541588902 567862742 287969058 173715290 245874600 64682999 774066729 6246 8728722 714074093 738111318 559138618 466128161 1060415615 804609458 526493728 6721 836036195 1032887466 919233872 283632576 842362177 305131418 818423416 566637067 11338 152422519 541588902 567862742 287969058 173715290 245874600 64682999 774066729 6246 8728722 714074093 738111318 559138618 466128161 1060415615 804609458 526493728 6721 836036195 1032887466 919233872 283632576 842362177 305131418 818423416 566637067 11338 152422519 541588902 567862742 287969058 173715290 245874600 64682999 774066729 6246 1 1
955417927 259054531 635270909 185939045 1020988668 841490741 848913938 112115862 6562 960545396 384815970 1068270903 245875030 505790297 921787594 808105233 724943016 10012 372193820 678511804 247530795 398368983 650387207 988835267 982086707 90630434 10642 136774189 128829362 1019966505 369032598 204294909 622653866 160986380 63586837 12934 183315137 658368655 869562129 425129228 955143311 1051181453 691520829 761840260 7028 351112236 572787385 474837473 434194120 494878720 1053055392 746076474 830271944 8078 842221498 28044146 280652411 135706298 453037107 689536512 583277348 837058879 190 582632562 544743238 194185062 298487822 41841613 363518880 162799126 1066954889 7887 74020697 737422239 410390069 326116572 575087927 301584117 158122581 117171668 3625 183315137 658368655 869562129 425129228 955143311 1051181453 691520829 761840260 7028 465109004 48830043 698306952 203709409 201551822 347723250 862066448 56553678 5457 258997391 447501419 966654121 348136235 82435646 836881038 716450117 815573451 4270 206111613 675070448 805394654 929314997 119116175 584584036 145616330 314722051 1186 248527028 685342648 483587280 773699583 252872106 616975452 49740550 1012852657 2298 366630262 242995486 665382435 850258457 836544798 1028621083 309299835 449938697 14057 507739844 643479960 1067308254 576400500 121526210 439426547 440775821 405492595 1640 253869922 321739980 533654127 288200250 597634017 756584185 757258822 202746297 820 253869922 321739980 533654127 288200250 597634017 756584185 757258822 202746297 820 837094030 518109063 196799994 371878091 968235512 609239659 624086053 224231725 13124 718770132 161337239 482923326 261709358 915482322 376988577 399258168 336347588 3302 214198171 340272565 570633736 89339271 92131386 873885302 772656906 285714699 12175 101001742 109262180 216015238 39106524 597921649 721931072 507020316 1010657716 5803 746347226 660369761 846784744 452643537 413658945 47902292 35448327 439228317 14221 586823358 531132407 488619141 28036461 374575667 611344543 621464100 893710817 12302 739784513 921618604 773245501 918398732 226512310 14520161 1038870315 127864847 6645 984532317 116590471 483530285 648019702 336871855 379002530 132829483 385998884 13303 244747804 268713691 784026607 803362793 110359544 364482369 167700992 258134036 6658 414387240 513654451 336739993 1024017672 128571902 593598105 893224964 587245759 15927 560398067 249316012 525271621 81724858 902837974 87778693 412980308 208899021 9931 974785306 147144107 512864037 809634752 1031409842 681376798 232463448 796144781 9474 740890300 695186443 624977406 74402972 1045683378 639428767 191051940 446871939 1095 126348304 1014942332 57660631 282148218 763294093 282678443 281974455 978183485 7929 867238604 636386951 682638038 356551190 735235647 922107211 473026395 351313600 9025 961711333 35824204 210362649 482189615 813994285 949666598 336981940 948920340 2489 2 0 0 0 0 0 0 0 0 75747823 927477492 489222551 411288150 303371175 152139198 619260727 73792785 5525 1014987201 607741220 1009754277 867570157 365203469 983386299 283822377 741419145 5548 1019450381 841025852 419052050 371539464 1046920696 208419268 948322158 178193153 1555 634546228 609866083 733787966 936697073 324444298 101248686 529443676 521745730 1972 9 0 0 0 0 0 0 0 0 0 0 0 0 0 0 0 0 0 451329413 268998940 871433991 840344466 955892915 309499012 668894786 852308952 890 322410423 869330649 629894798 126132319 546021318 688259731 748157212 886099138 6846 145255216 198440002 461277474 558003653 638654500 681691691 225759140 777925600 2479 378518777 1069166380 303344094 292938737 930477801 100247411 407692736 918465530 5037 303121836 914689262 113862898 297795830 461583271 293822070 185941632 946997014 1589 511297222 795979610 174036737 681192908 805300160 960611720 216417189 255295534 420 0 0 1 0 1 0 1 0 1 0 1 0 0 1 1 1 0 1 0 692511172 38374885 9710946 408307805 477910456 1005893512 26302174 1016504825 5803 518004841 90454476 1010255559 1034466617 800126276 690502177 134684205 120823836 7130 629757681 189052294 823023912 661499556 848703508 684823763 23438375 1070089656 12878 183315131 658368655 869562129 425129228 955143311 1051181453 691520829 761840260 7028 6 0 0 0 0 0 0 0 0 183315131 658368655 869562129 425129228 955143311 1051181453 691520829 761840260 7028 183315131 658368655 869562129 425129228 955143311 1051181453 691520829 761840260 7028 6 0 0 0 0 0 0 0 0 183315131 658368655 869562129 425129228 955143311 1051181453 691520829 761840260 7028 1 0
0 0 0 0 0 0 0 0 0 974785306 147144107 512864037 809634752 1031409842 681376798 232463448 796144781 9474 0 0 0 0 0 0 0 0 0 145791286 415857799 223148820 539255722 68027563 1045859168 400164440 1054278817 16132 1 0 0 0 0 0 0 0 0 145791286 415857799 223148820 539255722 68027563 1045859168 400164440 1054278817 16132 974785306 147144107 512864037 809634752 1031409842 681376798 232463448 796144781 9474 244747804 268713691 784026607 803362793 110359544 364482369 167700992 258134036 6658 768282085 167704703 846354498 870078164 692903631 529742186 705489844 73716557 2116 1 0 0 0 0 0 0 0 0 768282085 167704703 846354498 870078164 692903631 529742186 705489844 73716557 2116 974785306 147144107 512864037 809634752 1031409842 681376798 232463448 796144781 9474 867238604 636386951 682638038 356551190 735235647 922107211 473026395 351313600 9025 38244584 905100643 392922821 86172160 845595192 212847756 640727388 609447636 15683 0 0 0 0 0 0 0 0 0 0 0 0 0 0 0 0 0 0 0 0 0 0 0 0 0 0 0 0 0 0 0 0 0 0 0 0 0 0 0 0 0 0 0 0 0 0 0 0 0 0 0 0 0 0 0 0 0 0 0 0 0 0 0 974785306 147144107 512864037 809634752 1031409842 681376798 232463448 796144781 9474 974785306 147144107 512864037 809634752 1031409842 681376798 232463448 796144781 9474 0 0 0 0 0 0 0 0 0 0 0 0 0 0 0 0 0 0 625056573 855407231 1013012420 773636352 409641842 1070599436 606277843 298705601 16264 625056573 855407231 1013012420 773636352 409641842 1070599436 606277843 298705601 16264 0 0 0 0 0 0 0 0 0 69577341 1042141584 232272730 1010478588 171128173 983165991 914990409 172781006 14512 69577341 1042141584 232272730 1010478588 171128173 983165991 914990409 172781006 14512 0 0 0 0 0 0 0 0 0 265675564 1047473927 393020334 152168512 948441385 827641734 569145026 884774814 9625 265675564 1047473927 393020334 152168512 948441385 827641734 569145026 884774814 9625 0 0 0 0 0 0 0 0 0 0 0 0 0 0 0 0 0 0 0 0 0 0 0 0 0 0 0 0 0 0 0 0 0 0 0 0 0 0 0 0 0 0 0 0 0 0 0 0 0 0 0 0 0 0 0 0 0 0 0 0 0 0 0 0 0 0 0 0 0 0 0 0 0 0 0 0 0 0 0 0 0 352061339 597614577 306595278 106334133 881309011 504310569 188043159 439515647 3850 0 0 0 0 0 0 0 0 0 94213159 313050488 742734388 1023697668 473726682 145433791 610814703 182837444 5479 0 0 0 0 0 0 0 0 0 201009548 303139564 175100251 760007867 859887918 1016046971 774068307 297910313 5219 0 0 0 0 1 0 0 1 0 0 0 0 0 0 0 0 0 0 0 244747804 268713691 784026607 803362793 110359544 364482369 167700992 258134036 6658 974785306 147144107 512864037 809634752 1031409842 681376798 232463448 796144781 9474 867238604 636386951 682638038 356551190 735235647 922107211 473026395 351313600 9025 0 0 0 0 0 0 0 0 0 1 0 0 0 0 0 0 0 0 0 0 0 0 0 0 0 0 0 107864813 348160664 378519169 143621480 743277764 894576795 638282417 1014785410 3747 1073741231 615826355 349147577 296107778 34 0 0 0 16384 181408229 46897557 256569255 116615243 203362522 1018806176 515761593 366662969 9036 0 0
1032755441 729910710 725908104 1042927345 150478107 937884051 517012278 499021777 5810 257883499 459521752 316025201 154695300 90102808 763540844 957236073 456948616 11731 631480855 221759840 723154104 633851715 530796616 787944981 337009057 189489991 13458 694633913 207980635 896137574 414265338 580769982 980023603 447526429 471486608 14392 957664996 485966902 877997278 368566507 344670015 1070522523 680771178 777199563 13818 791870602 114968685 248621983 766785553 512708090 834682747 853467089 296843308 1805 216897115 573606107 692785728 901514867 240580881 627683071 400506528 955970394 1157 574973487 615104402 629578078 939012509 272127208 206999676 452960561 414614738 647 335252904 400047331 276145488 866539322 45827700 737065902 410393612 1057555821 7753 494751325 137913738 44456094 783423225 795123596 656741931 359688825 862324566 5223 418697527 280896092 723326313 738349447 978793860 18415622 877267557 61193548 1266 889364353 65455236 690031728 492439237 620899390 477744001 220503307 646438608 8805 603074999 831267211 382442162 542017988 357894504 614413445 656764249 488496764 8844 890732136 213312978 1056885178 629697086 284341369 824499347 101681046 109738592 9506 552899664 8054285 573305795 855881954 66051753 653522631 1040460004 565782305 2658 534735407 797674704 210481478 137859760 693048963 703663682 960171601 975267720 14230 590494471 335844195 26172807 306929459 681274690 652087208 854021336 688511768 2884 1017982760 461830508 184308671 904672125 11774272 51576474 106150265 286755952 11346 991769058 386079597 378074385 1012112867 300956215 802026278 1034024557 998043554 11620 950782674 500163952 754834912 685190610 451434289 666168505 477295012 423323508 1047 882278221 231448632 215089688 585773275 445756069 8014658 760168570 694866221 5264 66419895 75144029 181967312 444360797 535858843 771555502 643662819 78073014 612 449347102 228073119 100935513 642663849 718088562 755526185 197067503 835824219 6466 237355854 769194074 346896119 945327678 176613749 773647110 518512151 6371985 6354 99293042 694299873 211129724 935358440 90333283 476720645 840184283 139244408 8534 686201895 1033546046 342218281 322041437 690381731 60480032 681676144 278912619 7990 586908854 955072529 480236134 756532599 600048481 657501211 915233684 139668210 15840 538565268 450020378 818679499 279830148 472515772 347798670 116039690 57409246 8349 720097428 978624936 924828420 395115829 301341398 905599464 64019846 622948345 8025 184920872 354903491 669766096 674945978 773857170 179656310 180059537 680357591 16374 584963343 179963195 15583159 831849654 517284350 608978524 501183916 214986726 16108 692256809 124526701 692167097 332807084 909123181 256616034 630989182 598731108 9483 203478327 762405365 358602678 868548960 352665673 865594559 58431274 813717835 9207 48056011 846525749 258043622 104346234 438549864 699295259 535392067 802194306 13717 1066159018 1042141583 232272730 1010478588 171128173 983165991 914990409 172781006 14512 992682053 518023525 401120016 163376076 124677037 1041613791 466647405 59855990 3069 777386554 122457362 86344312 56091575 430393724 109913566 1026192154 1058350957 12138 27186385 283775151 942244068 856229499 119811965 1028590944 507527797 264929926 2472 128726609 299976690 514236154 871268390 348397515 143370807 142357611 530885104 1542 12 0 0 0 0 0 0 0 0 10 0 0 0 0 0 0 0 0 456225616 717347621 268609960 322222644 768238269 110775148 114015083 39270895 3430 507412315 705122301 750415830 243818695 928457685 1035145903 180507110 562477220 255 202762088 205932889 94525609 428927416 270803588 375113468 642845325 212682986 406 607313630 720344171 670293579 189697567 468286673 278125823 864141661 628791784 241 102110079 447174974 811578711 1061671486 741516159 187821005 737845411 414483815 41 303443368 722219985 476548759 375272415 902318910 942534260 283300462 441025744 330 1 1 1 0 1 1 1 1 1 1 1 0 0 1 1 0 1 0 1 625056573 855407231 1013012420 773636352 409641842 1070599436 606277843 298705601 16264 69577341 1042141584 232272730 1010478588 171128173 983165991 914990409 172781006 14512 265675564 1047473927 393020334 152168512 948441385 827641734 569145026 884774814 9625 1044777580 485966902 877997278 368566507 344670015 1070522523 680771178 777199563 13818 986629241 615826355 349147577 296107778 34 0 0 0 16384 581863909 137913738 44456094 783423225 795123596 656741931 359688825 862324566 5223 1044777580 485966902 877997278 368566507 344670015 1070522523 680771178 777199563 13818 986629241 615826355 349147577 296107778 34 0 0 0 16384 581863909 137913738 44456094 783423225 795123596 656741931 359688825 862324566 5223 1 0
0 0 0 0 0 0 0 0 0 184920872 354903491 669766096 674945978 773857170 179656310 180059537 680357591 16374 0 0 0 0 0 0 0 0 0 771829725 694149664 800854653 61628975 300163794 837157522 21551397 820025802 15830 1 0 0 0 0 0 0 0 0 771829725 694149664 800854653 61628975 300163794 837157522 21551397 820025802 15830 184920872 354903491 669766096 674945978 773857170 179656310 180059537 680357591 16374 586908854 955072529 480236134 756532599 600048481 657501211 915233684 139668210 15840 388399198 501482500 679221197 173645336 52780986 1045250870 238490811 420333602 9198 1 0 0 0 0 0 0 0 0 388399198 501482500 679221197 173645336 52780986 1045250870 238490811 420333602 9198 184920872 354903491 669766096 674945978 773857170 179656310 180059537 680357591 16374 203478327 762405365 358602678 868548960 352665673 865594559 58431274 813717835 9207 790387180 27909714 489691236 255231957 952714121 449353946 973664959 953386045 8663 0 0 0 0 0 0 0 0 0 0 0 0 0 0 0 0 0 0 0 0 0 0 0 0 0 0 0 0 0 0 0 0 0 0 0 0 0 0 0 0 0 0 0 0 0 0 0 0 0 0 0 0 0 0 0 0 0 0 0 0 0 0 0 184920872 354903491 669766096 674945978 773857170 179656310 180059537 680357591 16374 184920872 354903491 669766096 674945978 773857170 179656310 180059537 680357591 16374 0 0 0 0 0 0 0 0 0 0 0 0 0 0 0 0 0 0 789054189 860431297 525281474 672672695 631596379 748585039 811815974 411881090 5493 789054189 860431297 525281474 672672695 631596379 748585039 811815974 411881090 5493 0 0 0 0 0 0 0 0 0 766499492 480773678 260356612 416503608 805400117 776790080 17009256 850706974 9512 766499492 480773678 260356612 416503608 805400117 776790080 17009256 850706974 9512 0 0 0 0 0 0 0 0 0 1034808981 139928730 83913567 229176428 801708503 742100269 1037384097 351560825 520 1034808981 139928730 83913567 229176428 801708503 742100269 1037384097 351560825 520 0 0 0 0 0 0 0 0 0 0 0 0 0 0 0 0 0 0 0 0 0 0 0 0 0 0 0 0 0 0 0 0 0 0 0 0 0 0 0 0 0 0 0 0 0 0 0 0 0 0 0 0 0 0 0 0 0 0 0 0 0 0 0 0 0 0 0 0 0 0 0 0 0 0 0 0 0 0 0 0 0 863521667 493195631 965216593 93786011 488327786 537689298 722366361 80129974 15831 0 0 0 0 0 0 0 0 0 609131420 497090151 124750593 95669481 490249821 182957051 801225280 292722755 16365 0 0 0 0 0 0 0 0 0 485629699 775392539 200224454 694946124 639796085 415340945 161041244 530389664 9202 1 0 0 1 1 0 0 1 1 0 0 0 0 0 0 0 0 0 0 586908854 955072529 480236134 756532599 600048481 657501211 915233684 139668210 15840 184920872 354903491 669766096 674945978 773857170 179656310 180059537 680357591 16374 203478327 762405365 358602678 868548960 352665673 865594559 58431274 813717835 9207 0 0 0 0 0 0 0 0 0 1 0 0 0 0 0 0 0 0 0 0 0 0 0 0 0 0 0 813252711 944312650 60456430 927441999 491464784 1029502779 192863162 526990320 8803 823228128 83671767 0 0 0 0 0 0 0 625827518 456716838 556434355 379429981 676315872 60342815 869984490 493512028 2765 0 0
958302419 760762964 949380637 589607788 259168860 925783808 538807232 619346382 9725 340747979 713627842 247139164 262316317 635249659 756770894 1038397970 1035474388 8068 727626931 584654384 982457787 788138040 711920687 29578682 692389397 863498356 15072 481811857 267463152 785638087 15434479 363254673 451633296 828825231 188846240 15006 481811857 267463152 785638087 15434479 363254673 451633296 828825231 188846240 15006 166401975 160581248 776839421 644461381 2291196 654447142 351396221 700745407 12308 225308573 858564451 847372224 555816327 894418485 608812878 503463379 581078947 1410 1014835226 375758620 1003209020 88645053 181614535 45634263 921674666 119666459 10898 727566649 620702409 344270179 645680036 533366796 445148526 1054393354 128525975 10033 727566649 620702409 344270179 645680036 533366796 445148526 1054393354 128525975 10033 636687953 590373380 892505577 232368294 844941057 489891405 983422921 909700750 554 1068374909 682455870 880449374 754346579 273428488 786349577 657045543 825230921 6757 642054869 523743865 361203780 847871317 571512602 777283652 326377377 84469829 10181 750121346 1000360028 609195041 901849123 359563058 416943485 775458248 763441916 6013 750121346 1000360028 609195041 901849123 359563058 416943485 775458248 763441916 6013 216283123 279953793 625996361 379958100 313783243 532317821 787127250 723700686 5926 612187525 729590993 508949023 7896227 971089514 955362490 157454805 409102915 8414 677837423 166189155 466194915 668169651 416435587 650697154 629672444 314597771 13896 842863013 905699573 475871873 883107799 518337686 777825792 3872641 164950941 3067 727423608 592720714 351510687 398973764 777506547 629867776 542679874 784297323 12792 176985712 764073142 534271888 456476727 1015133454 443680239 722164539 67573461 13100 517733690 861874628 432263475 422685266 576641255 126709310 686820686 29306026 4785 163762268 565381056 62014853 101947368 693858063 313090654 316233431 967900927 11352 503884917 471630182 655669148 26800487 877824283 96780899 855152077 423999277 11836 675066695 462179799 729647515 521154299 764302400 515229286 374900538 967405485 3267 187236264 802837485 473697767 680823906 93616755 506923622 186794796 467227454 10889 585911393 340657685 817792076 159669606 403056179 1065436159 885636081 573563792 7621 514837339 117683464 962918145 923508253 474103585 1064526043 744725133 426016835 3613 265603655 128099588 339952093 832643781 70795957 1058985951 564867880 413132365 10358 780440994 245783052 229128414 682410211 544899543 1049770170 235851190 839149201 13971 876691868 404317718 467771066 663984431 604569039 1039219514 834804197 988327337 7618 951309914 1046963166 490041518 198007522 788856951 522800024 411887079 832266214 9320 754259957 835454529 608665007 565884175 319684132 488277715 172949453 746851728 555 1002047126 1039779545 1070500496 336626990 68004956 681372279 133317112 938430468 1841 983847493 68022610 33378593 51362306 542319607 68901970 73562217 287376151 5523 710716934 474631768 58102853 279135876 293403638 571562112 327664441 563388114 16 858166378 223704304 904772076 522414760 658825581 781151727 752922786 237138376 13744 295794784 961747409 869013662 779110687 1028301160 81556226 340235204 12772791 6144 147181073 950750795 445851214 178582056 720213699 77597053 680151608 342892223 2207 13 0 0 0 0 0 0 0 0 12 0 0 0 0 0 0 0 0 981011474 264644605 752431508 782552188 1212416 917098873 189113248 193162615 7355 807045552 457063893 722900329 424294430 894139978 624819649 87525269 629212524 7551 565603709 108860774 1062669710 969182852 38953060 270060345 566404413 1000407639 9241 887969425 7318754 201088263 679955997 438911769 230166089 152442076 719794456 3315 264711828 910818146 218932546 933964345 1065610871 333696530 29466725 337247782 8509 688422632 1020442248 436868294 155665138 332420384 463537654 56594775 465784368 2973 0 0 1 0 0 0 1 1 0 0 1 1 1 0 1 1 0 0 1 789054189 860431297 525281474 672672695 631596379 748585039 811815974 411881090 5493 766499492 480773678 260356612 416503608 805400117 776790080 17009256 850706974 9512 1034808981 139928730 83913567 229176428 801708503 742100269 1037384097 351560825 520 789054189 860431297 525281474 672672695 631596379 748585039 811815974 411881090 5493 766499492 480773678 260356612 416503608 805400117 776790080 17009256 850706974 9512 1034808981 139928730 83913567 229176428 801708503 742100269 1037384097 351560825 520 789054189 860431297 525281474 672672695 631596379 748585039 811815974 411881090 5493 766499492 480773678 260356612 416503608 805400117 776790080 17009256 850706974 9512 1034808981 139928730 83913567 229176428 801708503 742100269 1037384097 351560825 520 1 1
0 0 0 0 0 0 0 0 0 780440994 245783052 229128414 682410211 544899543 1049770170 235851190 839149201 13971 0 0 0 0 0 0 0 0 0 292610562 1044356206 697772912 545972039 947955688 1041464505 47745448 338971170 5209 1 0 0 0 0 0 0 0 0 292610562 1044356206 697772912 545972039 947955688 1041464505 47745448 338971170 5209 780440994 245783052 229128414 682410211 544899543 1049770170 235851190 839149201 13971 585911393 340657685 817792076 159669606 403056179 1065436159 885636081 573563792 7621 460959127 7495758 837793422 174552562 864583676 464306061 408800644 512259105 14527 1 0 0 0 0 0 0 0 0 460959127 7495758 837793422 174552562 864583676 464306061 408800644 512259105 14527 780440994 245783052 229128414 682410211 544899543 1049770170 235851190 839149201 13971 754259957 835454529 608665007 565884175 319684132 488277715 172949453 746851728 555 266429526 102370391 352715260 725553782 722740311 479972050 1058585535 246673696 8177 0 0 0 0 0 0 0 0 0 0 0 0 0 0 0 0 0 0 0 0 0 0 0 0 0 0 0 0 0 0 0 0 0 0 0 0 0 0 0 0 0 0 0 0 0 0 0 0 0 0 0 0 0 0 0 0 0 0 0 0 0 0 0 780440994 245783052 229128414 682410211 544899543 1049770170 235851190 839149201 13971 780440994 245783052 229128414 682410211 544899543 1049770170 235851190 839149201 13971 0 0 0 0 0 0 0 0 0 0 0 0 0 0 0 0 0 0 55304849 647726497 202872772 42266589 318946246 409162270 824036391 366050146 8538 55304849 647726497 202872772 42266589 318946246 409162270 824036391 366050146 8538 0 0 0 0 0 0 0 0 0 679511969 969949729 142807438 267599042 955140456 51927535 413781667 970521003 1342 679511969 969949729 142807438 267599042 955140456 51927535 413781667 970521003 1342 0 0 0 0 0 0 0 0 0 791413802 463259307 791824849 455992298 408635079 948844316 392083549 201735227 4743 791413802 463259307 791824849 455992298 408635079 948844316 392083549 201735227 4743 0 0 0 0 0 0 0 0 0 0 0 0 0 0 0 0 0 0 0 0 0 0 0 0 0 0 0 0 0 0 0 0 0 0 0 0 0 0 0 0 0 0 0 0 0 0 0 0 0 0 0 0 0 0 0 0 0 0 0 0 0 0 0 0 0 0 0 0 0 0 0 0 0 0 0 0 0 0 0 0 0 783607761 580729130 430527067 292851839 904712532 577850601 493073395 445271269 6499 0 0 0 0 0 0 0 0 0 906326755 768058933 373628332 544285728 907062848 540130437 789573001 766954919 11914 0 0 0 0 0 0 0 0 0 187874784 474771272 528386586 170145456 85332459 537352902 159395531 945353747 473 1 0 0 1 0 0 0 0 0 0 0 0 0 0 0 0 0 0 0 585911393 340657685 817792076 159669606 403056179 1065436159 885636081 573563792 7621 780440994 245783052 229128414 682410211 544899543 1049770170 235851190 839149201 13971 754259957 835454529 608665007 565884175 319684132 488277715 172949453 746851728 555 0 0 0 0 0 0 0 0 0 1 0 0 0 0 0 0 0 0 0 0 0 0 0 0 0 0 0 183315131 658368655 869562129 425129228 955143311 1051181453 691520829 761840260 7028 6 0 0 0 0 0 0 0 0 183315131 658368655 869562129 425129228 955143311 1051181453 691520829 761840260 7028 0 0
0 0 0 0 0 0 0 0 0 679511969 969949729 142807438 267599042 955140456 51927535 413781667 970521003 1342 0 0 0 0 0 0 0 0 0 734816818 543934402 345680211 309865631 200344878 461089806 164076234 262829326 9881 1 0 0 0 0 0 0 0 0 734816818 543934402 345680211 309865631 200344878 461089806 164076234 262829326 9881 679511969 969949729 142807438 267599042 955140456 51927535 413781667 970521003 1342 55304849 647726497 202872772 42266589 318946246 409162270 824036391 366050146 8538 397183947 359467213 934632288 723591340 290033711 1000771852 805865216 98514406 6086 1 0 0 0 0 0 0 0 0 397183947 359467213 934632288 723591340 290033711 1000771852 805865216 98514406 6086 679511969 969949729 142807438 267599042 955140456 51927535 413781667 970521003 1342 791413802 463259307 791824849 455992298 408635079 948844316 392083549 201735227 4743 846718651 37243980 994697622 498258887 727581325 284264762 142378117 567785374 13281 0 0 0 0 0 0 0 0 0 0 0 0 0 0 0 0 0 0 0 0 0 0 0 0 0 0 0 0 0 0 0 0 0 0 0 0 0 0 0 0 0 0 0 0 0 0 0 0 0 0 0 0 0 0 0 0 0 0 0 0 0 0 0 679511969 969949729 142807438 267599042 955140456 51927535 413781667 970521003 1342 679511969 969949729 142807438 267599042 955140456 51927535 413781667 970521003 1342 0 0 0 0 0 0 0 0 0 0 0 0 0 0 0 0 0 0 655287508 365402156 786500616 533629433 469078928 803979869 676908964 246389552 15297 655287508 365402156 786500616 533629433 469078928 803979869 676908964 246389552 15297 0 0 0 0 0 0 0 0 0 1063475105 606559617 506643345 959166825 970112384 109250690 523688227 565830382 7747 1063475105 606559617 506643345 959166825 970112384 109250690 523688227 565830382 7747 0 0 0 0 0 0 0 0 0 502144905 881038766 504831683 885918291 236925205 106275830 1061138836 377945338 2103 502144905 881038766 504831683 885918291 236925205 106275830 1061138836 377945338 2103 0 0 0 0 0 0 0 0 0 0 0 0 0 0 0 0 0 0 0 0 0 0 0 0 0 0 0 0 0 0 0 0 0 0 0 0 0 0 0 0 0 0 0 0 0 0 0 0 0 0 0 0 0 0 0 0 0 0 0 0 0 0 0 0 0 0 0 0 0 0 0 0 0 0 0 0 0 0 0 0 0 547688285 1005606845 980310993 383954988 1044717677 481444433 935066588 901450064 699 0 0 0 0 0 0 0 0 0 964156320 588971304 46537448 146681318 219554186 6375726 1026599897 75418763 110 0 0 0 0 0 0 0 0 0 670213345 783012780 537375202 846090611 728765970 509090649 119369629 829250079 388 0 0 0 0 0 0 0 0 0 0 0 0 0 0 0 0 0 0 0 55304849 647726497 202872772 42266589 318946246 409162270 824036391 366050146 8538 679511969 969949729 142807438 267599042 955140456 51927535 413781667 970521003 1342 791413802 463259307 791824849 455992298 408635079 948844316 392083549 201735227 4743 0 0 0 0 0 0 0 0 0 1 0 0 0 0 0 0 0 0 0 0 0 0 0 0 0 0 0 107864813 348160664 378519169 143621480 743277764 894576795 638282417 1014785410 3747 1073741231 615826355 349147577 296107778 34 0 0 0 16384 181408229 46897557 256569255 116615243 203362522 1018806176 515761593 366662969 9036 0 0
0 0 0 0 0 0 0 0 0 1063475105 606559617 506643345 959166825 970112384 109250690 523688227 565830382 7747 0 0 0 0 0 0 0 0 0 645020788 356135418 943996384 122946656 365449455 913230560 126855367 812219935 6660 1 0 0 0 0 0 0 0 0 645020788 356135418 943996384 122946656 365449455 913230560 126855367 812219935 6660 1063475105 606559617 506643345 959166825 970112384 109250690 523688227 565830382 7747 655287508 365402156 786500616 533629433 469078928 803979869 676908964 246389552 15297 491878186 413856560 1011475029 771343292 133295766 215526521 511085239 943775721 9850 1 0 0 0 0 0 0 0 0 491878186 413856560 1011475029 771343292 133295766 215526521 511085239 943775721 9850 1063475105 606559617 506643345 959166825 970112384 109250690 523688227 565830382 7747 502144905 881038766 504831683 885918291 236925205 106275830 1061138836 377945338 2103 83690588 630614567 942184722 49698122 706004100 910255699 664305976 624334891 1016 0 0 0 0 0 0 0 0 0 0 0 0 0 0 0 0 0 0 0 0 0 0 0 0 0 0 0 0 0 0 0 0 0 0 0 0 0 0 0 0 0 0 0 0 0 0 0 0 0 0 0 0 0 0 0 0 0 0 0 0 0 0 0 1063475105 606559617 506643345 959166825 970112384 109250690 523688227 565830382 7747 1063475105 606559617 506643345 959166825 970112384 109250690 523688227 565830382 7747 0 0 0 0 0 0 0 0 0 0 0 0 0 0 0 0 0 0 100775073 793505620 329919271 785791409 758131017 239002708 803114790 397778541 9960 100775073 793505620 329919271 785791409 758131017 239002708 803114790 397778541 9960 0 0 0 0 0 0 0 0 0 1030574663 432516179 736191759 976629385 482514757 883430417 189835673 349468478 15230 1030574663 432516179 736191759 976629385 482514757 883430417 189835673 349468478 15230 0 0 0 0 0 0 0 0 0 223539071 818672468 638697177 211227084 993487821 551385777 357982587 213129484 959 223539071 818672468 638697177 211227084 993487821 551385777 357982587 213129484 959 0 0 0 0 0 0 0 0 0 0 0 0 0 0 0 0 0 0 0 0 0 0 0 0 0 0 0 0 0 0 0 0 0 0 0 0 0 0 0 0 0 0 0 0 0 0 0 0 0 0 0 0 0 0 0 0 0 0 0 0 0 0 0 0 0 0 0 0 0 0 0 0 0 0 0 0 0 0 0 0 0 68960435 479297045 1025590477 597691419 26160014 934209252 283840862 670163278 7233 0 0 0 0 0 0 0 0 0 622297338 474656478 651822175 40715765 833093122 438157947 1007013523 627976457 3663 0 0 0 0 0 0 0 0 0 455177386 153637113 179796177 505212782 320519584 894476377 486477678 660620159 994 1 0 0 1 0 0 0 0 1 0 0 0 0 0 0 0 0 0 0 655287508 365402156 786500616 533629433 469078928 803979869 676908964 246389552 15297 1063475105 606559617 506643345 959166825 970112384 109250690 523688227 565830382 7747 502144905 881038766 504831683 885918291 236925205 106275830 1061138836 377945338 2103 0 0 0 0 0 0 0 0 0 1 0 0 0 0 0 0 0 0 0 0 0 0 0 0 0 0 0 1044777580 485966902 877997278 368566507 344670015 1070522523 680771178 777199563 13818 986629241 615826355 349147577 296107778 34 0 0 0 16384 581863909 137913738 44456094 783423225 795123596 656741931 359688825 862324566 5223 0 0
0 0 0 0 0 0 0 0 0 1030574663 432516179 736191759 976629385 482514757 883430417 189835673 349468478 15230 0 0 0 0 0 0 0 0 0 57607911 610195444 716963453 392571192 166903917 48691302 992950464 747247019 8806 1 0 0 0 0 0 0 0 0 57607911 610195444 716963453 392571192 166903917 48691302 992950464 747247019 8806 1030574663 432516179 736191759 976629385 482514757 883430417 189835673 349468478 15230 100775073 793505620 329919271 785791409 758131017 239002708 803114790 397778541 9960 180371910 177446824 301147113 114114646 402260755 361074371 547818261 562597962 16189 1 0 0 0 0 0 0 0 0 180371910 177446824 301147113 114114646 402260755 361074371 547818261 562597962 16189 1030574663 432516179 736191759 976629385 482514757 883430417 189835673 349468478 15230 223539071 818672468 638697177 211227084 993487821 551385777 357982587 213129484 959 324314144 538436264 968616449 997018493 677877014 790388486 87355553 610908026 10919 0 0 0 0 0 0 0 0 0 0 0 0 0 0 0 0 0 0 0 0 0 0 0 0 0 0 0 0 0 0 0 0 0 0 0 0 0 0 0 0 0 0 0 0 0 0 0 0 0 0 0 0 0 0 0 0 0 0 0 0 0 0 0 1030574663 432516179 736191759 976629385 482514757 883430417 189835673 349468478 15230 1030574663 432516179 736191759 976629385 482514757 883430417 189835673 349468478 15230 0 0 0 0 0 0 0 0 0 0 0 0 0 0 0 0 0 0 21557667 417912506 581831713 628869015 530307705 950992374 651844714 771741937 12706 21557667 417912506 581831713 628869015 530307705 950992374 651844714 771741937 12706 0 0 0 0 0 0 0 0 0 683538748 671724588 335696404 672255308 906554656 941902663 485819915 976233855 682 683538748 671724588 335696404 672255308 906554656 941902663 485819915 976233855 682 0 0 0 0 0 0 0 0 0 106007311 529586692 386077088 243725165 308110995 1023205532 130885468 99800184 11883 106007311 529586692 386077088 243725165 308110995 1023205532 130885468 99800184 11883 0 0 0 0 0 0 0 0 0 0 0 0 0 0 0 0 0 0 0 0 0 0 0 0 0 0 0 0 0 0 0 0 0 0 0 0 0 0 0 0 0 0 0 0 0 0 0 0 0 0 0 0 0 0 0 0 0 0 0 0 0 0 0 0 0 0 0 0 0 0 0 0 0 0 0 0 0 0 0 0 0 983087364 323481022 974379612 564593927 73375291 641629788 125969893 14934904 9259 0 0 0 0 0 0 0 0 0 405378677 765674541 183686244 860299225 982356782 403891331 367983792 951966606 14157 0 0 0 0 0 0 0 0 0 947425066 715828114 731587393 645274828 1058341766 967654255 297482792 705247709 891 1 0 0 1 0 0 0 0 0 0 0 0 0 0 0 0 0 0 0 100775073 793505620 329919271 785791409 758131017 239002708 803114790 397778541 9960 1030574663 432516179 736191759 976629385 482514757 883430417 189835673 349468478 15230 223539071 818672468 638697177 211227084 993487821 551385777 357982587 213129484 959 0 0 0 0 0 0 0 0 0 1 0 0 0 0 0 0 0 0 0 0 0 0 0 0 0 0 0 813252711 944312650 60456430 927441999 491464784 1029502779 192863162 526990320 8803 823228128 83671767 0 0 0 0 0 0 0 625827518 456716838 556434355 379429981 676315872 60342815 869984490 493512028 2765 0 0
151249608 866250441 871678127 742503980 420667142 679851796 551271160 329642118 5770 453767938 1044584875 102960982 303828429 302674061 705949987 385646498 396890908 3015 943332557 494114907 500459589 432268761 888627875 897940887 862738417 407429748 12108 705096415 15895270 917528118 227382499 363120538 819153214 63922806 674233969 13389 705096415 15895270 917528118 227382499 363120538 819153214 63922806 674233969 13389 123748573 345782251 785968742 1066079054 439597126 756538061 747210275 350570510 5801 605017546 837093492 974639110 1046332409 723341203 312059959 936917659 726533026 8785 592472852 124515114 160477209 315854423 789997781 444478101 884034440 697779307 13399 789546059 127569456 721773493 915980473 140923827 891366372 616705384 2292215 12566 789546059 127569456 721773493 915980473 140923827 891366372 616705384 2292215 12566 672508613 509794387 544371105 679101823 399186900 908303346 635197645 135809230 3488 323358671 464957959 603420572 736097190 117560112 530149051 174643092 804320657 15123 349149943 660662784 290098110 239112411 281626822 378154295 460554553 405230397 4748 127564977 331672842 618761224 576486402 838418666 900456082 782730183 871542121 8205 127564977 331672842 618761224 576486402 838418666 900456082 782730183 871542121 8205 904946051 921901338 464218196 404591039 1022758467 897216519 1055166246 25560849 8331 20840340 744538993 1022990139 878664963 235553159 504050860 340267754 737071867 1494 884105711 177362345 514969881 599667899 787205307 393165659 714898492 362230806 6836 302499216 658759058 669614431 411266137 841334285 285961768 28800497 659284237 11540 453748823 909183143 118403157 857662340 188259569 965813565 580071657 988926355 926 191344632 637633702 445045016 5620388 444515866 584211429 56174379 742737112 1401 645112570 608476753 548005999 309448817 747189927 216419592 441820878 65886196 4417 262423306 406951173 731657790 298208040 931900019 121738557 329472119 727895620 1613 376683771 39218875 260953632 775920878 1070661167 528775775 1059800969 64752979 4241 980759903 512158151 1057253998 137407921 652370403 188661260 627341619 391833083 13953 467126997 262517820 427779023 497364870 1055305602 416330432 948818703 194238472 5487 560108919 366186024 793414426 656064726 402935233 227669172 321477084 876147213 7917 349508183 647447918 545532588 866924712 109558651 333293586 1010374118 1035782931 14824 263005736 924109186 992826533 735326136 275802219 238898998 1070120623 26119006 11003 612513918 955730748 115469720 232401247 385360837 572192584 1006752917 1061901938 9443 780744553 936807911 651098368 562982869 794190951 376671874 865809038 966632684 270 58040959 241134639 1059378960 85343386 212375636 584475208 168709934 623546073 6127 838785512 104200726 636735505 648326256 1006566587 961147082 1034518972 516436933 6398 213936897 1011831055 24694922 130523972 647640200 711038992 388134452 836577195 9854 439472910 218795663 680684634 97192267 398342361 414617138 860126503 498922940 28 114109972 16800772 414700082 96844926 905138810 151785323 304959802 693761945 8618 1049636196 66861948 354661955 709703931 506429967 446855367 541009843 551032292 10942 655475508 340453709 424021811 176939431 557754684 153326078 267649634 773433039 9637 968855774 130722000 1015715374 25881240 291113178 917962743 670449332 884043945 4109 11 0 0 0 0 0 0 0 0 6 0 0 0 0 0 0 0 0 970596046 2966927 1028597837 951167634 116906889 1059172213 309796957 145418456 1229 371367923 1017999640 473697472 805051425 301821615 980254196 741272839 801041175 1319 407756534 1054734224 670896787 197601537 373059986 771589149 610003572 1006102108 239 44475804 233295525 860941858 731365942 994374773 89572009 515511607 44192662 435 233589859 785931440 284594805 433845520 776648433 106394722 722548443 88144095 758 911016119 795773527 185357243 209335343 980120762 748146323 716051807 154294247 1280 0 0 0 1 0 0 0 1 1 1 1 0 0 1 0 0 1 1 0 21557667 417912506 581831713 628869015 530307705 950992374 651844714 771741937 12706 683538748 671724588 335696404 672255308 906554656 941902663 485819915 976233855 682 106007311 529586692 386077088 243725165 308110995 1023205532 130885468 99800184 11883 21557667 417912506 581831713 628869015 530307705 950992374 651844714 771741937 12706 683538748 671724588 335696404 672255308 906554656 941902663 485819915 976233855 682 106007311 529586692 386077088 243725165 308110995 1023205532 130885468 99800184 11883 21557667 417912506 581831713 628869015 530307705 950992374 651844714 771741937 12706 683538748 671724588 335696404 672255308 906554656 941902663 485819915 976233855 682 106007311 529586692 386077088 243725165 308110995 1023205532 130885468 99800184 11883 1 1
614183353 31415426 337166482 626586385 76649341 830625494 283163453 599123800 2667 453858033 665679951 719117416 506084147 164681272 211930034 671808385 1002702513 7511 1025411449 194014343 951330997 341724005 978909075 696864081 251777939 123567046 6820 98881012 706090417 559736569 592358195 788296036 799861756 254488177 864307328 977 183315137 658368655 869562129 425129228 955143311 1051181453 691520829 761840260 7028 486838582 425980179 74054927 318991499 636124787 79230909 829205314 997842627 1360 1068041386 697095377 1056283898 58928708 241330614 1042555528 954971838 528084489 10179 492539021 344711157 440660430 556170568 394794207 110417205 947975299 469758137 7565 377557606 1059931475 752205225 880727503 318185600 459597843 967530066 504597048 15842 183315137 658368655 869562129 425129228 955143311 1051181453 691520829 761840260 7028 422642589 706235490 97293492 283806077 865205383 51369664 781103836 511507845 12781 405527658 859694295 596706589 847808153 69848523 908794116 923586324 52527735 14332 17114932 462367551 923476304 805847525 795356893 216317372 931259335 458980109 14833 325152607 470386751 356408107 230649159 335759997 115074431 282254233 318842323 14316 366630262 242995486 665382435 850258457 836544798 1028621083 309299835 449938697 14057 57964131 908775009 80363732 566771180 1037374975 907495503 1069882786 371639868 2591 565852978 225429770 214755655 968310391 1055558416 453747751 534941393 722690846 9487 565852978 225429770 214755655 968310391 1055558416 453747751 534941393 722690846 9487 154624882 62830853 674332964 179430946 153298683 587509164 566326907 124505776 5335 768808235 94246279 1011499446 806017331 229948024 344392834 849490361 723629576 8002 348786193 288998847 363919428 127987946 724992212 789284812 555443622 779763869 3997 802644226 954678798 9295020 634072094 889673484 1001214846 153510183 708724559 11509 105071840 376681104 355197988 378096201 513430884 496387045 116364762 222938644 3514 971601894 602319357 428154207 344633577 800990443 363765335 507928133 102944457 11243 53902167 856961287 806519847 226641582 738433797 674567474 791465205 100408703 11854 190283087 59764895 546753016 746352026 722968626 822619554 316785486 899156302 11459 136380921 892371788 89380745 815818222 1058276687 148052079 599062105 798747598 15989 131006783 94316023 851804967 1060836975 45450174 684552669 418794567 307615745 1888 434592187 608968457 379169110 57533704 401341604 817978069 880474710 915960991 8653 565598970 703284480 157232253 44628856 446791779 428788914 225527454 149834913 10542 699003628 5593336 259714358 710530710 862563884 864033031 809503290 1033541553 6323 233495788 902367846 523622470 577846878 264402406 651589997 506397259 210660719 11177 932499415 292134826 434189251 992269810 53224432 441881205 242158726 170460449 1117 806879796 444094036 635650497 530223386 135830638 629535178 984513803 784106664 3396 3 0 0 0 0 0 0 0 0 596816639 840946946 525572642 1052459738 525519753 645831623 756138377 1007163591 2744 287882174 336231034 172978508 5997970 272900426 33816245 322873752 511898568 419 261134153 317710775 932462783 953363550 543991028 27552320 786019156 423053931 6796 659909223 422598318 174962632 1017882602 248958960 403249955 260078890 361315041 12283 6 0 0 0 0 0 0 0 0 8 0 0 0 0 0 0 0 0 251128161 626153817 785971287 560718311 743638776 604922213 103744064 59707473 10179 218100241 932347065 237539855 554490726 1047905415 542152876 993866490 764815427 1622 433061987 315603810 832796474 673087197 566359821 230317534 671614019 674121391 5491 668471301 62603744 191939495 601871152 1010071942 314090612 849544078 761734440 2468 678771139 550050249 285911031 1001895035 67067589 676057125 158103590 317812934 3695 547759484 596070501 3825735 880827088 663413424 798060730 250744090 421228814 10420 1 0 0 1 0 0 0 1 0 0 0 1 0 0 0 0 1 0 1 560108919 366186024 793414426 656064726 402935233 227669172 321477084 876147213 7917 612513918 955730748 115469720 232401247 385360837 572192584 1006752917 1061901938 9443 838785512 104200726 636735505 648326256 1006566587 961147082 1034518972 516436933 6398 183315131 658368655 869562129 425129228 955143311 1051181453 691520829 761840260 7028 6 0 0 0 0 0 0 0 0 183315131 658368655 869562129 425129228 955143311 1051181453 691520829 761840260 7028 183315131 658368655 869562129 425129228 955143311 1051181453 691520829 761840260 7028 6 0 0 0 0 0 0 0 0 183315131 658368655 869562129 425129228 955143311 1051181453 691520829 761840260 7028 1 0
0 0 0 0 0 0 0 0 0 565598970 703284480 157232253 44628856 446791779 428788914 225527454 149834913 10542 0 0 0 0 0 0 0 0 0 701979890 979829912 971207245 564339299 431326608 576840994 824589559 948582511 10147 1 0 0 0 0 0 0 0 0 701979890 979829912 971207245 564339299 431326608 576840994 824589559 948582511 10147 565598970 703284480 157232253 44628856 446791779 428788914 225527454 149834913 10542 136380921 892371788 89380745 815818222 1058276687 148052079 599062105 798747598 15989 424356561 995419307 591421504 1036898666 500016211 870670119 467686180 320295362 11659 1 0 0 0 0 0 0 0 0 424356561 995419307 591421504 1036898666 500016211 870670119 467686180 320295362 11659 565598970 703284480 157232253 44628856 446791779 428788914 225527454 149834913 10542 932499415 292134826 434189251 992269810 53224432 441881205 242158726 170460449 1117 1068880335 568680258 174422419 438238430 37759262 589933285 841220831 969208047 722 0 0 0 0 0 0 0 0 0 0 0 0 0 0 0 0 0 0 0 0 0 0 0 0 0 0 0 0 0 0 0 0 0 0 0 0 0 0 0 0 0 0 0 0 0 0 0 0 0 0 0 0 0 0 0 0 0 0 0 0 0 0 0 565598970 703284480 157232253 44628856 446791779 428788914 225527454 149834913 10542 565598970 703284480 157232253 44628856 446791779 428788914 225527454 149834913 10542 0 0 0 0 0 0 0 0 0 0 0 0 0 0 0 0 0 0 716244731 699392517 644143572 659317422 561713916 527766107 210629926 964953092 2997 716244731 699392517 644143572 659317422 561713916 527766107 210629926 964953092 2997 0 0 0 0 0 0 0 0 0 483422621 282737206 542409318 4140878 462165833 356102983 889325178 783550946 3462 483422621 282737206 542409318 4140878 462165833 356102983 889325178 783550946 3462 0 0 0 0 0 0 0 0 0 1036362311 608400426 470715524 903044329 1026331913 448383586 566219664 206222149 2261 1036362311 608400426 470715524 903044329 1026331913 448383586 566219664 206222149 2261 0 0 0 0 0 0 0 0 0 0 0 0 0 0 0 0 0 0 0 0 0 0 0 0 0 0 0 0 0 0 0 0 0 0 0 0 0 0 0 0 0 0 0 0 0 0 0 0 0 0 0 0 0 0 0 0 0 0 0 0 0 0 0 0 0 0 0 0 0 0 0 0 0 0 0 0 0 0 0 0 0 541225007 218999702 959155711 139611872 602328254 614156034 117487008 492790677 10288 0 0 0 0 0 0 0 0 0 318524039 1071211333 214208140 789483727 748290461 121781280 932908418 264383928 6783 0 0 0 0 0 0 0 0 0 343468975 183583785 554048326 428149199 1057333301 510186774 251177331 886798722 718 1 0 0 1 0 0 0 0 1 0 0 0 0 0 0 0 0 0 0 136380921 892371788 89380745 815818222 1058276687 148052079 599062105 798747598 15989 565598970 703284480 157232253 44628856 446791779 428788914 225527454 149834913 10542 932499415 292134826 434189251 992269810 53224432 441881205 242158726 170460449 1117 0 0 0 0 0 0 0 0 0 1 0 0 0 0 0 0 0 0 0 0 0 0 0 0 0 0 0 107864813 348160664 378519169 143621480 743277764 894576795 638282417 1014785410 3747 1073741231 615826355 349147577 296107778 34 0 0 0 16384 181408229 46897557 256569255 116615243 203362522 1018806176 515761593 366662969 9036 0 0
0 0 0 0 0 0 0 0 0 483422621 282737206 542409318 4140878 462165833 356102983 889325178 783550946 3462 0 0 0 0 0 0 0 0 0 125925528 982129724 112811066 663458301 1023879749 883869090 26213280 674762215 6460 1 0 0 0 0 0 0 0 0 125925528 982129724 112811066 663458301 1023879749 883869090 26213280 674762215 6460 483422621 282737206 542409318 4140878 462165833 356102983 889325178 783550946 3462 716244731 699392517 644143572 659317422 561713916 527766107 210629926 964953092 2997 446043108 891137633 1013124842 907185207 414755922 804486570 381803018 989773096 5723 1 0 0 0 0 0 0 0 0 446043108 891137633 1013124842 907185207 414755922 804486570 381803018 989773096 5723 483422621 282737206 542409318 4140878 462165833 356102983 889325178 783550946 3462 1036362311 608400426 470715524 903044329 1026331913 448383586 566219664 206222149 2261 678865218 234051120 41117273 488619928 514304006 976149694 776849590 97433417 5259 0 0 0 0 0 0 0 0 0 0 0 0 0 0 0 0 0 0 0 0 0 0 0 0 0 0 0 0 0 0 0 0 0 0 0 0 0 0 0 0 0 0 0 0 0 0 0 0 0 0 0 0 0 0 0 0 0 0 0 0 0 0 0 483422621 282737206 542409318 4140878 462165833 356102983 889325178 783550946 3462 483422621 282737206 542409318 4140878 462165833 356102983 889325178 783550946 3462 0 0 0 0 0 0 0 0 0 0 0 0 0 0 0 0 0 0 754885212 812149741 952625366 746876649 786524490 593124632 785696168 271376539 2039 754885212 812149741 952625366 746876649 786524490 593124632 785696168 271376539 2039 0 0 0 0 0 0 0 0 0 896903672 521893606 840008981 354508728 344749009 938619257 896100971 323959134 7511 896903672 521893606 840008981 354508728 344749009 938619257 896100971 323959134 7511 0 0 0 0 0 0 0 0 0 730601978 359560843 523140652 338807896 590396942 222208631 184481680 325320928 5546 730601978 359560843 523140652 338807896 590396942 222208631 184481680 325320928 5546 0 0 0 0 0 0 0 0 0 0 0 0 0 0 0 0 0 0 0 0 0 0 0 0 0 0 0 0 0 0 0 0 0 0 0 0 0 0 0 0 0 0 0 0 0 0 0 0 0 0 0 0 0 0 0 0 0 0 0 0 0 0 0 0 0 0 0 0 0 0 0 0 0 0 0 0 0 0 0 0 0 93810835 680860391 108356690 638225793 477246288 182514522 1011620621 644934650 633 0 0 0 0 0 0 0 0 0 873877585 752515501 99141958 685604504 721455904 88620122 732723544 903953984 731 0 0 0 0 0 0 0 0 0 284803729 306907187 802459097 294078743 983683503 171062317 863144564 965279007 477 0 0 0 0 0 0 0 0 0 0 0 0 0 0 0 0 0 0 0 716244731 699392517 644143572 659317422 561713916 527766107 210629926 964953092 2997 483422621 282737206 542409318 4140878 462165833 356102983 889325178 783550946 3462 1036362311 608400426 470715524 903044329 1026331913 448383586 566219664 206222149 2261 0 0 0 0 0 0 0 0 0 1 0 0 0 0 0 0 0 0 0 0 0 0 0 0 0 0 0 1044777580 485966902 877997278 368566507 344670015 1070522523 680771178 777199563 13818 986629241 615826355 349147577 296107778 34 0 0 0 16384 581863909 137913738 44456094 783423225 795123596 656741931 359688825 862324566 5223 0 0
0 0 0 0 0 0 0 0 0 896903672 521893606 840008981 354508728 344749009 938619257 896100971 323959134 7511 0 0 0 0 0 0 0 0 0 578047060 260301524 718892524 27643554 57531676 458002066 608055316 595335674 9550 1 0 0 0 0 0 0 0 0 578047060 260301524 718892524 27643554 57531676 458002066 608055316 595335674 9550 896903672 521893606 840008981 354508728 344749009 938619257 896100971 323959134 7511 754885212 812149741 952625366 746876649 786524490 593124632 785696168 271376539 2039 553763826 881454450 289407809 693316625 935145951 87086064 6840828 649280063 13057 1 0 0 0 0 0 0 0 0 553763826 881454450 289407809 693316625 935145951 87086064 6840828 649280063 13057 896903672 521893606 840008981 354508728 344749009 938619257 896100971 323959134 7511 730601978 359560843 523140652 338807896 590396942 222208631 184481680 325320928 5546 411745366 97968761 402024195 11942722 303179609 815333264 970177848 596697467 7585 0 0 0 0 0 0 0 0 0 0 0 0 0 0 0 0 0 0 0 0 0 0 0 0 0 0 0 0 0 0 0 0 0 0 0 0 0 0 0 0 0 0 0 0 0 0 0 0 0 0 0 0 0 0 0 0 0 0 0 0 0 0 0 896903672 521893606 840008981 354508728 344749009 938619257 896100971 323959134 7511 896903672 521893606 840008981 354508728 344749009 938619257 896100971 323959134 7511 0 0 0 0 0 0 0 0 0 0 0 0 0 0 0 0 0 0 563578842 814452944 667275819 339057577 322342871 733127203 756425414 534883070 6150 563578842 814452944 667275819 339057577 322342871 733127203 756425414 534883070 6150 0 0 0 0 0 0 0 0 0 185099146 690853150 280202469 278959628 475471324 999068380 904415671 353966450 9141 185099146 690853150 280202469 278959628 475471324 999068380 904415671 353966450 9141 0 0 0 0 0 0 0 0 0 1055913826 22389044 899535335 704224890 327712730 855083192 535169629 828003485 9451 1055913826 22389044 899535335 704224890 327712730 855083192 535169629 828003485 9451 0 0 0 0 0 0 0 0 0 0 0 0 0 0 0 0 0 0 0 0 0 0 0 0 0 0 0 0 0 0 0 0 0 0 0 0 0 0 0 0 0 0 0 0 0 0 0 0 0 0 0 0 0 0 0 0 0 0 0 0 0 0 0 0 0 0 0 0 0 0 0 0 0 0 0 0 0 0 0 0 0 240155974 802613419 52213932 500839051 1025895129 322815476 68167955 969053781 934 0 0 0 0 0 0 0 0 0 847314102 717216863 550535762 184377700 1059299388 398048257 654238578 625304239 3443 0 0 0 0 0 0 0 0 0 254885070 356840832 104603833 1060230264 893937238 1046313900 46161884 775097601 2542 0 0 0 0 0 0 0 0 0 0 0 0 0 0 0 0 0 0 0 754885212 812149741 952625366 746876649 786524490 593124632 785696168 271376539 2039 896903672 521893606 840008981 354508728 344749009 938619257 896100971 323959134 7511 730601978 359560843 523140652 338807896 590396942 222208631 184481680 325320928 5546 0 0 0 0 0 0 0 0 0 1 0 0 0 0 0 0 0 0 0 0 0 0 0 0 0 0 0 813252711 944312650 60456430 927441999 491464784 1029502779 192863162 526990320 8803 823228128 83671767 0 0 0 0 0 0 0 625827518 456716838 556434355 379429981 676315872 60342815 869984490 493512028 2765 0 0
85195321 727971525 107022040 84661896 632756335 871212344 601827919 882953817 15621 467001755 185247397 619316276 621616137 763095926 906099607 430108517 357685441 7956 369684305 805789618 898663443 6287510 96864051 999846212 463672250 495672691 9385 748677988 431564270 947478289 618017205 797814195 658453759 587099262 888849521 15291 748677988 431564270 947478289 618017205 797814195 658453759 587099262 888849521 15291 644048038 655366287 824008102 491033995 203753316 640526136 440715637 692206016 14819 552197075 297392566 377190739 410170255 322110403 703570128 1031936437 166897434 7194 91850963 357973721 446817363 80863740 955384737 1010697831 482521023 525308581 7625 167271147 97415839 830590227 687076740 803184020 780409748 365843477 108228112 2209 167271147 97415839 830590227 687076740 803184020 780409748 365843477 108228112 2209 756729423 414557568 228465680 448637705 323414315 529743740 843827683 647767272 15528 836686059 375210659 95090318 331795870 859959943 832203995 893780768 853358132 957 993785188 39346908 133375362 116841835 537196196 771281568 1023788738 868150963 14570 545750844 836841989 493069330 1043282468 650055601 514468571 217853220 289144732 15602 545750844 836841989 493069330 1043282468 650055601 514468571 217853220 289144732 15602 821280694 132875364 403851585 876213661 365468555 371632342 497440686 666381144 8980 454879625 917934787 656537906 868583452 729620351 797316732 1065500170 304884684 8623 366401069 288682401 821055502 7630208 709590028 648057433 505682339 361496459 357 170390641 840116694 938638327 946957837 191770811 668682865 129914015 692165811 14859 255585961 952261863 696512790 735511955 824527112 466153385 731741935 501377804 14097 176555447 717782483 1023094619 946675907 379218666 1039049469 512632819 992639427 9709 643557201 287203524 219521494 198442443 68572735 871407253 942741337 276583044 1282 290446309 83291270 1019111058 1044789831 383877293 940791962 991217521 438787837 14630 127306915 35268724 504672470 114453131 980174004 57185088 69042326 53737772 5360 404299125 444782772 575867510 261751913 500489496 1042121113 678926767 879777062 9897 1030794613 393981614 267574152 3570658 882204022 593498674 715438691 910008301 4246 626495489 565025198 40854219 37926523 381714560 625119385 36511923 30231239 10733 263657192 298330146 1026744953 14415797 600850856 636206724 183602318 687383918 8636 467362030 396760201 751548671 243031935 662397414 867806769 1053466720 974669668 9382 731019221 79263991 355404223 1035081779 189506411 430271670 163327215 588311763 1635 833947784 678564460 620569630 588863843 734402784 142609070 74586341 919277769 3180 353095013 161166785 575831327 837617322 255702638 787920424 388471010 844268128 15758 113300972 223904890 847253380 56631563 990105389 930529494 463057351 689804073 2555 976202603 800632349 90149954 447320598 270399820 475734250 1059054770 940800533 2308 528360649 657145007 726407391 726242002 309354607 951392897 635847642 360965535 5100 973165107 1026568782 1044031876 260353176 329184998 487139086 907715388 682206921 5452 944069226 181379098 927806812 915916253 303621811 33978074 707865687 494773002 14272 545213802 344196916 1067701032 2259323 469312572 943167092 718578552 922637023 297 1066456666 917388484 1019341955 591118635 196985252 707687244 330647603 899082130 14857 8 0 0 0 0 0 0 0 0 0 0 0 0 0 0 0 0 0 769577271 179904651 182665748 116500730 41103068 666413028 913612870 925298944 4766 477116490 244480516 472567680 95168629 467663834 593630724 182066400 351773626 6809 536627891 375743670 428103326 50033021 223276578 145953960 1053203133 7887984 4612 373020039 615921139 933269482 639529755 822673394 1013549496 790549502 17859304 1145 240874691 1050504611 844689192 718012890 93657918 65325660 423385272 305291582 6561 367399743 372251178 337938638 755822496 434544745 7327540 538988206 378129584 1140 0 0 1 0 1 1 1 0 0 0 1 0 1 1 1 1 1 1 1 563578842 814452944 667275819 339057577 322342871 733127203 756425414 534883070 6150 185099146 690853150 280202469 278959628 475471324 999068380 904415671 353966450 9141 1055913826 22389044 899535335 704224890 327712730 855083192 535169629 828003485 9451 563578842 814452944 667275819 339057577 322342871 733127203 756425414 534883070 6150 185099146 690853150 280202469 278959628 475471324 999068380 904415671 353966450 9141 1055913826 22389044 899535335 704224890 327712730 855083192 535169629 828003485 9451 563578842 814452944 667275819 339057577 322342871 733127203 756425414 534883070 6150 185099146 690853150 280202469 278959628 475471324 999068380 904415671 353966450 9141 1055913826 22389044 899535335 704224890 327712730 855083192 535169629 828003485 9451 1 1
773720750 836315432 772762168 570509847 301392593 142561809 135343424 803074088 2174 91148030 475583950 1058683514 841781555 63296647 434146373 979963292 308645106 9813 632727103 48308138 569630907 953979618 747034475 419713998 540023693 646024049 2038 283772886 644289190 396258442 1073008302 571220971 1055391055 199839138 618543002 12368 183315137 658368655 869562129 425129228 955143311 1051181453 691520829 761840260 7028 899007955 259448650 310222771 485084729 51463623 1069339455 235166205 928952230 438 864868780 238157558 757703859 338549579 364689241 576708182 41564892 37977371 11988 34139176 637117448 975408313 442642927 760516240 492631272 193601313 890974859 4834 844320193 303168881 128915779 17971519 105869977 287059341 626384567 204374012 4191 183315137 658368655 869562129 425129228 955143311 1051181453 691520829 761840260 7028 900072681 345940397 624220086 795366255 926225110 1031468653 1051635396 434371901 390 723875133 523892088 554572597 722019350 810331123 853860371 446245161 954669156 11851 176197549 437874665 418795066 369454683 115894021 177608282 605390235 553444569 4922 739796461 788930088 888107599 94558086 298078125 481907056 499569275 720035312 13288 366630262 242995486 665382435 850258457 836544798 1028621083 309299835 449938697 14057 665412058 695505318 537302503 901495284 1023112314 50809791 276992411 750712627 8426 332706029 884623571 268651251 450747642 1048427069 562275807 675367117 375356313 4213 332706029 884623571 268651251 450747642 1048427069 562275807 675367117 375356313 4213 473699676 598889041 471782513 67277871 602785187 285123618 270686848 532406352 4349 173678602 361462650 170802858 637787719 904177780 427685427 406030272 261738616 6524 900971952 108795722 679123260 54942787 468098864 927000860 584162632 26684326 14195 992119981 1042295140 314917372 600616565 531395477 287405409 490384101 335329433 7624 263917903 982614583 728707831 9204722 668939642 580887336 395800659 281960780 12002 695623136 684456261 834842396 504182178 694020402 917944351 466830346 261635584 14048 125819069 168825941 6836887 933734521 784936857 165479602 781333178 637073885 14232 525268433 79164593 107835414 834528065 219267343 35051132 350666427 211887291 15159 399449364 984080476 100998526 974535368 508072309 943313353 643075072 648555229 926 74527494 609704184 29353865 372586565 555875404 634364976 526671755 263902412 3118 498133538 813620874 942373798 938265180 32591664 939539483 966659602 361961136 2920 572661032 349583234 971727664 237109921 588467069 500162635 419589534 625863549 6038 441518785 34919547 1008630924 87333264 441444787 145280279 205514608 788523113 14123 231752180 42388649 281147874 1062177893 728224418 226458937 724268441 676013003 5646 673270964 535223664 940631220 853403379 95927347 371739217 929783049 390794292 3386 291852301 619699468 1054744471 198950885 96110101 118110517 1056363712 485042509 4604 0 0 0 0 0 0 0 0 0 800740645 294331210 991535344 991700100 503900031 750455528 130252284 393496214 1096 222379651 756498036 273632616 1043181692 639250762 105304794 897721128 106450866 5306 731267992 431129778 210423489 762189083 1047040693 737649805 1045351524 14904570 1798 37702244 754319534 871334159 233818325 126278442 663390267 225748345 683335624 11401 1 0 0 0 0 0 0 0 0 3 0 0 0 0 0 0 0 0 200128419 218102795 210719068 86588803 476409273 539663855 895753555 800606911 4220 844665479 993881194 678174271 805839843 623397717 567768514 841088821 861974603 3541 648705978 671901074 232383790 787323050 77914984 1002862461 169676921 135667876 5594 313457729 901296050 310198981 614197912 944926426 415572277 382805676 285628191 5585 765275855 436732623 523405445 814626994 213295827 691334790 366608141 288887298 1925 228422133 462980337 40839905 24815038 771647174 607238676 1017136636 749402887 2290 0 0 0 1 0 0 0 1 0 0 0 0 0 0 1 1 0 0 1 626495489 565025198 40854219 37926523 381714560 625119385 36511923 30231239 10733 731019221 79263991 355404223 1035081779 189506411 430271670 163327215 588311763 1635 113300972 223904890 847253380 56631563 990105389 930529494 463057351 689804073 2555 183315131 658368655 869562129 425129228 955143311 1051181453 691520829 761840260 7028 6 0 0 0 0 0 0 0 0 183315131 658368655 869562129 425129228 955143311 1051181453 691520829 761840260 7028 183315131 658368655 869562129 425129228 955143311 1051181453 691520829 761840260 7028 6 0 0 0 0 0 0 0 0 183315131 658368655 869562129 425129228 955143311 1051181453 691520829 761840260 7028 1 0
0 0 0 0 0 0 0 0 0 572661032 349583234 971727664 237109921 588467069 500162635 419589534 625863549 6038 0 0 0 0 0 0 0 0 0 972110396 259921886 1072726191 137903465 22797555 369734165 1062664607 200676954 6965 1 0 0 0 0 0 0 0 0 972110396 259921886 1072726191 137903465 22797555 369734165 1062664607 200676954 6965 572661032 349583234 971727664 237109921 588467069 500162635 419589534 625863549 6038 399449364 984080476 100998526 974535368 508072309 943313353 643075072 648555229 926 172190172 884806899 838617060 16771477 684394417 871901852 275630759 1016657842 9424 1 0 0 0 0 0 0 0 0 172190172 884806899 838617060 16771477 684394417 871901852 275630759 1016657842 9424 572661032 349583234 971727664 237109921 588467069 500162635 419589534 625863549 6038 673270964 535223664 940631220 853403379 95927347 371739217 929783049 390794292 3386 1072720328 445562316 1041629747 754196923 603999657 241310746 499116298 1039349522 4312 0 0 0 0 0 0 0 0 0 0 0 0 0 0 0 0 0 0 0 0 0 0 0 0 0 0 0 0 0 0 0 0 0 0 0 0 0 0 0 0 0 0 0 0 0 0 0 0 0 0 0 0 0 0 0 0 0 0 0 0 0 0 0 572661032 349583234 971727664 237109921 588467069 500162635 419589534 625863549 6038 572661032 349583234 971727664 237109921 588467069 500162635 419589534 625863549 6038 0 0 0 0 0 0 0 0 0 0 0 0 0 0 0 0 0 0 590321442 723616306 158608199 490715466 323936038 979206634 396032544 133348795 3642 590321442 723616306 158608199 490715466 323936038 979206634 396032544 133348795 3642 0 0 0 0 0 0 0 0 0 803727772 1073686548 887048158 409092930 486215112 841824035 990327352 246845372 6457 803727772 1073686548 887048158 409092930 486215112 841824035 990327352 246845372 6457 0 0 0 0 0 0 0 0 0 439044018 179958082 709822375 344997775 292327150 494573679 606015538 32053878 12897 439044018 179958082 709822375 344997775 292327150 494573679 606015538 32053878 12897 0 0 0 0 0 0 0 0 0 0 0 0 0 0 0 0 0 0 0 0 0 0 0 0 0 0 0 0 0 0 0 0 0 0 0 0 0 0 0 0 0 0 0 0 0 0 0 0 0 0 0 0 0 0 0 0 0 0 0 0 0 0 0 0 0 0 0 0 0 0 0 0 0 0 0 0 0 0 0 0 0 270546942 296544272 956832517 908520997 539109963 549269481 528940320 552542996 341 0 0 0 0 0 0 0 0 0 839527588 29992548 901392165 400141876 615761587 516740201 907148813 660813179 2225 0 0 0 0 0 0 0 0 0 144775278 22549766 830254366 810391386 298285316 732691095 510661914 105343241 1248 0 0 0 0 0 0 0 0 0 0 0 0 0 0 0 0 0 0 0 399449364 984080476 100998526 974535368 508072309 943313353 643075072 648555229 926 572661032 349583234 971727664 237109921 588467069 500162635 419589534 625863549 6038 673270964 535223664 940631220 853403379 95927347 371739217 929783049 390794292 3386 0 0 0 0 0 0 0 0 0 1 0 0 0 0 0 0 0 0 0 0 0 0 0 0 0 0 0 107864813 348160664 378519169 143621480 743277764 894576795 638282417 1014785410 3747 1073741231 615826355 349147577 296107778 34 0 0 0 16384 181408229 46897557 256569255 116615243 203362522 1018806176 515761593 366662969 9036 0 0
329323016 353515008 21758008 991079375 937302309 722542492 388701723 464956724 12601 421843201 680848949 664874555 102787322 928340671 758692905 47204518 673011657 8711 787484153 23950224 569725940 376179985 391336469 4191827 619895332 77159404 4072 320307390 723561031 1045656358 899808396 810151150 747288845 312618073 380194168 10099 957664996 485966902 877997278 368566507 344670015 1070522523 680771178 777199563 13818 214712901 190063562 1068121710 481720504 113403343 864591150 394140231 44787560 1206 751166216 418537601 337484986 797758919 791901122 407493574 435906242 64226557 4929 537288510 387352316 6042477 1053811188 395244078 457097575 1031975813 1054302826 12660 169029965 637818275 173981132 457982928 778542228 262655890 522601067 278899251 2970 494751325 137913738 44456094 783423225 795123596 656741931 359688825 862324566 5223 933783153 334126105 672721759 333902086 46021116 73872294 925699012 219091908 5113 135585530 704799174 160858671 478967308 245935316 762884733 667099850 750171061 12783 798197624 245153287 861010665 151042556 873827658 384729384 258599161 542662671 8713 1029365459 287748032 519282997 539605463 616263154 400038489 1002048083 165402673 155 552899664 8054285 573305795 855881954 66051753 653522631 1040460004 565782305 2658 754159685 149762559 712455262 5156092 284814497 676450107 304620866 944926896 4996 43065344 835380701 242336370 1071151582 254896920 726734320 1008597055 542116128 289 711094341 388123682 470118891 7746334 29917576 1023457611 369765634 402810767 4707 658646031 91203660 768110263 612309147 800862761 371343161 777403447 929913448 8818 987969046 902634136 440720693 233538920 664423213 20143830 92363347 321128349 5036 1102228 659257951 1055995423 459409151 501337817 62877410 708495388 83649244 11929 422945428 724280544 297980577 266088696 355936630 821570316 755699906 756660901 4256 420740974 637417354 1031768533 1013227772 427002887 695815495 412450954 589362412 13166 1002738695 137324343 286483940 5505727 448763503 319478629 177775404 673452390 5074 597949654 306418596 259001259 608022592 925110468 26501801 895235597 89240356 1027 221589628 139945442 902446801 591099103 522201047 504508924 300975645 108665415 121 697381799 449353201 992593119 279184289 670832437 478007122 479481872 19425058 15478 734556813 664124399 308812100 113859431 854675518 70043392 22825075 104160795 4044 87912624 280150552 833515903 122113093 742513832 958094640 743176267 405980433 8640 822469437 944274951 68586179 235972525 523447526 1028138033 766001342 510141228 12684 456582049 510567526 147057341 134719326 507412285 354068947 982650051 526099576 10944 109801114 550721783 630226064 674268851 772847808 754931296 23083639 634999964 7741 566383162 445462953 428135828 512880399 206518235 35258420 1005733691 87357716 2302 799409232 533215284 613258606 835556643 359623356 121261837 900283629 933515936 3071 769395131 1073686548 887048158 409092930 486215112 841824035 990327352 246845372 6457 35739201 633586141 45636320 831706111 535866189 438956154 440722279 35163629 4112 982731507 408001890 578140356 136731558 207980658 314497956 1000083790 83419095 8518 367982728 950629160 655542657 548011010 537672309 796088039 470952938 26481233 947 157289899 462071685 684433139 322161173 262148751 578232103 151100262 188822429 25 3 0 0 0 0 0 0 0 0 4 0 0 0 0 0 0 0 0 328603506 240836072 1039218014 99075120 454145728 381687046 316097465 901742070 2698 771784232 199531162 890609395 530322354 326749373 970120995 954850079 696063447 10174 109756429 140819636 88486370 494214293 5224912 481496662 998430759 962348697 1559 29087464 596879067 167194582 561664694 858884438 358937509 461614954 840857497 3420 1030119347 742640431 303533442 209695844 561699645 468468919 643697183 940271199 3891 441504454 195679439 227467932 832761889 1010837400 460476215 864488667 906187494 2263 0 1 1 1 1 1 0 1 1 1 1 0 1 1 1 1 1 0 1 590321442 723616306 158608199 490715466 323936038 979206634 396032544 133348795 3642 803727772 1073686548 887048158 409092930 486215112 841824035 990327352 246845372 6457 439044018 179958082 709822375 344997775 292327150 494573679 606015538 32053878 12897 1044777580 485966902 877997278 368566507 344670015 1070522523 680771178 777199563 13818 986629241 615826355 349147577 296107778 34 0 0 0 16384 581863909 137913738 44456094 783423225 795123596 656741931 359688825 862324566 5223 1044777580 485966902 877997278 368566507 344670015 1070522523 680771178 777199563 13818 986629241 615826355 349147577 296107778 34 0 0 0 16384 581863909 137913738 44456094 783423225 795123596 656741931 359688825 862324566 5223 1 0
0 0 0 0 0 0 0 0 0 822469437 944274951 68586179 235972525 523447526 1028138033 766001342 510141228 12684 0 0 0 0 0 0 0 0 0 446109411 777801797 712031721 219049036 120538105 432403332 171741391 529566287 11778 1 0 0 0 0 0 0 0 0 446109411 777801797 712031721 219049036 120538105 432403332 171741391 529566287 11778 822469437 944274951 68586179 235972525 523447526 1028138033 766001342 510141228 12684 697381799 449353201 992593119 279184289 670832437 478007122 479481872 19425058 15478 315110775 315996081 496722008 748852924 729965761 1063396453 697993209 597498945 14986 1 0 0 0 0 0 0 0 0 315110775 315996081 496722008 748852924 729965761 1063396453 697993209 597498945 14986 822469437 944274951 68586179 235972525 523447526 1028138033 766001342 510141228 12684 566383162 445462953 428135828 512880399 206518235 35258420 1005733691 87357716 2302 190023136 278989799 1071581370 495956910 877350638 513265542 411473739 106782775 1396 0 0 0 0 0 0 0 0 0 0 0 0 0 0 0 0 0 0 0 0 0 0 0 0 0 0 0 0 0 0 0 0 0 0 0 0 0 0 0 0 0 0 0 0 0 0 0 0 0 0 0 0 0 0 0 0 0 0 0 0 0 0 0 822469437 944274951 68586179 235972525 523447526 1028138033 766001342 510141228 12684 822469437 944274951 68586179 235972525 523447526 1028138033 766001342 510141228 12684 0 0 0 0 0 0 0 0 0 0 0 0 0 0 0 0 0 0 105184007 1005180023 1067024299 761160554 464146918 673662602 648718120 356319649 4086 105184007 1005180023 1067024299 761160554 464146918 673662602 648718120 356319649 4086 0 0 0 0 0 0 0 0 0 32435926 221226776 199617459 272836850 919787159 37529823 759628086 600516952 468 32435926 221226776 199617459 272836850 919787159 37529823 759628086 600516952 468 0 0 0 0 0 0 0 0 0 824529818 8596214 1042548298 90495789 674158258 925192345 634660875 61288738 14153 824529818 8596214 1042548298 90495789 674158258 925192345 634660875 61288738 14153 0 0 0 0 0 0 0 0 0 0 0 0 0 0 0 0 0 0 0 0 0 0 0 0 0 0 0 0 0 0 0 0 0 0 0 0 0 0 0 0 0 0 0 0 0 0 0 0 0 0 0 0 0 0 0 0 0 0 0 0 0 0 0 0 0 0 0 0 0 0 0 0 0 0 0 0 0 0 0 0 0 459565252 579353905 1044544523 954160297 135224642 572302616 46440881 69675654 11983 0 0 0 0 0 0 0 0 0 36195763 256760802 310393213 716290877 576111082 200758760 557691677 329561919 9820 0 0 0 0 0 0 0 0 0 506704440 889987972 832253693 647700456 622525675 217247514 320735816 288730667 1782 1 0 0 1 0 0 0 0 1 0 0 0 0 0 0 0 0 0 0 697381799 449353201 992593119 279184289 670832437 478007122 479481872 19425058 15478 822469437 944274951 68586179 235972525 523447526 1028138033 766001342 510141228 12684 566383162 445462953 428135828 512880399 206518235 35258420 1005733691 87357716 2302 0 0 0 0 0 0 0 0 0 1 0 0 0 0 0 0 0 0 0 0 0 0 0 0 0 0 0 813252711 944312650 60456430 927441999 491464784 1029502779 192863162 526990320 8803 823228128 83671767 0 0 0 0 0 0 0 625827518 456716838 556434355 379429981 676315872 60342815 869984490 493512028 2765 0 0
0 0 0 0 0 0 0 0 0 32435926 221226776 199617459 272836850 919787159 37529823 759628086 600516952 468 0 0 0 0 0 0 0 0 0 137619933 152664975 192899935 1033997405 310192253 711192426 334604382 956836602 4554 1 0 0 0 0 0 0 0 0 137619933 152664975 192899935 1033997405 310192253 711192426 334604382 956836602 4554 32435926 221226776 199617459 272836850 919787159 37529823 759628086 600516952 468 105184007 1005180023 1067024299 761160554 464146918 673662602 648718120 356319649 4086 856965744 229822990 168423933 363332640 520203593 962722169 320547137 661805691 14621 1 0 0 0 0 0 0 0 0 856965744 229822990 168423933 363332640 520203593 962722169 320547137 661805691 14621 32435926 221226776 199617459 272836850 919787159 37529823 759628086 600516952 468 824529818 8596214 1042548298 90495789 674158258 925192345 634660875 61288738 14153 929713824 397949881 686683196 555548566 64563318 525113124 209637172 417608388 1855 0 0 0 0 0 0 0 0 0 0 0 0 0 0 0 0 0 0 0 0 0 0 0 0 0 0 0 0 0 0 0 0 0 0 0 0 0 0 0 0 0 0 0 0 0 0 0 0 0 0 0 0 0 0 0 0 0 0 0 0 0 0 0 32435926 221226776 199617459 272836850 919787159 37529823 759628086 600516952 468 32435926 221226776 199617459 272836850 919787159 37529823 759628086 600516952 468 0 0 0 0 0 0 0 0 0 0 0 0 0 0 0 0 0 0 162946425 1046797881 229908215 853483838 683488454 182560213 295323200 23166261 83 162946425 1046797881 229908215 853483838 683488454 182560213 295323200 23166261 83 0 0 0 0 0 0 0 0 0 257736887 923368055 426217885 414269791 745583762 400103134 424829955 243080657 6887 257736887 923368055 426217885 414269791 745583762 400103134 424829955 243080657 6887 0 0 0 0 0 0 0 0 0 42169811 907461471 368618296 157483240 1033236251 358158130 494612326 354650053 10358 42169811 907461471 368618296 157483240 1033236251 358158130 494612326 354650053 10358 0 0 0 0 0 0 0 0 0 0 0 0 0 0 0 0 0 0 0 0 0 0 0 0 0 0 0 0 0 0 0 0 0 0 0 0 0 0 0 0 0 0 0 0 0 0 0 0 0 0 0 0 0 0 0 0 0 0 0 0 0 0 0 0 0 0 0 0 0 0 0 0 0 0 0 0 0 0 0 0 0 1020656737 570858891 929098200 540617954 246715272 167357664 828866383 926986294 116 0 0 0 0 0 0 0 0 0 291363373 556779135 401229913 86071261 142375714 437484713 645503483 429640527 13 0 0 0 0 0 0 0 0 0 429234409 964835173 645141776 877805135 687260323 923919851 872167832 813312518 404 0 0 0 0 0 0 0 0 1 0 0 0 0 0 0 0 0 0 0 105184007 1005180023 1067024299 761160554 464146918 673662602 648718120 356319649 4086 32435926 221226776 199617459 272836850 919787159 37529823 759628086 600516952 468 824529818 8596214 1042548298 90495789 674158258 925192345 634660875 61288738 14153 0 0 0 0 0 0 0 0 0 1 0 0 0 0 0 0 0 0 0 0 0 0 0 0 0 0 0 0 0 0 0 0 0 0 0 0 1 0 0 0 0 0 0 0 0 0 0 0 0 0 0 0 0 0 0 0
0 0 0 0 0 0 0 0 0 257736887 923368055 426217885 414269791 745583762 400103134 424829955 243080657 6887 0 0 0 0 0 0 0 0 0 420683312 896424112 656126101 194011805 355330393 582663348 720153155 266246918 6970 1 0 0 0 0 0 0 0 0 420683312 896424112 656126101 194011805 355330393 582663348 720153155 266246918 6970 257736887 923368055 426217885 414269791 745583762 400103134 424829955 243080657 6887 162946425 1046797881 229908215 853483838 683488454 182560213 295323200 23166261 83 299906697 141261346 445688605 275645253 705078155 758261265 919442281 597730710 861 1 0 0 0 0 0 0 0 0 299906697 141261346 445688605 275645253 705078155 758261265 919442281 597730710 861 257736887 923368055 426217885 414269791 745583762 400103134 424829955 243080657 6887 42169811 907461471 368618296 157483240 1033236251 358158130 494612326 354650053 10358 205116236 880517528 598526512 1010967078 642982881 540718344 789935526 377816314 10441 0 0 0 0 0 0 0 0 0 0 0 0 0 0 0 0 0 0 0 0 0 0 0 0 0 0 0 0 0 0 0 0 0 0 0 0 0 0 0 0 0 0 0 0 0 0 0 0 0 0 0 0 0 0 0 0 0 0 0 0 0 0 0 257736887 923368055 426217885 414269791 745583762 400103134 424829955 243080657 6887 257736887 923368055 426217885 414269791 745583762 400103134 424829955 243080657 6887 0 0 0 0 0 0 0 0 0 0 0 0 0 0 0 0 0 0 443090234 929578495 564908257 675169449 706449007 212625050 454554419 297673207 7448 443090234 929578495 564908257 675169449 706449007 212625050 454554419 297673207 7448 0 0 0 0 0 0 0 0 0 292940113 37904594 701439623 772027777 1050664605 38530107 151725672 487674698 5920 292940113 37904594 701439623 772027777 1050664605 38530107 151725672 487674698 5920 0 0 0 0 0 0 0 0 0 697398981 317258850 418254811 722357743 800044025 34993676 515697371 686430688 9558 697398981 317258850 418254811 722357743 800044025 34993676 515697371 686430688 9558 0 0 0 0 0 0 0 0 0 0 0 0 0 0 0 0 0 0 0 0 0 0 0 0 0 0 0 0 0 0 0 0 0 0 0 0 0 0 0 0 0 0 0 0 0 0 0 0 0 0 0 0 0 0 0 0 0 0 0 0 0 0 0 0 0 0 0 0 0 0 0 0 0 0 0 0 0 0 0 0 0 193629253 955849672 566117006 429645524 219997862 327951327 361623798 965501504 34 0 0 0 0 0 0 0 0 0 891623808 296929297 211592629 612201005 1028991488 1061676397 169599020 144657544 2895 0 0 0 0 0 0 0 0 0 798622480 208690307 1055986575 498671169 141893351 530098395 544294082 277198812 4354 0 0 0 0 1 0 0 1 0 0 0 0 0 0 0 0 0 0 0 162946425 1046797881 229908215 853483838 683488454 182560213 295323200 23166261 83 257736887 923368055 426217885 414269791 745583762 400103134 424829955 243080657 6887 42169811 907461471 368618296 157483240 1033236251 358158130 494612326 354650053 10358 0 0 0 0 0 0 0 0 0 1 0 0 0 0 0 0 0 0 0 0 0 0 0 0 0 0 0 0 0 0 0 0 0 0 0 0 1 0 0 0 0 0 0 0 0 0 0 0 0 0 0 0 0 0 0 0
0 0 0 0 0 0 0 0 0 292940113 37904594 701439623 772027777 1050664605 38530107 151725672 487674698 5920 0 0 0 0 0 0 0 0 0 736030347 967483089 192606056 373455403 683371789 251155158 606280091 785347905 13368 1 0 0 0 0 0 0 0 0 736030347 967483089 192606056 373455403 683371789 251155158 606280091 785347905 13368 292940113 37904594 701439623 772027777 1050664605 38530107 151725672 487674698 5920 443090234 929578495 564908257 675169449 706449007 212625050 454554419 297673207 7448 990339094 355163444 45952610 420643697 776966807 73523784 667423043 100363562 15479 1 0 0 0 0 0 0 0 0 990339094 355163444 45952610 420643697 776966807 73523784 667423043 100363562 15479 292940113 37904594 701439623 772027777 1050664605 38530107 151725672 487674698 5920 697398981 317258850 418254811 722357743 800044025 34993676 515697371 686430688 9558 66747390 631010990 634015491 27677590 432751175 247618727 970251790 984103895 622 0 0 0 0 0 0 0 0 0 0 0 0 0 0 0 0 0 0 0 0 0 0 0 0 0 0 0 0 0 0 0 0 0 0 0 0 0 0 0 0 0 0 0 0 0 0 0 0 0 0 0 0 0 0 0 0 0 0 0 0 0 0 0 292940113 37904594 701439623 772027777 1050664605 38530107 151725672 487674698 5920 292940113 37904594 701439623 772027777 1050664605 38530107 151725672 487674698 5920 0 0 0 0 0 0 0 0 0 0 0 0 0 0 0 0 0 0 1051813729 109672465 824381781 457988904 357753950 852886972 779482883 118725590 2632 1051813729 109672465 824381781 457988904 357753950 852886972 779482883 118725590 2632 0 0 0 0 0 0 0 0 0 528750882 316410128 328752503 307299088 1037266464 495086292 713321889 823446317 5915 528750882 316410128 328752503 307299088 1037266464 495086292 713321889 823446317 5915 0 0 0 0 0 0 0 0 0 279909551 284096504 136281205 961256163 936847266 184926950 639570571 114658746 13878 279909551 284096504 136281205 961256163 936847266 184926950 639570571 114658746 13878 0 0 0 0 0 0 0 0 0 0 0 0 0 0 0 0 0 0 0 0 0 0 0 0 0 0 0 0 0 0 0 0 0 0 0 0 0 0 0 0 0 0 0 0 0 0 0 0 0 0 0 0 0 0 0 0 0 0 0 0 0 0 0 0 0 0 0 0 0 0 0 0 0 0 0 0 0 0 0 0 0 801966585 886515141 981079337 601132698 373619233 219290546 598924725 513807294 2691 0 0 0 0 0 0 0 0 0 992637567 197115574 643633505 795092554 726019182 491874258 490007377 419543551 2139 0 0 0 0 0 0 0 0 0 410635430 872957167 968600088 770711331 529124829 221224063 6648512 75363357 3454 0 0 0 0 0 0 0 0 1 0 0 0 0 0 0 0 0 0 0 443090234 929578495 564908257 675169449 706449007 212625050 454554419 297673207 7448 292940113 37904594 701439623 772027777 1050664605 38530107 151725672 487674698 5920 697398981 317258850 418254811 722357743 800044025 34993676 515697371 686430688 9558 0 0 0 0 0 0 0 0 0 1 0 0 0 0 0 0 0 0 0 0 0 0 0 0 0 0 0 0 0 0 0 0 0 0 0 0 1 0 0 0 0 0 0 0 0 0 0 0 0 0 0 0 0 0 0 0
0 0 0 0 0 0 0 0 0 528750882 316410128 328752503 307299088 1037266464 495086292 713321889 823446317 5915 0 0 0 0 0 0 0 0 0 506822787 426082594 79392460 765287993 321278590 274231441 419062949 942171908 8547 1 0 0 0 0 0 0 0 0 506822787 426082594 79392460 765287993 321278590 274231441 419062949 942171908 8547 528750882 316410128 328752503 307299088 1037266464 495086292 713321889 823446317 5915 1051813729 109672465 824381781 457988904 357753950 852886972 779482883 118725590 2632 808660432 1058422100 115886130 972447473 900371872 680013243 279150636 938105064 3409 1 0 0 0 0 0 0 0 0 808660432 1058422100 115886130 972447473 900371872 680013243 279150636 938105064 3409 528750882 316410128 328752503 307299088 1037266464 495086292 713321889 823446317 5915 279909551 284096504 136281205 961256163 936847266 184926950 639570571 114658746 13878 257981455 851684438 611515408 49395465 220859359 1037813923 345311630 233384337 126 0 0 0 0 0 0 0 0 0 0 0 0 0 0 0 0 0 0 0 0 0 0 0 0 0 0 0 0 0 0 0 0 0 0 0 0 0 0 0 0 0 0 0 0 0 0 0 0 0 0 0 0 0 0 0 0 0 0 0 0 0 0 0 528750882 316410128 328752503 307299088 1037266464 495086292 713321889 823446317 5915 528750882 316410128 328752503 307299088 1037266464 495086292 713321889 823446317 5915 0 0 0 0 0 0 0 0 0 0 0 0 0 0 0 0 0 0 1060049895 504252424 310587733 220952625 928666689 633409759 49993794 396650095 12398 1060049895 504252424 310587733 220952625 928666689 633409759 49993794 396650095 12398 0 0 0 0 0 0 0 0 0 1072591276 78667196 721232652 391590362 388801443 9263519 63639705 17063978 5668 1072591276 78667196 721232652 391590362 388801443 9263519 63639705 17063978 5668 0 0 0 0 0 0 0 0 0 889809524 213849628 371396933 641602556 110787391 277590125 338625814 429678084 9808 889809524 213849628 371396933 641602556 110787391 277590125 338625814 429678084 9808 0 0 0 0 0 0 0 0 0 0 0 0 0 0 0 0 0 0 0 0 0 0 0 0 0 0 0 0 0 0 0 0 0 0 0 0 0 0 0 0 0 0 0 0 0 0 0 0 0 0 0 0 0 0 0 0 0 0 0 0 0 0 0 0 0 0 0 0 0 0 0 0 0 0 0 0 0 0 0 0 0 880615419 349362531 307832253 684210347 203068015 194999220 935124206 403215647 950 0 0 0 0 0 0 0 0 0 697906904 455809955 865391649 677449816 810858285 835041065 772832387 4846115 2136 0 0 0 0 0 0 0 0 0 913861578 59578471 377427582 848520142 98920469 40113842 752107758 1035774711 5010 0 0 0 0 1 0 0 1 1 0 0 0 0 0 0 0 0 0 0 1051813729 109672465 824381781 457988904 357753950 852886972 779482883 118725590 2632 528750882 316410128 328752503 307299088 1037266464 495086292 713321889 823446317 5915 279909551 284096504 136281205 961256163 936847266 184926950 639570571 114658746 13878 0 0 0 0 0 0 0 0 0 1 0 0 0 0 0 0 0 0 0 0 0 0 0 0 0 0 0 0 0 0 0 0 0 0 0 0 1 0 0 0 0 0 0 0 0 0 0 0 0 0 0 0 0 0 0 0
0 0 0 0 0 0 0 0 0 1072591276 78667196 721232652 391590362 388801443 9263519 63639705 17063978 5668 0 0 0 0 0 0 0 0 0 1058899346 1040835089 682672807 316435209 243726274 642673279 113633499 413714073 1682 1 0 0 0 0 0 0 0 0 1058899346 1040835089 682672807 316435209 243726274 642673279 113633499 413714073 1682 1072591276 78667196 721232652 391590362 388801443 9263519 63639705 17063978 5668 1060049895 504252424 310587733 220952625 928666689 633409759 49993794 396650095 12398 888658976 292516825 18887761 1033192919 499588834 286853644 402265519 446742062 15476 1 0 0 0 0 0 0 0 0 888658976 292516825 18887761 1033192919 499588834 286853644 402265519 446742062 15476 1072591276 78667196 721232652 391590362 388801443 9263519 63639705 17063978 5668 889809524 213849628 371396933 641602556 110787391 277590125 338625814 429678084 9808 876117594 102275697 332837089 566447403 1039454046 910999884 388619608 826328179 5822 0 0 0 0 0 0 0 0 0 0 0 0 0 0 0 0 0 0 0 0 0 0 0 0 0 0 0 0 0 0 0 0 0 0 0 0 0 0 0 0 0 0 0 0 0 0 0 0 0 0 0 0 0 0 0 0 0 0 0 0 0 0 0 1072591276 78667196 721232652 391590362 388801443 9263519 63639705 17063978 5668 1072591276 78667196 721232652 391590362 388801443 9263519 63639705 17063978 5668 0 0 0 0 0 0 0 0 0 0 0 0 0 0 0 0 0 0 773007298 735519320 718845989 374531121 611268089 392460808 677306465 399435028 6825 773007298 735519320 718845989 374531121 611268089 392460808 677306465 399435028 6825 0 0 0 0 0 0 0 0 0 745413577 812075047 516006654 852131518 1020343643 431438373 351223547 582734236 9357 745413577 812075047 516006654 852131518 1020343643 431438373 351223547 582734236 9357 0 0 0 0 0 0 0 0 0 959524141 435138431 297108477 394019317 47729030 184976122 89219985 164070256 16299 959524141 435138431 297108477 394019317 47729030 184976122 89219985 164070256 16299 0 0 0 0 0 0 0 0 0 0 0 0 0 0 0 0 0 0 0 0 0 0 0 0 0 0 0 0 0 0 0 0 0 0 0 0 0 0 0 0 0 0 0 0 0 0 0 0 0 0 0 0 0 0 0 0 0 0 0 0 0 0 0 0 0 0 0 0 0 0 0 0 0 0 0 0 0 0 0 0 0 655961714 830116965 851925864 290071448 712212085 983766097 385154860 208328917 4289 0 0 0 0 0 0 0 0 0 165359559 693460917 245288592 147363510 384917266 463131915 700302869 902047513 1960 0 0 0 0 0 0 0 0 0 351767747 556479589 299677988 955762912 1048507119 670899637 346695456 213387384 3393 1 0 0 1 0 0 0 0 1 0 0 0 0 0 0 0 0 0 0 1060049895 504252424 310587733 220952625 928666689 633409759 49993794 396650095 12398 1072591276 78667196 721232652 391590362 388801443 9263519 63639705 17063978 5668 889809524 213849628 371396933 641602556 110787391 277590125 338625814 429678084 9808 0 0 0 0 0 0 0 0 0 1 0 0 0 0 0 0 0 0 0 0 0 0 0 0 0 0 0 0 0 0 0 0 0 0 0 0 1 0 0 0 0 0 0 0 0 0 0 0 0 0 0 0 0 0 0 0
0 0 0 0 0 0 0 0 0 745413577 812075047 516006654 852131518 1020343643 431438373 351223547 582734236 9357 0 0 0 0 0 0 0 0 0 444679051 473852544 161110820 152920816 557869909 823899182 1028530012 982169264 16182 1 0 0 0 0 0 0 0 0 444679051 473852544 161110820 152920816 557869909 823899182 1028530012 982169264 16182 745413577 812075047 516006654 852131518 1020343643 431438373 351223547 582734236 9357 773007298 735519320 718845989 374531121 611268089 392460808 677306465 399435028 6825 631195893 631387123 463967554 950043057 1068072639 616414495 440443532 746804492 9272 1 0 0 0 0 0 0 0 0 631195893 631387123 463967554 950043057 1068072639 616414495 440443532 746804492 9272 745413577 812075047 516006654 852131518 1020343643 431438373 351223547 582734236 9357 959524141 435138431 297108477 394019317 47729030 184976122 89219985 164070256 16299 658789614 554831396 666806889 472442660 658997085 577436930 766526450 563505284 6740 0 0 0 0 0 0 0 0 0 0 0 0 0 0 0 0 0 0 0 0 0 0 0 0 0 0 0 0 0 0 0 0 0 0 0 0 0 0 0 0 0 0 0 0 0 0 0 0 0 0 0 0 0 0 0 0 0 0 0 0 0 0 0 745413577 812075047 516006654 852131518 1020343643 431438373 351223547 582734236 9357 745413577 812075047 516006654 852131518 1020343643 431438373 351223547 582734236 9357 0 0 0 0 0 0 0 0 0 0 0 0 0 0 0 0 0 0 270831856 328718788 712733550 850974942 69149903 55465065 124786893 467622509 3337 270831856 328718788 712733550 850974942 69149903 55465065 124786893 467622509 3337 0 0 0 0 0 0 0 0 0 355441224 521219752 239291361 48775908 438551361 307162877 509420824 783585007 1367 355441224 521219752 239291361 48775908 438551361 307162877 509420824 783585007 1367 0 0 0 0 0 0 0 0 0 24130357 890773162 527851218 687375053 956835868 522139303 688673280 358003691 10059 24130357 890773162 527851218 687375053 956835868 522139303 688673280 358003691 10059 0 0 0 0 0 0 0 0 0 0 0 0 0 0 0 0 0 0 0 0 0 0 0 0 0 0 0 0 0 0 0 0 0 0 0 0 0 0 0 0 0 0 0 0 0 0 0 0 0 0 0 0 0 0 0 0 0 0 0 0 0 0 0 0 0 0 0 0 0 0 0 0 0 0 0 0 0 0 0 0 0 259202146 158259516 496201099 440376157 429061486 397006534 469295667 254152056 3898 0 0 0 0 0 0 0 0 0 646998409 510717157 75480249 586172099 886000382 1058101311 329717260 492151498 5344 0 0 0 0 0 0 0 0 0 994444320 323979472 118013524 262322336 392963461 965173422 344978349 89295585 9309 0 0 0 0 1 0 0 1 1 0 0 0 0 0 0 0 0 0 0 773007298 735519320 718845989 374531121 611268089 392460808 677306465 399435028 6825 745413577 812075047 516006654 852131518 1020343643 431438373 351223547 582734236 9357 959524141 435138431 297108477 394019317 47729030 184976122 89219985 164070256 16299 0 0 0 0 0 0 0 0 0 1 0 0 0 0 0 0 0 0 0 0 0 0 0 0 0 0 0 0 0 0 0 0 0 0 0 0 1 0 0 0 0 0 0 0 0 0 0 0 0 0 0 0 0 0 0 0
0 0 0 0 0 0 0 0 0 355441224 521219752 239291361 48775908 438551361 307162877 509420824 783585007 1367 0 0 0 0 0 0 0 0 0 626273080 849938540 952024911 899750850 507701264 362627942 634207717 177465692 4705 1 0 0 0 0 0 0 0 0 626273080 849938540 952024911 899750850 507701264 362627942 634207717 177465692 4705 355441224 521219752 239291361 48775908 438551361 307162877 509420824 783585007 1367 270831856 328718788 712733550 850974942 69149903 55465065 124786893 467622509 3337 379571581 338251090 767142580 736150961 321645405 829302181 124352280 67846875 11427 1 0 0 0 0 0 0 0 0 379571581 338251090 767142580 736150961 321645405 829302181 124352280 67846875 11427 355441224 521219752 239291361 48775908 438551361 307162877 509420824 783585007 1367 24130357 890773162 527851218 687375053 956835868 522139303 688673280 358003691 10059 294962213 145750126 166842945 464608172 1025985772 577604368 813460173 825626200 13396 0 0 0 0 0 0 0 0 0 0 0 0 0 0 0 0 0 0 0 0 0 0 0 0 0 0 0 0 0 0 0 0 0 0 0 0 0 0 0 0 0 0 0 0 0 0 0 0 0 0 0 0 0 0 0 0 0 0 0 0 0 0 0 355441224 521219752 239291361 48775908 438551361 307162877 509420824 783585007 1367 355441224 521219752 239291361 48775908 438551361 307162877 509420824 783585007 1367 0 0 0 0 0 0 0 0 0 0 0 0 0 0 0 0 0 0 372921978 778718976 46805862 171594946 712355751 584123663 947214259 116264457 4133 372921978 778718976 46805862 171594946 712355751 584123663 947214259 116264457 4133 0 0 0 0 0 0 0 0 0 357389184 564468585 1036639179 7774962 275769829 557161521 835294015 448410971 8958 357389184 564468585 1036639179 7774962 275769829 557161521 835294015 448410971 8958 0 0 0 0 0 0 0 0 0 144224048 575850360 985761590 450188333 766390116 896293760 1016239198 480917927 5703 144224048 575850360 985761590 450188333 766390116 896293760 1016239198 480917927 5703 0 0 0 0 0 0 0 0 0 0 0 0 0 0 0 0 0 0 0 0 0 0 0 0 0 0 0 0 0 0 0 0 0 0 0 0 0 0 0 0 0 0 0 0 0 0 0 0 0 0 0 0 0 0 0 0 0 0 0 0 0 0 0 0 0 0 0 0 0 0 0 0 0 0 0 0 0 0 0 0 0 1062128902 298671290 839787092 418911810 197305263 722934017 934062806 652600952 278 0 0 0 0 0 0 0 0 0 1042112704 679500989 363529479 1028497179 416082496 627246011 207657957 190626192 114 0 0 0 0 0 0 0 0 0 494836152 762765930 565054513 731673912 291558461 540608501 533116708 804374758 839 0 0 0 0 0 0 0 0 0 0 0 0 0 0 0 0 0 0 0 270831856 328718788 712733550 850974942 69149903 55465065 124786893 467622509 3337 355441224 521219752 239291361 48775908 438551361 307162877 509420824 783585007 1367 24130357 890773162 527851218 687375053 956835868 522139303 688673280 358003691 10059 0 0 0 0 0 0 0 0 0 1 0 0 0 0 0 0 0 0 0 0 0 0 0 0 0 0 0 0 0 0 0 0 0 0 0 0 1 0 0 0 0 0 0 0 0 0 0 0 0 0 0 0 0 0 0 0
0 0 0 0 0 0 0 0 0 357389184 564468585 1036639179 7774962 275769829 557161521 835294015 448410971 8958 0 0 0 0 0 0 0 0 0 730311162 269445737 9703218 179369909 988125580 67543360 708766451 564675429 13091 1 0 0 0 0 0 0 0 0 730311162 269445737 9703218 179369909 988125580 67543360 708766451 564675429 13091 357389184 564468585 1036639179 7774962 275769829 557161521 835294015 448410971 8958 372921978 778718976 46805862 171594946 712355751 584123663 947214259 116264457 4133 501613232 66577121 948658946 457963296 1042159945 379713457 777791390 929328899 14661 1 0 0 0 0 0 0 0 0 501613232 66577121 948658946 457963296 1042159945 379713457 777791390 929328899 14661 357389184 564468585 1036639179 7774962 275769829 557161521 835294015 448410971 8958 144224048 575850360 985761590 450188333 766390116 896293760 1016239198 480917927 5703 517146026 280827512 1032567453 621783279 405004043 406675600 889711634 597182385 9836 0 0 0 0 0 0 0 0 0 0 0 0 0 0 0 0 0 0 0 0 0 0 0 0 0 0 0 0 0 0 0 0 0 0 0 0 0 0 0 0 0 0 0 0 0 0 0 0 0 0 0 0 0 0 0 0 0 0 0 0 0 0 0 357389184 564468585 1036639179 7774962 275769829 557161521 835294015 448410971 8958 357389184 564468585 1036639179 7774962 275769829 557161521 835294015 448410971 8958 0 0 0 0 0 0 0 0 0 0 0 0 0 0 0 0 0 0 352291210 499245144 97156535 289070758 188940187 351606954 982431944 141903913 10105 352291210 499245144 97156535 289070758 188940187 351606954 982431944 141903913 10105 0 0 0 0 0 0 0 0 0 7365008 139605126 661796832 718632921 975854239 250756154 447985323 817613248 11572 7365008 139605126 661796832 718632921 975854239 250756154 447985323 817613248 11572 0 0 0 0 0 0 0 0 0 650088350 183674662 122647690 649100162 833295487 233414778 652451000 983915999 15222 650088350 183674662 122647690 649100162 833295487 233414778 652451000 983915999 15222 0 0 0 0 0 0 0 0 0 0 0 0 0 0 0 0 0 0 0 0 0 0 0 0 0 0 0 0 0 0 0 0 0 0 0 0 0 0 0 0 0 0 0 0 0 0 0 0 0 0 0 0 0 0 0 0 0 0 0 0 0 0 0 0 0 0 0 0 0 0 0 0 0 0 0 0 0 0 0 0 0 921125238 883428425 701397043 321067629 160661281 1029728520 265714119 960365774 2259 0 0 0 0 0 0 0 0 0 365682288 642297843 1063055695 35315723 1044249812 503126182 740704309 289287006 4898 0 0 0 0 0 0 0 0 0 131373154 732272903 618095332 1016476425 912435713 291058171 7055438 560728835 3118 0 0 0 0 0 0 0 0 0 0 0 0 0 0 0 0 0 0 0 372921978 778718976 46805862 171594946 712355751 584123663 947214259 116264457 4133 357389184 564468585 1036639179 7774962 275769829 557161521 835294015 448410971 8958 144224048 575850360 985761590 450188333 766390116 896293760 1016239198 480917927 5703 0 0 0 0 0 0 0 0 0 1 0 0 0 0 0 0 0 0 0 0 0 0 0 0 0 0 0 0 0 0 0 0 0 0 0 0 1 0 0 0 0 0 0 0 0 0 0 0 0 0 0 0 0 0 0 0
0 0 0 0 0 0 0 0 0 7365008 139605126 661796832 718632921 975854239 250756154 447985323 817613248 11572 0 0 0 0 0 0 0 0 0 359656217 23023914 409805790 711595901 91052568 602363109 356675443 959517162 5293 1 0 0 0 0 0 0 0 0 359656217 23023914 409805790 711595901 91052568 602363109 356675443 959517162 5293 7365008 139605126 661796832 718632921 975854239 250756154 447985323 817613248 11572 352291210 499245144 97156535 289070758 188940187 351606954 982431944 141903913 10105 657453357 781195256 435296944 1071625305 735407868 484170933 26694499 727787424 10411 1 0 0 0 0 0 0 0 0 657453357 781195256 435296944 1071625305 735407868 484170933 26694499 727787424 10411 7365008 139605126 661796832 718632921 975854239 250756154 447985323 817613248 11572 650088350 183674662 122647690 649100162 833295487 233414778 652451000 983915999 15222 1002379559 67093450 944398472 642063141 1022235640 585021732 561141120 52078089 8944 0 0 0 0 0 0 0 0 0 0 0 0 0 0 0 0 0 0 0 0 0 0 0 0 0 0 0 0 0 0 0 0 0 0 0 0 0 0 0 0 0 0 0 0 0 0 0 0 0 0 0 0 0 0 0 0 0 0 0 0 0 0 0 7365008 139605126 661796832 718632921 975854239 250756154 447985323 817613248 11572 7365008 139605126 661796832 718632921 975854239 250756154 447985323 817613248 11572 0 0 0 0 0 0 0 0 0 0 0 0 0 0 0 0 0 0 158891852 384345777 1053984610 838065260 644405305 880386595 211338471 694991526 8166 158891852 384345777 1053984610 838065260 644405305 880386595 211338471 694991526 8166 0 0 0 0 0 0 0 0 0 160068496 671477126 713968285 879900261 735565837 516544185 374552316 865010750 8842 160068496 671477126 713968285 879900261 735565837 516544185 374552316 865010750 8842 0 0 0 0 0 0 0 0 0 505233584 898789612 546355669 47826875 948649619 973891649 540681914 182515792 1098 505233584 898789612 546355669 47826875 948649619 973891649 540681914 182515792 1098 0 0 0 0 0 0 0 0 0 0 0 0 0 0 0 0 0 0 0 0 0 0 0 0 0 0 0 0 0 0 0 0 0 0 0 0 0 0 0 0 0 0 0 0 0 0 0 0 0 0 0 0 0 0 0 0 0 0 0 0 0 0 0 0 0 0 0 0 0 0 0 0 0 0 0 0 0 0 0 0 0 96610388 711291182 709504111 600324823 980789438 1038438074 979368886 765198789 7137 0 0 0 0 0 0 0 0 0 967048560 292091855 339325975 222732451 23894261 1025668835 827995534 392681805 8174 0 0 0 0 0 0 0 0 0 405694000 888922036 110562119 634074535 532258269 207656962 294139312 682334007 10752 1 0 0 1 1 0 0 1 1 0 0 0 0 0 0 0 0 0 0 352291210 499245144 97156535 289070758 188940187 351606954 982431944 141903913 10105 7365008 139605126 661796832 718632921 975854239 250756154 447985323 817613248 11572 650088350 183674662 122647690 649100162 833295487 233414778 652451000 983915999 15222 0 0 0 0 0 0 0 0 0 1 0 0 0 0 0 0 0 0 0 0 0 0 0 0 0 0 0 0 0 0 0 0 0 0 0 0 1 0 0 0 0 0 0 0 0 0 0 0 0 0 0 0 0 0 0 0
0 0 0 0 0 0 0 0 0 160068496 671477126 713968285 879900261 735565837 516544185 374552316 865010750 8842 0 0 0 0 0 0 0 0 0 318960347 439996547 345063494 348115920 306229285 323188957 585890788 486260452 625 1 0 0 0 0 0 0 0 0 318960347 439996547 345063494 348115920 306229285 323188957 585890788 486260452 625 160068496 671477126 713968285 879900261 735565837 516544185 374552316 865010750 8842 158891852 384345777 1053984610 838065260 644405305 880386595 211338471 694991526 8166 665302080 496524914 186582131 927727137 610473632 416694011 915234231 1047526542 9940 1 0 0 0 0 0 0 0 0 665302080 496524914 186582131 927727137 610473632 416694011 915234231 1047526542 9940 160068496 671477126 713968285 879900261 735565837 516544185 374552316 865010750 8842 505233584 898789612 546355669 47826875 948649619 973891649 540681914 182515792 1098 664125436 209393565 526598456 885892136 519313100 780536421 752020386 877507318 9264 0 0 0 0 0 0 0 0 0 0 0 0 0 0 0 0 0 0 0 0 0 0 0 0 0 0 0 0 0 0 0 0 0 0 0 0 0 0 0 0 0 0 0 0 0 0 0 0 0 0 0 0 0 0 0 0 0 0 0 0 0 0 0 160068496 671477126 713968285 879900261 735565837 516544185 374552316 865010750 8842 160068496 671477126 713968285 879900261 735565837 516544185 374552316 865010750 8842 0 0 0 0 0 0 0 0 0 0 0 0 0 0 0 0 0 0 912373861 823975028 94586542 685812343 125465360 400110012 896203514 637840898 4275 912373861 823975028 94586542 685812343 125465360 400110012 896203514 637840898 4275 0 0 0 0 0 0 0 0 0 1069724345 316335490 751228384 552514799 347951425 803847316 737156724 68151296 13452 1069724345 316335490 751228384 552514799 347951425 803847316 737156724 68151296 13452 0 0 0 0 0 0 0 0 0 739703314 725503983 35484541 375804832 50760766 1073226898 588523978 340466662 11869 739703314 725503983 35484541 375804832 50760766 1073226898 588523978 340466662 11869 0 0 0 0 0 0 0 0 0 0 0 0 0 0 0 0 0 0 0 0 0 0 0 0 0 0 0 0 0 0 0 0 0 0 0 0 0 0 0 0 0 0 0 0 0 0 0 0 0 0 0 0 0 0 0 0 0 0 0 0 0 0 0 0 0 0 0 0 0 0 0 0 0 0 0 0 0 0 0 0 0 160237147 48369082 141279060 1052290175 84745508 346356093 59342335 772418333 4407 0 0 0 0 0 0 0 0 0 732429895 442495572 220871530 872963324 1058744911 1046814304 290129538 705360745 4772 0 0 0 0 0 0 0 0 0 927758574 704181796 682922532 438059083 105275921 54837075 355666139 758622641 592 1 0 0 1 0 0 0 0 0 0 0 0 0 0 0 0 0 0 0 158891852 384345777 1053984610 838065260 644405305 880386595 211338471 694991526 8166 160068496 671477126 713968285 879900261 735565837 516544185 374552316 865010750 8842 505233584 898789612 546355669 47826875 948649619 973891649 540681914 182515792 1098 0 0 0 0 0 0 0 0 0 1 0 0 0 0 0 0 0 0 0 0 0 0 0 0 0 0 0 0 0 0 0 0 0 0 0 0 1 0 0 0 0 0 0 0 0 0 0 0 0 0 0 0 0 0 0 0
0 0 0 0 0 0 0 0 0 1069724345 316335490 751228384 552514799 347951425 803847316 737156724 68151296 13452 0 0 0 0 0 0 0 0 0 908356381 524484163 496667349 942219364 473416751 130215504 559618415 705992195 1343 1 0 0 0 0 0 0 0 0 908356381 524484163 496667349 942219364 473416751 130215504 559618415 705992195 1343 1069724345 316335490 751228384 552514799 347951425 803847316 737156724 68151296 13452 912373861 823975028 94586542 685812343 125465360 400110012 896203514 637840898 4275 735685834 426013118 437565348 632211853 398712157 803332390 251938879 408617959 8937 1 0 0 0 0 0 0 0 0 735685834 426013118 437565348 632211853 398712157 803332390 251938879 408617959 8937 1069724345 316335490 751228384 552514799 347951425 803847316 737156724 68151296 13452 739703314 725503983 35484541 375804832 50760766 1073226898 588523978 340466662 11869 578335351 475737188 130071084 1061617175 176226126 399595086 410985669 978307561 16144 0 0 0 0 0 0 0 0 0 0 0 0 0 0 0 0 0 0 0 0 0 0 0 0 0 0 0 0 0 0 0 0 0 0 0 0 0 0 0 0 0 0 0 0 0 0 0 0 0 0 0 0 0 0 0 0 0 0 0 0 0 0 0 1069724345 316335490 751228384 552514799 347951425 803847316 737156724 68151296 13452 1069724345 316335490 751228384 552514799 347951425 803847316 737156724 68151296 13452 0 0 0 0 0 0 0 0 0 0 0 0 0 0 0 0 0 0 378114621 639337032 291482546 205672672 981183762 706264351 966882515 106575832 6420 378114621 639337032 291482546 205672672 981183762 706264351 966882515 106575832 6420 0 0 0 0 0 0 0 0 0 168564499 862351538 1065640849 273601782 971884233 644317707 222056911 655359692 6465 168564499 862351538 1065640849 273601782 971884233 644317707 222056911 655359692 6465 0 0 0 0 0 0 0 0 0 785849598 36108992 392741736 374596120 1064504229 428390074 617026642 770205559 105 785849598 36108992 392741736 374596120 1064504229 428390074 617026642 770205559 105 0 0 0 0 0 0 0 0 0 0 0 0 0 0 0 0 0 0 0 0 0 0 0 0 0 0 0 0 0 0 0 0 0 0 0 0 0 0 0 0 0 0 0 0 0 0 0 0 0 0 0 0 0 0 0 0 0 0 0 0 0 0 0 0 0 0 0 0 0 0 0 0 0 0 0 0 0 0 0 0 0 1070917824 750005356 88033818 363555796 55163497 48060653 1043662425 506091458 3510 0 0 0 0 0 0 0 0 0 555594398 296205379 716080348 809289236 977355507 410494255 152734546 859545504 11044 0 0 0 0 0 0 0 0 0 390602244 298755641 269048884 285813087 298323683 644251545 995294348 309773820 9745 1 0 0 1 1 0 0 1 0 0 0 0 0 0 0 0 0 0 0 912373861 823975028 94586542 685812343 125465360 400110012 896203514 637840898 4275 1069724345 316335490 751228384 552514799 347951425 803847316 737156724 68151296 13452 739703314 725503983 35484541 375804832 50760766 1073226898 588523978 340466662 11869 0 0 0 0 0 0 0 0 0 1 0 0 0 0 0 0 0 0 0 0 0 0 0 0 0 0 0 0 0 0 0 0 0 0 0 0 1 0 0 0 0 0 0 0 0 0 0 0 0 0 0 0 0 0 0 0
0 0 0 0 0 0 0 0 0 168564499 862351538 1065640849 273601782 971884233 644317707 222056911 655359692 6465 0 0 0 0 0 0 0 0 0 546679120 427946746 283381572 479274455 879326171 276840235 115197603 761935525 12885 1 0 0 0 0 0 0 0 0 546679120 427946746 283381572 479274455 879326171 276840235 115197603 761935525 12885 168564499 862351538 1065640849 273601782 971884233 644317707 222056911 655359692 6465 378114621 639337032 291482546 205672672 981183762 706264351 966882515 106575832 6420 954414097 898460530 384640761 648197903 962646638 1072707782 839083553 351823427 6571 1 0 0 0 0 0 0 0 0 954414097 898460530 384640761 648197903 962646638 1072707782 839083553 351823427 6571 168564499 862351538 1065640849 273601782 971884233 644317707 222056911 655359692 6465 785849598 36108992 392741736 374596120 1064504229 428390074 617026642 770205559 105 90222395 675446025 684224282 580268792 971946167 60912602 510167334 876781392 6525 0 0 0 0 0 0 0 0 0 0 0 0 0 0 0 0 0 0 0 0 0 0 0 0 0 0 0 0 0 0 0 0 0 0 0 0 0 0 0 0 0 0 0 0 0 0 0 0 0 0 0 0 0 0 0 0 0 0 0 0 0 0 0 168564499 862351538 1065640849 273601782 971884233 644317707 222056911 655359692 6465 168564499 862351538 1065640849 273601782 971884233 644317707 222056911 655359692 6465 0 0 0 0 0 0 0 0 0 0 0 0 0 0 0 0 0 0 462103492 320541176 297208065 878958173 321631016 697482717 801873182 897919854 7626 462103492 320541176 297208065 878958173 321631016 697482717 801873182 897919854 7626 0 0 0 0 0 0 0 0 0 1025526503 797090587 41918115 270156479 278370172 50052381 925304961 1009266408 3383 1025526503 797090587 41918115 270156479 278370172 50052381 925304961 1009266408 3383 0 0 0 0 0 0 0 0 0 21460643 1004856241 222621388 499149566 782974362 856643395 244479819 485181459 7639 21460643 1004856241 222621388 499149566 782974362 856643395 244479819 485181459 7639 0 0 0 0 0 0 0 0 0 0 0 0 0 0 0 0 0 0 0 0 0 0 0 0 0 0 0 0 0 0 0 0 0 0 0 0 0 0 0 0 0 0 0 0 0 0 0 0 0 0 0 0 0 0 0 0 0 0 0 0 0 0 0 0 0 0 0 0 0 0 0 0 0 0 0 0 0 0 0 0 0 699019715 382708338 674883175 259278608 871903544 705422479 103604787 602158459 2533 0 0 0 0 0 0 0 0 0 716972162 398719846 104449436 374141162 370767511 727413054 143804694 559232747 2551 0 0 0 0 0 0 0 0 0 338854455 334971711 1032376797 225562536 608698032 48888735 214288425 772206278 41 0 0 0 0 0 0 0 0 0 0 0 0 0 0 0 0 0 0 0 378114621 639337032 291482546 205672672 981183762 706264351 966882515 106575832 6420 168564499 862351538 1065640849 273601782 971884233 644317707 222056911 655359692 6465 785849598 36108992 392741736 374596120 1064504229 428390074 617026642 770205559 105 0 0 0 0 0 0 0 0 0 1 0 0 0 0 0 0 0 0 0 0 0 0 0 0 0 0 0 0 0 0 0 0 0 0 0 0 1 0 0 0 0 0 0 0 0 0 0 0 0 0 0 0 0 0 0 0
0 0 0 0 0 0 0 0 0 1025526503 797090587 41918115 270156479 278370172 50052381 925304961 1009266408 3383 0 0 0 0 0 0 0 0 0 413888171 43889940 339126181 75372828 600001189 747535098 653436319 833444439 11010 1 0 0 0 0 0 0 0 0 413888171 43889940 339126181 75372828 600001189 747535098 653436319 833444439 11010 1025526503 797090587 41918115 270156479 278370172 50052381 925304961 1009266408 3383 462103492 320541176 297208065 878958173 321631016 697482717 801873182 897919854 7626 1046987146 728205004 264539504 769306045 1061344534 906695776 96042956 420706044 11023 1 0 0 0 0 0 0 0 0 1046987146 728205004 264539504 769306045 1061344534 906695776 96042956 420706044 11023 1025526503 797090587 41918115 270156479 278370172 50052381 925304961 1009266408 3383 21460643 1004856241 222621388 499149566 782974362 856643395 244479819 485181459 7639 483564135 251655593 519829454 304365915 30863555 480384289 1046353002 309359489 15266 0 0 0 0 0 0 0 0 0 0 0 0 0 0 0 0 0 0 0 0 0 0 0 0 0 0 0 0 0 0 0 0 0 0 0 0 0 0 0 0 0 0 0 0 0 0 0 0 0 0 0 0 0 0 0 0 0 0 0 0 0 0 0 1025526503 797090587 41918115 270156479 278370172 50052381 925304961 1009266408 3383 1025526503 797090587 41918115 270156479 278370172 50052381 925304961 1009266408 3383 0 0 0 0 0 0 0 0 0 0 0 0 0 0 0 0 0 0 158017276 525699821 662329407 848810416 565781319 265758557 194132227 886994093 6796 158017276 525699821 662329407 848810416 565781319 265758557 194132227 886994093 6796 0 0 0 0 0 0 0 0 0 312448044 486978463 1047186371 227819940 621645270 123228470 983971156 727522547 3228 312448044 486978463 1047186371 227819940 621645270 123228470 983971156 727522547 3228 0 0 0 0 0 0 0 0 0 491709249 140762812 294233929 37668980 120995354 223986044 852729352 80274638 11699 491709249 140762812 294233929 37668980 120995354 223986044 852729352 80274638 11699 0 0 0 0 0 0 0 0 0 0 0 0 0 0 0 0 0 0 0 0 0 0 0 0 0 0 0 0 0 0 0 0 0 0 0 0 0 0 0 0 0 0 0 0 0 0 0 0 0 0 0 0 0 0 0 0 0 0 0 0 0 0 0 0 0 0 0 0 0 0 0 0 0 0 0 0 0 0 0 0 0 905496288 1068104683 370629124 9368359 638787505 1058128540 208248022 259254419 1575 0 0 0 0 0 0 0 0 0 319473733 662930090 1023152746 1013429654 825165560 645837443 1067846053 984193612 698 0 0 0 0 0 0 0 0 0 500713428 340775273 536016221 858783332 547703742 64157764 947364897 909532623 1577 0 0 0 0 0 0 0 0 0 0 0 0 0 0 0 0 0 0 0 462103492 320541176 297208065 878958173 321631016 697482717 801873182 897919854 7626 1025526503 797090587 41918115 270156479 278370172 50052381 925304961 1009266408 3383 21460643 1004856241 222621388 499149566 782974362 856643395 244479819 485181459 7639 0 0 0 0 0 0 0 0 0 1 0 0 0 0 0 0 0 0 0 0 0 0 0 0 0 0 0 0 0 0 0 0 0 0 0 0 1 0 0 0 0 0 0 0 0 0 0 0 0 0 0 0 0 0 0 0
0 0 0 0 0 0 0 0 0 312448044 486978463 1047186371 227819940 621645270 123228470 983971156 727522547 3228 0 0 0 0 0 0 0 0 0 470465320 1012678284 635773954 2888533 113684766 388987028 104361559 540774817 10025 1 0 0 0 0 0 0 0 0 470465320 1012678284 635773954 2888533 113684766 388987028 104361559 540774817 10025 312448044 486978463 1047186371 227819940 621645270 123228470 983971156 727522547 3228 158017276 525699821 662329407 848810416 565781319 265758557 194132227 886994093 6796 804157293 627741275 267678476 265488921 742640624 347214514 762958684 807797186 14927 1 0 0 0 0 0 0 0 0 804157293 627741275 267678476 265488921 742640624 347214514 762958684 807797186 14927 312448044 486978463 1047186371 227819940 621645270 123228470 983971156 727522547 3228 491709249 140762812 294233929 37668980 120995354 223986044 852729352 80274638 11699 649726524 50636277 607415759 590371618 686776639 489744601 1046861579 967268731 2111 0 0 0 0 0 0 0 0 0 0 0 0 0 0 0 0 0 0 0 0 0 0 0 0 0 0 0 0 0 0 0 0 0 0 0 0 0 0 0 0 0 0 0 0 0 0 0 0 0 0 0 0 0 0 0 0 0 0 0 0 0 0 0 312448044 486978463 1047186371 227819940 621645270 123228470 983971156 727522547 3228 312448044 486978463 1047186371 227819940 621645270 123228470 983971156 727522547 3228 0 0 0 0 0 0 0 0 0 0 0 0 0 0 0 0 0 0 620011140 430582659 33308858 2468610 273375172 835135804 527181976 975593268 2720 620011140 430582659 33308858 2468610 273375172 835135804 527181976 975593268 2720 0 0 0 0 0 0 0 0 0 682666459 167835443 183310974 525268909 165751832 148415555 575534003 805219099 8793 682666459 167835443 183310974 525268909 165751832 148415555 575534003 805219099 8793 0 0 0 0 0 0 0 0 0 853047652 706150645 14996635 672173372 255417292 925602821 686758736 671293863 575 853047652 706150645 14996635 672173372 255417292 925602821 686758736 671293863 575 0 0 0 0 0 0 0 0 0 0 0 0 0 0 0 0 0 0 0 0 0 0 0 0 0 0 0 0 0 0 0 0 0 0 0 0 0 0 0 0 0 0 0 0 0 0 0 0 0 0 0 0 0 0 0 0 0 0 0 0 0 0 0 0 0 0 0 0 0 0 0 0 0 0 0 0 0 0 0 0 0 444843212 470089542 994050436 168067394 342090696 15998317 880552085 431477464 1339 0 0 0 0 0 0 0 0 0 733625781 1035054702 517921192 1042601198 849438922 800167098 228864891 270976591 636 0 0 0 0 0 0 0 0 0 695675336 995236570 925947076 4119617 161498549 387728275 774309200 486285908 2305 0 0 0 0 0 0 0 0 1 0 0 0 0 0 0 0 0 0 0 158017276 525699821 662329407 848810416 565781319 265758557 194132227 886994093 6796 312448044 486978463 1047186371 227819940 621645270 123228470 983971156 727522547 3228 491709249 140762812 294233929 37668980 120995354 223986044 852729352 80274638 11699 0 0 0 0 0 0 0 0 0 1 0 0 0 0 0 0 0 0 0 0 0 0 0 0 0 0 0 0 0 0 0 0 0 0 0 0 1 0 0 0 0 0 0 0 0 0 0 0 0 0 0 0 0 0 0 0
0 0 0 0 0 0 0 0 0 682666459 167835443 183310974 525268909 165751832 148415555 575534003 805219099 8793 0 0 0 0 0 0 0 0 0 228935775 598418103 216619832 527737519 439127004 983551359 28974155 707070544 11514 1 0 0 0 0 0 0 0 0 228935775 598418103 216619832 527737519 439127004 983551359 28974155 707070544 11514 682666459 167835443 183310974 525268909 165751832 148415555 575534003 805219099 8793 620011140 430582659 33308858 2468610 273375172 835135804 527181976 975593268 2720 461972287 873986089 198307609 123700457 421169125 276552 188550916 402771139 9369 1 0 0 0 0 0 0 0 0 461972287 873986089 198307609 123700457 421169125 276552 188550916 402771139 9369 682666459 167835443 183310974 525268909 165751832 148415555 575534003 805219099 8793 853047652 706150645 14996635 672173372 255417292 925602821 686758736 671293863 575 399316968 62991481 48305494 674641982 528792464 686996801 140198889 573145308 3296 0 0 0 0 0 0 0 0 0 0 0 0 0 0 0 0 0 0 0 0 0 0 0 0 0 0 0 0 0 0 0 0 0 0 0 0 0 0 0 0 0 0 0 0 0 0 0 0 0 0 0 0 0 0 0 0 0 0 0 0 0 0 0 682666459 167835443 183310974 525268909 165751832 148415555 575534003 805219099 8793 682666459 167835443 183310974 525268909 165751832 148415555 575534003 805219099 8793 0 0 0 0 0 0 0 0 0 0 0 0 0 0 0 0 0 0 759654197 549016950 759990440 613278680 1063634875 215208756 299464778 360135337 4544 759654197 549016950 759990440 613278680 1063634875 215208756 299464778 360135337 4544 0 0 0 0 0 0 0 0 0 66192082 717532810 891515600 1039958670 908824112 105109839 821044190 32704762 15316 66192082 717532810 891515600 1039958670 908824112 105109839 821044190 32704762 15316 0 0 0 0 0 0 0 0 0 577048818 985919678 782973279 810627411 419720505 316767313 72552275 1023738179 8950 577048818 985919678 782973279 810627411 419720505 316767313 72552275 1023738179 8950 0 0 0 0 0 0 0 0 0 0 0 0 0 0 0 0 0 0 0 0 0 0 0 0 0 0 0 0 0 0 0 0 0 0 0 0 0 0 0 0 0 0 0 0 0 0 0 0 0 0 0 0 0 0 0 0 0 0 0 0 0 0 0 0 0 0 0 0 0 0 0 0 0 0 0 0 0 0 0 0 0 123819959 786506517 96586397 626072200 290153943 715222956 674171084 416134598 1460 0 0 0 0 0 0 0 0 0 702602887 985204933 1059642005 1035747784 553300308 485035145 172532046 913678865 4719 0 0 0 0 0 0 0 0 0 430820250 754808986 1025694657 937969980 966861417 366654926 234777078 1024457291 308 0 0 0 0 0 0 0 0 0 0 0 0 0 0 0 0 0 0 0 620011140 430582659 33308858 2468610 273375172 835135804 527181976 975593268 2720 682666459 167835443 183310974 525268909 165751832 148415555 575534003 805219099 8793 853047652 706150645 14996635 672173372 255417292 925602821 686758736 671293863 575 0 0 0 0 0 0 0 0 0 1 0 0 0 0 0 0 0 0 0 0 0 0 0 0 0 0 0 0 0 0 0 0 0 0 0 0 1 0 0 0 0 0 0 0 0 0 0 0 0 0 0 0 0 0 0 0
0 0 0 0 0 0 0 0 0 66192082 717532810 891515600 1039958670 908824112 105109839 821044190 32704762 15316 0 0 0 0 0 0 0 0 0 825846278 650723404 228616639 283387749 898717130 320318596 46767144 392840100 3476 1 0 0 0 0 0 0 0 0 825846278 650723404 228616639 283387749 898717130 320318596 46767144 392840100 3476 66192082 717532810 891515600 1039958670 908824112 105109839 821044190 32704762 15316 759654197 549016950 759990440 613278680 1063634875 215208756 299464778 360135337 4544 643240899 13884308 251599479 480736480 254802760 421877153 893596465 1056442941 7882 1 0 0 0 0 0 0 0 0 643240899 13884308 251599479 480736480 254802760 421877153 893596465 1056442941 7882 66192082 717532810 891515600 1039958670 908824112 105109839 821044190 32704762 15316 577048818 985919678 782973279 810627411 419720505 316767313 72552275 1023738179 8950 262961191 461194805 469221896 350164268 409613557 531976070 372017053 310131692 13495 0 0 0 0 0 0 0 0 0 0 0 0 0 0 0 0 0 0 0 0 0 0 0 0 0 0 0 0 0 0 0 0 0 0 0 0 0 0 0 0 0 0 0 0 0 0 0 0 0 0 0 0 0 0 0 0 0 0 0 0 0 0 0 66192082 717532810 891515600 1039958670 908824112 105109839 821044190 32704762 15316 66192082 717532810 891515600 1039958670 908824112 105109839 821044190 32704762 15316 0 0 0 0 0 0 0 0 0 0 0 0 0 0 0 0 0 0 482812859 496132740 20349107 192316140 738778476 307393647 642981030 660361531 11549 482812859 496132740 20349107 192316140 738778476 307393647 642981030 660361531 11549 0 0 0 0 0 0 0 0 0 1063536460 796409509 231290580 751398759 1026458051 121911599 360587618 651181938 10321 1063536460 796409509 231290580 751398759 1026458051 121911599 360587618 651181938 10321 0 0 0 0 0 0 0 0 0 519275348 348993721 564349300 1008599276 653828278 814989122 244333524 352799631 15767 519275348 348993721 564349300 1008599276 653828278 814989122 244333524 352799631 15767 0 0 0 0 0 0 0 0 0 0 0 0 0 0 0 0 0 0 0 0 0 0 0 0 0 0 0 0 0 0 0 0 0 0 0 0 0 0 0 0 0 0 0 0 0 0 0 0 0 0 0 0 0 0 0 0 0 0 0 0 0 0 0 0 0 0 0 0 0 0 0 0 0 0 0 0 0 0 0 0 0 95678399 37736033 360272464 331980392 834349107 331744028 458659784 127627041 4248 0 0 0 0 0 0 0 0 0 28028152 390070475 52640807 964004385 374867847 167042112 683606190 724894438 14317 0 0 0 0 0 0 0 0 0 1020938032 90082381 333630944 776330220 432839565 464573439 991174814 533946396 8367 1 0 0 1 1 0 0 1 0 0 0 0 0 0 0 0 0 0 0 759654197 549016950 759990440 613278680 1063634875 215208756 299464778 360135337 4544 66192082 717532810 891515600 1039958670 908824112 105109839 821044190 32704762 15316 577048818 985919678 782973279 810627411 419720505 316767313 72552275 1023738179 8950 0 0 0 0 0 0 0 0 0 1 0 0 0 0 0 0 0 0 0 0 0 0 0 0 0 0 0 0 0 0 0 0 0 0 0 0 1 0 0 0 0 0 0 0 0 0 0 0 0 0 0 0 0 0 0 0
0 0 0 0 0 0 0 0 0 1063536460 796409509 231290580 751398759 1026458051 121911599 360587618 651181938 10321 0 0 0 0 0 0 0 0 0 472607494 676715894 976233934 647607120 691494669 429305247 1003568648 237801645 5487 1 0 0 0 0 0 0 0 0 472607494 676715894 976233934 647607120 691494669 429305247 1003568648 237801645 5487 1063536460 796409509 231290580 751398759 1026458051 121911599 360587618 651181938 10321 482812859 496132740 20349107 192316140 738778476 307393647 642981030 660361531 11549 509069983 529576875 446492303 390148433 606544472 936900722 604921142 1003981569 9704 1 0 0 0 0 0 0 0 0 509069983 529576875 446492303 390148433 606544472 936900722 604921142 1003981569 9704 1063536460 796409509 231290580 751398759 1026458051 121911599 360587618 651181938 10321 519275348 348993721 564349300 1008599276 653828278 814989122 244333524 352799631 15767 1002088206 229300105 235550830 904807638 318864896 48640946 887314555 1013161162 10932 0 0 0 0 0 0 0 0 0 0 0 0 0 0 0 0 0 0 0 0 0 0 0 0 0 0 0 0 0 0 0 0 0 0 0 0 0 0 0 0 0 0 0 0 0 0 0 0 0 0 0 0 0 0 0 0 0 0 0 0 0 0 0 1063536460 796409509 231290580 751398759 1026458051 121911599 360587618 651181938 10321 1063536460 796409509 231290580 751398759 1026458051 121911599 360587618 651181938 10321 0 0 0 0 0 0 0 0 0 0 0 0 0 0 0 0 0 0 184328329 568697276 616436438 699524000 358595129 265963038 446045818 783200083 506 184328329 568697276 616436438 699524000 358595129 265963038 446045818 783200083 506 0 0 0 0 0 0 0 0 0 368098341 823016544 115721024 290061378 442067625 679910093 552052502 110151261 12858 368098341 823016544 115721024 290061378 442067625 679910093 552052502 110151261 12858 0 0 0 0 0 0 0 0 0 864421042 265096974 846056977 516157453 773343951 908685458 803069968 749273191 12885 864421042 265096974 846056977 516157453 773343951 908685458 803069968 749273191 12885 0 0 0 0 0 0 0 0 0 0 0 0 0 0 0 0 0 0 0 0 0 0 0 0 0 0 0 0 0 0 0 0 0 0 0 0 0 0 0 0 0 0 0 0 0 0 0 0 0 0 0 0 0 0 0 0 0 0 0 0 0 0 0 0 0 0 0 0 0 0 0 0 0 0 0 0 0 0 0 0 0 890689531 193764321 117374212 368615825 826361632 782062899 807957942 39118352 7276 0 0 0 0 0 0 0 0 0 424313451 231821528 927703905 604407979 811320484 1040854108 304905514 445115543 6502 0 0 0 0 0 0 0 0 0 1057047614 108139175 380186197 842347168 152173279 838889837 902028555 123760454 9933 1 0 0 1 1 0 0 1 1 0 0 0 0 0 0 0 0 0 0 482812859 496132740 20349107 192316140 738778476 307393647 642981030 660361531 11549 1063536460 796409509 231290580 751398759 1026458051 121911599 360587618 651181938 10321 519275348 348993721 564349300 1008599276 653828278 814989122 244333524 352799631 15767 0 0 0 0 0 0 0 0 0 1 0 0 0 0 0 0 0 0 0 0 0 0 0 0 0 0 0 0 0 0 0 0 0 0 0 0 1 0 0 0 0 0 0 0 0 0 0 0 0 0 0 0 0 0 0 0
0 0 0 0 0 0 0 0 0 368098341 823016544 115721024 290061378 442067625 679910093 552052502 110151261 12858 0 0 0 0 0 0 0 0 0 552426670 317971996 732157463 989585378 800662754 945873131 998098320 893351344 13364 1 0 0 0 0 0 0 0 0 552426670 317971996 732157463 989585378 800662754 945873131 998098320 893351344 13364 368098341 823016544 115721024 290061378 442067625 679910093 552052502 110151261 12858 184328329 568697276 616436438 699524000 358595129 265963038 446045818 783200083 506 158777558 472287163 612630424 510111053 141669718 514853728 281380647 859424453 9359 1 0 0 0 0 0 0 0 0 158777558 472287163 612630424 510111053 141669718 514853728 281380647 859424453 9359 368098341 823016544 115721024 290061378 442067625 679910093 552052502 110151261 12858 864421042 265096974 846056977 516157453 773343951 908685458 803069968 749273191 12885 1048749371 833794250 388751591 141939630 58197257 100906673 175373963 458731451 13392 0 0 0 0 0 0 0 0 0 0 0 0 0 0 0 0 0 0 0 0 0 0 0 0 0 0 0 0 0 0 0 0 0 0 0 0 0 0 0 0 0 0 0 0 0 0 0 0 0 0 0 0 0 0 0 0 0 0 0 0 0 0 0 368098341 823016544 115721024 290061378 442067625 679910093 552052502 110151261 12858 368098341 823016544 115721024 290061378 442067625 679910093 552052502 110151261 12858 0 0 0 0 0 0 0 0 0 0 0 0 0 0 0 0 0 0 800279677 938253178 343664664 56307584 32041737 59873405 250154373 181583958 9996 800279677 938253178 343664664 56307584 32041737 59873405 250154373 181583958 9996 0 0 0 0 0 0 0 0 0 121583761 40602597 680778694 568702681 70809245 604552133 733953010 79083216 2473 121583761 40602597 680778694 568702681 70809245 604552133 733953010 79083216 2473 0 0 0 0 0 0 0 0 0 477727403 419922484 731882421 404404156 814399778 183355335 706516629 953516715 880 477727403 419922484 731882421 404404156 814399778 183355335 706516629 953516715 880 0 0 0 0 0 0 0 0 0 0 0 0 0 0 0 0 0 0 0 0 0 0 0 0 0 0 0 0 0 0 0 0 0 0 0 0 0 0 0 0 0 0 0 0 0 0 0 0 0 0 0 0 0 0 0 0 0 0 0 0 0 0 0 0 0 0 0 0 0 0 0 0 0 0 0 0 0 0 0 0 0 707035984 804657188 376158056 181119352 664062220 889864261 313293125 729465616 397 0 0 0 0 0 0 0 0 0 442967240 834287672 178157597 725850544 331595649 421144797 377105731 1064443659 10090 0 0 0 0 0 0 0 0 0 37214991 752664985 886109148 695393407 357749036 1058620803 442442851 695756557 10112 0 0 0 0 1 0 0 1 0 0 0 0 0 0 0 0 0 0 0 184328329 568697276 616436438 699524000 358595129 265963038 446045818 783200083 506 368098341 823016544 115721024 290061378 442067625 679910093 552052502 110151261 12858 864421042 265096974 846056977 516157453 773343951 908685458 803069968 749273191 12885 0 0 0 0 0 0 0 0 0 1 0 0 0 0 0 0 0 0 0 0 0 0 0 0 0 0 0 0 0 0 0 0 0 0 0 0 1 0 0 0 0 0 0 0 0 0 0 0 0 0 0 0 0 0 0 0
0 0 0 0 0 0 0 0 0 121583761 40602597 680778694 568702681 70809245 604552133 733953010 79083216 2473 0 0 0 0 0 0 0 0 0 921863438 978855775 1024443358 625010265 102850982 664425538 984107383 260667174 12469 1 0 0 0 0 0 0 0 0 921863438 978855775 1024443358 625010265 102850982 664425538 984107383 260667174 12469 121583761 40602597 680778694 568702681 70809245 604552133 733953010 79083216 2473 800279677 938253178 343664664 56307584 32041737 59873405 250154373 181583958 9996 599311164 460525081 338919291 973106838 885209023 787907468 366727815 1032599932 3353 1 0 0 0 0 0 0 0 0 599311164 460525081 338919291 973106838 885209023 787907468 366727815 1032599932 3353 121583761 40602597 680778694 568702681 70809245 604552133 733953010 79083216 2473 477727403 419922484 731882421 404404156 814399778 183355335 706516629 953516715 880 204265256 284433839 1805262 460711741 846441515 243228740 956671002 61358849 10877 0 0 0 0 0 0 0 0 0 0 0 0 0 0 0 0 0 0 0 0 0 0 0 0 0 0 0 0 0 0 0 0 0 0 0 0 0 0 0 0 0 0 0 0 0 0 0 0 0 0 0 0 0 0 0 0 0 0 0 0 0 0 0 121583761 40602597 680778694 568702681 70809245 604552133 733953010 79083216 2473 121583761 40602597 680778694 568702681 70809245 604552133 733953010 79083216 2473 0 0 0 0 0 0 0 0 0 0 0 0 0 0 0 0 0 0 596520193 943096907 818051732 751438420 1064090011 973940510 486127151 600124479 13998 596520193 943096907 818051732 751438420 1064090011 973940510 486127151 600124479 13998 0 0 0 0 0 0 0 0 0 770371343 800894916 514960184 382600361 1049937285 828898655 216562479 251761456 10303 770371343 800894916 514960184 382600361 1049937285 828898655 216562479 251761456 10303 0 0 0 0 0 0 0 0 0 908785356 658496656 721083807 826348334 552000552 174470721 877984208 512092825 9128 908785356 658496656 721083807 826348334 552000552 174470721 877984208 512092825 9128 0 0 0 0 0 0 0 0 0 0 0 0 0 0 0 0 0 0 0 0 0 0 0 0 0 0 0 0 0 0 0 0 0 0 0 0 0 0 0 0 0 0 0 0 0 0 0 0 0 0 0 0 0 0 0 0 0 0 0 0 0 0 0 0 0 0 0 0 0 0 0 0 0 0 0 0 0 0 0 0 0 394165708 187984437 940802955 498602380 43497490 437006622 800708643 929985641 1508 0 0 0 0 0 0 0 0 0 603116306 245951952 1014248622 645134093 295214289 242515997 743486921 318589379 373 0 0 0 0 0 0 0 0 0 236387343 642378568 423968057 242758193 144047801 1056702822 323390902 1036319549 132 0 0 0 0 0 0 0 0 0 0 0 0 0 0 0 0 0 0 0 800279677 938253178 343664664 56307584 32041737 59873405 250154373 181583958 9996 121583761 40602597 680778694 568702681 70809245 604552133 733953010 79083216 2473 477727403 419922484 731882421 404404156 814399778 183355335 706516629 953516715 880 0 0 0 0 0 0 0 0 0 1 0 0 0 0 0 0 0 0 0 0 0 0 0 0 0 0 0 0 0 0 0 0 0 0 0 0 1 0 0 0 0 0 0 0 0 0 0 0 0 0 0 0 0 0 0 0
0 0 0 0 0 0 0 0 0 770371343 800894916 514960184 382600361 1049937285 828898655 216562479 251761456 10303 0 0 0 0 0 0 0 0 0 293149711 54423644 983864340 837931003 1040285438 729097342 702689631 851885935 7917 1 0 0 0 0 0 0 0 0 293149711 54423644 983864340 837931003 1040285438 729097342 702689631 851885935 7917 770371343 800894916 514960184 382600361 1049937285 828898655 216562479 251761456 10303 596520193 943096907 818051732 751438420 1064090011 973940510 486127151 600124479 13998 605414874 843565217 886896414 912840917 528195979 1003369377 20804863 763854282 3047 1 0 0 0 0 0 0 0 0 605414874 843565217 886896414 912840917 528195979 1003369377 20804863 763854282 3047 770371343 800894916 514960184 382600361 1049937285 828898655 216562479 251761456 10303 908785356 658496656 721083807 826348334 552000552 174470721 877984208 512092825 9128 431563724 985767208 116246138 207937153 542348706 74669408 290369536 38475481 6743 0 0 0 0 0 0 0 0 0 0 0 0 0 0 0 0 0 0 0 0 0 0 0 0 0 0 0 0 0 0 0 0 0 0 0 0 0 0 0 0 0 0 0 0 0 0 0 0 0 0 0 0 0 0 0 0 0 0 0 0 0 0 0 770371343 800894916 514960184 382600361 1049937285 828898655 216562479 251761456 10303 770371343 800894916 514960184 382600361 1049937285 828898655 216562479 251761456 10303 0 0 0 0 0 0 0 0 0 0 0 0 0 0 0 0 0 0 794450817 245222128 741691851 584837057 163969380 545067577 222782011 1061921358 8370 794450817 245222128 741691851 584837057 163969380 545067577 222782011 1061921358 8370 0 0 0 0 0 0 0 0 0 313827881 961548697 344787467 472817110 642317637 192192275 277985384 204732147 9952 313827881 961548697 344787467 472817110 642317637 192192275 277985384 204732147 9952 0 0 0 0 0 0 0 0 0 842848398 383620608 696958254 758674231 809421614 153409129 497275586 192910602 11598 842848398 383620608 696958254 758674231 809421614 153409129 497275586 192910602 11598 0 0 0 0 0 0 0 0 0 0 0 0 0 0 0 0 0 0 0 0 0 0 0 0 0 0 0 0 0 0 0 0 0 0 0 0 0 0 0 0 0 0 0 0 0 0 0 0 0 0 0 0 0 0 0 0 0 0 0 0 0 0 0 0 0 0 0 0 0 0 0 0 0 0 0 0 0 0 0 0 0 837301902 802428072 180033545 491436566 595864279 1043184348 454572594 136491972 8803 0 0 0 0 0 0 0 0 0 435445944 56497299 371827132 286959716 118216082 346479770 1055164389 308318504 6479 0 0 0 0 0 0 0 0 0 153620838 663571930 456388592 424340390 919333578 674445540 377942217 568728500 5740 1 0 0 1 1 0 0 1 1 0 0 0 0 0 0 0 0 0 0 596520193 943096907 818051732 751438420 1064090011 973940510 486127151 600124479 13998 770371343 800894916 514960184 382600361 1049937285 828898655 216562479 251761456 10303 908785356 658496656 721083807 826348334 552000552 174470721 877984208 512092825 9128 0 0 0 0 0 0 0 0 0 1 0 0 0 0 0 0 0 0 0 0 0 0 0 0 0 0 0 0 0 0 0 0 0 0 0 0 1 0 0 0 0 0 0 0 0 0 0 0 0 0 0 0 0 0 0 0
0 0 0 0 0 0 0 0 0 313827881 961548697 344787467 472817110 642317637 192192275 277985384 204732147 9952 0 0 0 0 0 0 0 0 0 34536873 590944470 737331741 761546389 806286983 737259852 500767395 192911681 1939 1 0 0 0 0 0 0 0 0 34536873 590944470 737331741 761546389 806286983 737259852 500767395 192911681 1939 313827881 961548697 344787467 472817110 642317637 192192275 277985384 204732147 9952 794450817 245222128 741691851 584837057 163969380 545067577 222782011 1061921358 8370 82934454 729342950 692598144 935383563 377997393 345601405 775260970 397642749 5166 1 0 0 0 0 0 0 0 0 82934454 729342950 692598144 935383563 377997393 345601405 775260970 397642749 5166 313827881 961548697 344787467 472817110 642317637 192192275 277985384 204732147 9952 842848398 383620608 696958254 758674231 809421614 153409129 497275586 192910602 11598 563557390 13016381 15760704 1047403511 973390960 698476706 720057597 181090136 3585 0 0 0 0 0 0 0 0 0 0 0 0 0 0 0 0 0 0 0 0 0 0 0 0 0 0 0 0 0 0 0 0 0 0 0 0 0 0 0 0 0 0 0 0 0 0 0 0 0 0 0 0 0 0 0 0 0 0 0 0 0 0 0 313827881 961548697 344787467 472817110 642317637 192192275 277985384 204732147 9952 313827881 961548697 344787467 472817110 642317637 192192275 277985384 204732147 9952 0 0 0 0 0 0 0 0 0 0 0 0 0 0 0 0 0 0 818963591 47519116 398329453 988333998 709223763 57449377 813809181 245274347 4458 818963591 47519116 398329453 988333998 709223763 57449377 813809181 245274347 4458 0 0 0 0 0 0 0 0 0 530590779 547867086 84872794 154756185 156235228 759767034 297949393 123983634 10161 530590779 547867086 84872794 154756185 156235228 759767034 297949393 123983634 10161 0 0 0 0 0 0 0 0 0 590649092 1073695497 652385672 955788540 166300286 1017258387 671607077 885505721 9964 590649092 1073695497 652385672 955788540 166300286 1017258387 671607077 885505721 9964 0 0 0 0 0 0 0 0 0 0 0 0 0 0 0 0 0 0 0 0 0 0 0 0 0 0 0 0 0 0 0 0 0 0 0 0 0 0 0 0 0 0 0 0 0 0 0 0 0 0 0 0 0 0 0 0 0 0 0 0 0 0 0 0 0 0 0 0 0 0 0 0 0 0 0 0 0 0 0 0 0 994305314 615094764 327068123 1058342436 731002399 1013588526 279779972 879660381 5084 0 0 0 0 0 0 0 0 0 348110422 144555972 503674772 514292697 656200475 467059154 137202804 315828816 6045 0 0 0 0 0 0 0 0 0 694940602 585199711 60792428 716371088 382778372 729299276 964722058 132083908 7045 1 0 0 1 1 0 0 1 1 0 0 0 0 0 0 0 0 0 0 794450817 245222128 741691851 584837057 163969380 545067577 222782011 1061921358 8370 313827881 961548697 344787467 472817110 642317637 192192275 277985384 204732147 9952 842848398 383620608 696958254 758674231 809421614 153409129 497275586 192910602 11598 0 0 0 0 0 0 0 0 0 1 0 0 0 0 0 0 0 0 0 0 0 0 0 0 0 0 0 0 0 0 0 0 0 0 0 0 1 0 0 0 0 0 0 0 0 0 0 0 0 0 0 0 0 0 0 0
0 0 0 0 0 0 0 0 0 530590779 547867086 84872794 154756185 156235228 759767034 297949393 123983634 10161 0 0 0 0 0 0 0 0 0 275812546 595386203 483202247 69348359 865458992 817216411 38016750 369257982 14619 1 0 0 0 0 0 0 0 0 275812546 595386203 483202247 69348359 865458992 817216411 38016750 369257982 14619 530590779 547867086 84872794 154756185 156235228 759767034 297949393 123983634 10161 818963591 47519116 398329453 988333998 709223763 57449377 813809181 245274347 4458 47498046 1005736228 388110889 814436947 322535480 703283597 969556471 1009489355 3741 1 0 0 0 0 0 0 0 0 47498046 1005736228 388110889 814436947 322535480 703283597 969556471 1009489355 3741 530590779 547867086 84872794 154756185 156235228 759767034 297949393 123983634 10161 590649092 1073695497 652385672 955788540 166300286 1017258387 671607077 885505721 9964 335870859 47472790 1050715126 870380714 875524050 965940 411674435 57038245 14423 0 0 0 0 0 0 0 0 0 0 0 0 0 0 0 0 0 0 0 0 0 0 0 0 0 0 0 0 0 0 0 0 0 0 0 0 0 0 0 0 0 0 0 0 0 0 0 0 0 0 0 0 0 0 0 0 0 0 0 0 0 0 0 530590779 547867086 84872794 154756185 156235228 759767034 297949393 123983634 10161 530590779 547867086 84872794 154756185 156235228 759767034 297949393 123983634 10161 0 0 0 0 0 0 0 0 0 0 0 0 0 0 0 0 0 0 514518718 513144442 573614178 988366520 914257764 97720153 1031268259 68058109 12311 514518718 513144442 573614178 988366520 914257764 97720153 1031268259 68058109 12311 0 0 0 0 0 0 0 0 0 430320581 527180467 595928919 1055045309 496796773 845468573 1056675948 624354558 12629 430320581 527180467 595928919 1055045309 496796773 845468573 1056675948 624354558 12629 0 0 0 0 0 0 0 0 0 9075729 80476864 59526780 787986201 999009994 772343635 80471089 883584733 14273 9075729 80476864 59526780 787986201 999009994 772343635 80471089 883584733 14273 0 0 0 0 0 0 0 0 0 0 0 0 0 0 0 0 0 0 0 0 0 0 0 0 0 0 0 0 0 0 0 0 0 0 0 0 0 0 0 0 0 0 0 0 0 0 0 0 0 0 0 0 0 0 0 0 0 0 0 0 0 0 0 0 0 0 0 0 0 0 0 0 0 0 0 0 0 0 0 0 0 537096287 112832520 149997534 191727773 1047204850 774367071 785214947 996006862 2764 0 0 0 0 0 0 0 0 0 29239764 63473895 565976619 896740222 295026363 545135011 733432335 831230405 6301 0 0 0 0 0 0 0 0 0 84476379 196737923 747454186 1056448430 1049415412 722309454 274126201 40259809 6180 0 0 0 0 1 0 0 1 0 0 0 0 0 0 0 0 0 0 0 818963591 47519116 398329453 988333998 709223763 57449377 813809181 245274347 4458 530590779 547867086 84872794 154756185 156235228 759767034 297949393 123983634 10161 590649092 1073695497 652385672 955788540 166300286 1017258387 671607077 885505721 9964 0 0 0 0 0 0 0 0 0 1 0 0 0 0 0 0 0 0 0 0 0 0 0 0 0 0 0 0 0 0 0 0 0 0 0 0 1 0 0 0 0 0 0 0 0 0 0 0 0 0 0 0 0 0 0 0
0 0 0 0 0 0 0 0 0 430320581 527180467 595928919 1055045309 496796773 845468573 1056675948 624354558 12629 0 0 0 0 0 0 0 0 0 944839298 424498553 820395520 673562227 337312680 943188727 1014202383 692412668 8556 1 0 0 0 0 0 0 0 0 944839298 424498553 820395520 673562227 337312680 943188727 1014202383 692412668 8556 430320581 527180467 595928919 1055045309 496796773 845468573 1056675948 624354558 12629 514518718 513144442 573614178 988366520 914257764 97720153 1031268259 68058109 12311 439396309 1065572799 306308121 473181908 422064910 544070385 63405214 434197468 10519 1 0 0 0 0 0 0 0 0 439396309 1065572799 306308121 473181908 422064910 544070385 63405214 434197468 10519 430320581 527180467 595928919 1055045309 496796773 845468573 1056675948 624354558 12629 9075729 80476864 59526780 787986201 999009994 772343635 80471089 883584733 14273 523594446 1051536774 283993380 406503119 839525901 870063789 37997524 951642843 10200 0 0 0 0 0 0 0 0 0 0 0 0 0 0 0 0 0 0 0 0 0 0 0 0 0 0 0 0 0 0 0 0 0 0 0 0 0 0 0 0 0 0 0 0 0 0 0 0 0 0 0 0 0 0 0 0 0 0 0 0 0 0 0 430320581 527180467 595928919 1055045309 496796773 845468573 1056675948 624354558 12629 430320581 527180467 595928919 1055045309 496796773 845468573 1056675948 624354558 12629 0 0 0 0 0 0 0 0 0 0 0 0 0 0 0 0 0 0 528000757 972862507 965215027 317993488 56355290 7841823 833270434 530204416 2521 528000757 972862507 965215027 317993488 56355290 7841823 833270434 530204416 2521 0 0 0 0 0 0 0 0 0 972335575 963557171 807875969 39280283 796925612 524206503 204437109 795407311 12390 972335575 963557171 807875969 39280283 796925612 524206503 204437109 795407311 12390 0 0 0 0 0 0 0 0 0 233432237 776215304 597586859 109565853 928935713 374848791 127910574 587780968 16345 233432237 776215304 597586859 109565853 928935713 374848791 127910574 587780968 16345 0 0 0 0 0 0 0 0 0 0 0 0 0 0 0 0 0 0 0 0 0 0 0 0 0 0 0 0 0 0 0 0 0 0 0 0 0 0 0 0 0 0 0 0 0 0 0 0 0 0 0 0 0 0 0 0 0 0 0 0 0 0 0 0 0 0 0 0 0 0 0 0 0 0 0 0 0 0 0 0 0 224328513 448387443 1072770760 34891434 231134471 382633786 66255086 1035603732 9489 0 0 0 0 0 0 0 0 0 184753090 240519559 317386098 900121627 894980 1022411648 362873508 530071301 9735 0 0 0 0 0 0 0 0 0 998535016 451547009 398151210 755286480 456541279 129473652 12973954 1025069073 11002 1 0 0 1 1 0 0 1 1 0 0 0 0 0 0 0 0 0 0 514518718 513144442 573614178 988366520 914257764 97720153 1031268259 68058109 12311 430320581 527180467 595928919 1055045309 496796773 845468573 1056675948 624354558 12629 9075729 80476864 59526780 787986201 999009994 772343635 80471089 883584733 14273 0 0 0 0 0 0 0 0 0 1 0 0 0 0 0 0 0 0 0 0 0 0 0 0 0 0 0 0 0 0 0 0 0 0 0 0 1 0 0 0 0 0 0 0 0 0 0 0 0 0 0 0 0 0 0 0
0 0 0 0 0 0 0 0 0 972335575 963557171 807875969 39280283 796925612 524206503 204437109 795407311 12390 0 0 0 0 0 0 0 0 0 426594508 862677855 699349173 357273772 853280902 532048326 1037707543 251869903 14912 1 0 0 0 0 0 0 0 0 426594508 862677855 699349173 357273772 853280902 532048326 1037707543 251869903 14912 972335575 963557171 807875969 39280283 796925612 524206503 204437109 795407311 12390 528000757 972862507 965215027 317993488 56355290 7841823 833270434 530204416 2521 132025987 50204296 1056315252 926480182 652119466 899055295 332347683 309446455 12352 1 0 0 0 0 0 0 0 0 132025987 50204296 1056315252 926480182 652119466 899055295 332347683 309446455 12352 972335575 963557171 807875969 39280283 796925612 524206503 204437109 795407311 12390 233432237 776215304 597586859 109565853 928935713 374848791 127910574 587780968 16345 761432993 59509631 139912486 131451564 985290969 382690614 961181008 44243560 2483 0 0 0 0 0 0 0 0 0 0 0 0 0 0 0 0 0 0 0 0 0 0 0 0 0 0 0 0 0 0 0 0 0 0 0 0 0 0 0 0 0 0 0 0 0 0 0 0 0 0 0 0 0 0 0 0 0 0 0 0 0 0 0 972335575 963557171 807875969 39280283 796925612 524206503 204437109 795407311 12390 972335575 963557171 807875969 39280283 796925612 524206503 204437109 795407311 12390 0 0 0 0 0 0 0 0 0 0 0 0 0 0 0 0 0 0 933802928 508599943 1020746258 65213811 1025255326 1037679376 700126845 1029622157 15991 933802928 508599943 1020746258 65213811 1025255326 1037679376 700126845 1029622157 15991 0 0 0 0 0 0 0 0 0 275824101 364780728 114958499 655775884 847285867 653641265 321728918 28306251 13279 275824101 364780728 114958499 655775884 847285867 653641265 321728918 28306251 13279 0 0 0 0 0 0 0 0 0 602473736 24195216 640120967 846788673 22194560 1015302841 967768795 609687137 12012 602473736 24195216 640120967 846788673 22194560 1015302841 967768795 609687137 12012 0 0 0 0 0 0 0 0 0 0 0 0 0 0 0 0 0 0 0 0 0 0 0 0 0 0 0 0 0 0 0 0 0 0 0 0 0 0 0 0 0 0 0 0 0 0 0 0 0 0 0 0 0 0 0 0 0 0 0 0 0 0 0 0 0 0 0 0 0 0 0 0 0 0 0 0 0 0 0 0 0 191316243 108528699 615522976 592292302 934314619 734200902 35795818 1000862442 1906 0 0 0 0 0 0 0 0 0 538236076 238672345 693202782 760047878 1043524032 49516485 227957435 811145403 9370 0 0 0 0 0 0 0 0 0 761281859 835217616 555087693 958829764 849954180 893461102 400682922 708897865 12361 0 0 0 0 1 0 0 1 1 0 0 0 0 0 0 0 0 0 0 528000757 972862507 965215027 317993488 56355290 7841823 833270434 530204416 2521 972335575 963557171 807875969 39280283 796925612 524206503 204437109 795407311 12390 233432237 776215304 597586859 109565853 928935713 374848791 127910574 587780968 16345 0 0 0 0 0 0 0 0 0 1 0 0 0 0 0 0 0 0 0 0 0 0 0 0 0 0 0 0 0 0 0 0 0 0 0 0 1 0 0 0 0 0 0 0 0 0 0 0 0 0 0 0 0 0 0 0
